Doc checklist: C:\Users\Admin\Desktop\New folder\SICK_Web_Products_Statistics.xlsx
Tim thay 643 dong san pham.

Dang xac dinh family code cho tung dong san pham...
  1.1.1 WTT12-S                             -> g577387 (FROM_CHECKLIST)
  1.1.2 DT35-S                              -> g575302 (FROM_CHECKLIST)
  1.2.1 Flexi Net                           -> g625049 (FROM_CHECKLIST)
  1.2.2 Flexi Soft                          -> g186176 (FROM_CHECKLIST)
  1.2.3 Flexi Compact                       -> g547438 (FROM_CHECKLIST)
  1.2.4 Flexi Classic                       -> g186175 (FROM_CHECKLIST)
  1.2.5 Flexi IO                            -> g625027 (FROM_CHECKLIST)
  1.2.6 Flexi Mobile                        -> g568586 (FROM_CHECKLIST)
  1.2.7 Flexi Gateway                       -> g625028 (FROM_CHECKLIST)
  1.2.8 Safety Designer                     -> g575306 (FROM_CHECKLIST)
  1.2.9 Flexi Soft Designer                 -> g575305 (FROM_CHECKLIST)
  1.3.1 flexLock                            -> g547596 (FROM_CHECKLIST)
  1.3.2 safeIDS                             -> g568545 (FROM_CHECKLIST)
  1.3.3 i10 Lock                            -> g211151 (FROM_CHECKLIST)
  1.3.4 TR110 Lock                          -> g461653 (FROM_CHECKLIST)
  1.3.5 RE1                                 -> g274652 (FROM_CHECKLIST)
  1.3.6 RE2                                 -> g274654 (FROM_CHECKLIST)
  1.3.7 IME2S                               -> g478953 (FROM_CHECKLIST)
  1.3.8 TR10 Lock                           -> g381551 (FROM_CHECKLIST)
  1.3.9 i110R                               -> g195507 (FROM_CHECKLIST)
  1.3.10 i110 Lock                           -> g195501 (FROM_CHECKLIST)
  1.3.11 STR1                                -> g353451 (FROM_CHECKLIST)
  1.3.12 i110P                               -> g195506 (FROM_CHECKLIST)
  1.3.13 TR4 Direct                          -> g226865 (FROM_CHECKLIST)
  1.3.14 i150RP                              -> g195530 (FROM_CHECKLIST)
  1.3.15 i14 Lock                            -> g195499 (FROM_CHECKLIST)
  1.3.16 i17S                                -> g195493 (FROM_CHECKLIST)
  1.3.17 i10R                                -> g195505 (FROM_CHECKLIST)
  1.3.18 ES21                                -> g195527 (FROM_CHECKLIST)
  1.3.19 i15 Lock                            -> g195500 (FROM_CHECKLIST)
  1.3.20 i10P                                -> g195504 (FROM_CHECKLIST)
  1.3.21 i12S                                -> g195491 (FROM_CHECKLIST)
  1.3.22 IN4000 Standard                     -> g195523 (FROM_CHECKLIST)
  1.3.23 i200 Lock                           -> g195502 (FROM_CHECKLIST)
  1.3.24 i110RP                              -> g195529 (FROM_CHECKLIST)
  1.3.25 i10H                                -> g195509 (FROM_CHECKLIST)
  1.3.26 IQB2S                               -> g478954 (FROM_CHECKLIST)
  1.3.27 E100                                -> g195532 (FROM_CHECKLIST)
  1.3.28 IN4000 Direct                       -> g195524 (FROM_CHECKLIST)
  1.3.29 ER12                                -> g291253 (FROM_CHECKLIST)
  1.3.30 MLP1                                -> g419454 (FROM_CHECKLIST)
  1.3.31 i16S                                -> g195492 (FROM_CHECKLIST)
  1.3.32 ES11                                -> g289858 (FROM_CHECKLIST)
  1.3.33 i110S                               -> g195495 (FROM_CHECKLIST)
  1.4.1 multiScan100-S                      -> g585228 (FROM_CHECKLIST)
  1.4.2 nanoScan3                           -> g507056 (FROM_CHECKLIST)
  1.4.3 microScan3                          -> g295657 (FROM_CHECKLIST)
  1.4.4 TiM-S                               -> g502253 (FROM_CHECKLIST)
  1.4.5 outdoorScan3                        -> g503552 (FROM_CHECKLIST)
  1.4.6 S300                                -> g187227 (FROM_CHECKLIST)
  1.4.7 S300 Mini                           -> g187243 (FROM_CHECKLIST)
  1.5.1 safeRS3                             -> g546518 (FROM_CHECKLIST)
  1.6.1 Flexi Loop                          -> g298952 (FROM_CHECKLIST)
  1.7.1 ReLy                                -> g441754 (FROM_CHECKLIST)
  1.8.1 scanGrid2                           -> g555619 (FROM_CHECKLIST)
  1.9.1 TTK70-S                             -> g605863 (FROM_CHECKLIST)
  1.9.2 STL70-S                             -> g605861 (FROM_CHECKLIST)
  1.9.3 TTK50-S                             -> g605862 (FROM_CHECKLIST)
  1.9.4 EKS/EKM36-S                         -> g605856 (FROM_CHECKLIST)
  1.9.5 EDS/EDM35-S                         -> g605854 (FROM_CHECKLIST)
  1.9.6 SFS/SFM60-S                         -> g605857 (FROM_CHECKLIST)
  1.9.7 EES/EEM37-S                         -> g605855 (FROM_CHECKLIST)
  1.9.8 SKS/SKM36-S                         -> g605858 (FROM_CHECKLIST)
  1.9.9 SRS/SRM50-S                         -> g605859 (FROM_CHECKLIST)
  1.10.1 Standstill Monitor                  -> g254556 (FROM_CHECKLIST)
  1.10.2 Speed Monitor                       -> g202352 (FROM_CHECKLIST)
  1.10.3 Flexi Soft Drive Monitor            -> g555813 (FROM_CHECKLIST)
  1.11.1 AFS/AFM60S Pro                      -> g430251 (FROM_CHECKLIST)
  1.11.2 DFS60S Pro                          -> g309664 (FROM_CHECKLIST)
  1.12.1 deTem                               -> g422854 (FROM_CHECKLIST)
  1.12.2 L29                                 -> g328456 (FROM_CHECKLIST)
  1.12.3 L41                                 -> g192071 (FROM_CHECKLIST)
  1.12.4 L25                                 -> g547447 (FROM_CHECKLIST)
  1.12.5 L4000 Systems                       -> g192070 (FROM_CHECKLIST)
  1.12.6 L21                                 -> g192067 (FROM_CHECKLIST)
  1.12.7 L26                                 -> g547448 (FROM_CHECKLIST)
  1.12.8 WSU/WEU26-3                         -> g192072 (FROM_CHECKLIST)
  1.12.9 M4000 Standard A/P                  -> g311876 (FROM_CHECKLIST)
  1.12.10 M4000 Advanced A/P                  -> g305783 (FROM_CHECKLIST)
  1.12.11 M4000 Standard                      -> g244218 (FROM_CHECKLIST)
  1.12.12 M4000 Advanced                      -> g244219 (FROM_CHECKLIST)
  1.12.13 Upgrade kit MSL to M4000            -> g409651 (FROM_CHECKLIST)
  1.12.14 M2000 Standard A/P                  -> g187284 (FROM_CHECKLIST)
  1.12.15 M2000 Standard                      -> g187280 (FROM_CHECKLIST)
  1.12.16 M2000 RES/EDM A/P                   -> g187285 (FROM_CHECKLIST)
  1.12.17 M2000 RES/EDM                       -> g187282 (FROM_CHECKLIST)
  1.12.18 M2000 Cascadable                    -> g187283 (FROM_CHECKLIST)
  1.13.1 deTec                               -> g461751 (FROM_CHECKLIST)
  1.13.2 C4-RD                               -> g555517 (FROM_CHECKLIST)
  1.13.3 C4000 Advanced                      -> g187251 (FROM_CHECKLIST)
  1.13.4 miniTwin                            -> g187244 (FROM_CHECKLIST)
  1.13.5 C4000 Palletizer                    -> g187263 (FROM_CHECKLIST)
  1.13.6 C4000 Fusion                        -> g187259 (FROM_CHECKLIST)
  1.13.7 C4000 Advanced Ex                   -> g304853 (FROM_CHECKLIST)
  1.13.8 TWINOX4                             -> g500951 (FROM_CHECKLIST)
  1.13.9 C4000 Entry/Exit                    -> g187260 (FROM_CHECKLIST)
  1.13.10 C4000 Fusion ATEX II 3G/3D          -> g339952 (FROM_CHECKLIST)
  1.13.11 C4000 Entry/Exit ATEX II 3G/3D      -> g339951 (FROM_CHECKLIST)
  1.13.12 C4000 Advanced ATEX II 3G/3D        -> g304854 (FROM_CHECKLIST)
  1.13.13 C4000 Fusion Ex                     -> g543465 (FROM_CHECKLIST)
  1.13.14 C4000 Palletizer ATEX II 3G/3D      -> g552041 (FROM_CHECKLIST)
  1.13.15 Upgrade kit FGS to deTec4 Core      -> g355653 (FROM_CHECKLIST)
  1.13.16 M4000 Area                          -> g187279 (FROM_CHECKLIST)
  1.13.17 M4000 Advanced Curtain              -> g187265 (FROM_CHECKLIST)
  1.14.1 safeVisionary2                      -> g568562 (FROM_CHECKLIST)
  1.15.1 Safe Portal                         -> g555574 (FROM_CHECKLIST)
  1.15.2 Safe Entry Exit                     -> g430656 (FROM_CHECKLIST)
  1.15.3 End-of-Arm-Safeguard                -> g585667 (FROM_CHECKLIST)
  1.15.4 Safe AGV Easy                       -> g412755 (FROM_CHECKLIST)
  1.15.5 Safeguard Detector                  -> g349152 (FROM_CHECKLIST)
  1.15.6 Safe Brake Assist                   -> g574946 (FROM_CHECKLIST)
  1.15.7 AGV Dynamic Weather Assist          -> g551747 (FROM_CHECKLIST)
  1.15.8 Safe EFI-pro System                 -> g502860 (FROM_CHECKLIST)
  1.15.9 Safe Robotics Area Protection       -> g463851 (FROM_CHECKLIST)
  2.1.1 PTA                                 -> g584068 (FROM_CHECKLIST)
  2.1.2 PBST                                -> g584066 (FROM_CHECKLIST)
  2.1.3 PBT                                 -> g143633 (FROM_CHECKLIST)
  2.1.4 PBS Hygienic                        -> g289687 (FROM_CHECKLIST)
  2.1.5 PBS plus                            -> g507653 (FROM_CHECKLIST)
  2.1.6 PFT                                 -> g143624 (FROM_CHECKLIST)
  2.1.7 PAC50                               -> g299863 (FROM_CHECKLIST)
  2.1.8 PET                                 -> g262351 (FROM_CHECKLIST)
  2.1.9 PFT-2                               -> g574978 (FROM_CHECKLIST)
  2.1.10 PHT                                 -> g145651 (FROM_CHECKLIST)
  2.2.1 TSP                                 -> g180851 (FROM_CHECKLIST)
  2.2.2 TCT                                 -> g180853 (FROM_CHECKLIST)
  2.2.3 TBS                                 -> g259789 (FROM_CHECKLIST)
  2.2.4 THTS                                -> g217155 (FROM_CHECKLIST)
  2.2.5 THTE                                -> g218154 (FROM_CHECKLIST)
  2.2.6 THTL                                -> g218155 (FROM_CHECKLIST)
  2.3.1 LXRH                                -> g574981 (FROM_CHECKLIST)
  2.3.2 LBV3xx                              -> g150096 (FROM_CHECKLIST)
  2.3.3 UP56                                -> g152151 (FROM_CHECKLIST)
  2.3.4 LFC                                 -> g413452 (FROM_CHECKLIST)
  2.3.5 LFV200                              -> g105174 (FROM_CHECKLIST)
  2.3.6 GRF18S                              -> g489251 (FROM_CHECKLIST)
  2.3.7 LFP Cubic                           -> g249766 (FROM_CHECKLIST)
  2.3.8 LXRC                                -> g574982 (FROM_CHECKLIST)
  2.3.9 LFP Inox                            -> g172951 (FROM_CHECKLIST)
  2.3.10 LFH                                 -> g140059 (FROM_CHECKLIST)
  2.4.1 FTMg                                -> g505155 (FROM_CHECKLIST)
  2.4.2 FFU                                 -> g173253 (FROM_CHECKLIST)
  2.4.3 T-Easic FTS                         -> g478153 (FROM_CHECKLIST)
  2.4.4 Bulkscan                            -> g253553 (FROM_CHECKLIST)
  3.1.1 GLL70                               -> g585331 (FROM_CHECKLIST)
  3.1.2 WLL80                               -> g555762 (FROM_CHECKLIST)
  3.1.3 Fiber-optic cables                  -> g606165 (FROM_CHECKLIST)
  3.1.4 WLL24                               -> g193873 (FROM_CHECKLIST)
  3.1.5 GLL170                              -> g412551 (FROM_CHECKLIST)
  3.2.1 W16                                 -> g433452 (FROM_CHECKLIST)
  3.2.2 W12                                 -> g555765 (FROM_CHECKLIST)
  3.2.3 W26                                 -> g433551 (FROM_CHECKLIST)
  3.2.4 G6                                  -> g175965 (FROM_CHECKLIST)
  3.2.5 G2                                  -> g286313 (FROM_CHECKLIST)
  3.2.6 WTT12 PowerProx                     -> g602378 (FROM_CHECKLIST)
  3.2.7 W4                                  -> g577401 (FROM_CHECKLIST)
  3.2.8 G10                                 -> g285106 (FROM_CHECKLIST)
  3.2.9 GR18                                -> g264215 (FROM_CHECKLIST)
  3.2.10 WTT4 PowerProx                      -> g602379 (FROM_CHECKLIST)
  3.2.11 RAY26 Reflex Array                  -> g197634 (FROM_CHECKLIST)
  3.2.12 W9                                  -> g186889 (FROM_CHECKLIST)
  3.2.13 G20                                 -> g555767 (FROM_CHECKLIST)
  3.2.14 Z18 Simple Sense                    -> g443253 (FROM_CHECKLIST)
  3.2.15 W2                                  -> g172802 (FROM_CHECKLIST)
  3.2.16 W280-2                              -> g211356 (FROM_CHECKLIST)
  3.2.17 W10                                 -> g555761 (FROM_CHECKLIST)
  3.2.18 WTT190 PowerProx                    -> g602382 (FROM_CHECKLIST)
  3.2.19 W27                                 -> g196809 (FROM_CHECKLIST)
  3.2.20 RAY10 Reflex Array                  -> g577388 (FROM_CHECKLIST)
  3.2.21 V180                                -> g189214 (FROM_CHECKLIST)
  3.2.22 V18                                 -> g201871 (FROM_CHECKLIST)
  3.2.23 V12                                 -> g184857 (FROM_CHECKLIST)
  3.2.24 W8                                  -> g174954 (FROM_CHECKLIST)
  3.2.25 W250-2                              -> g211351 (FROM_CHECKLIST)
  3.2.26 WTT280 PowerProx                    -> g602381 (FROM_CHECKLIST)
  3.2.27 ZoneControl                         -> g292555 (FROM_CHECKLIST)
  3.2.28 WTT2 PowerProx                      -> g602380 (FROM_CHECKLIST)
  3.2.29 W100 Laser                          -> g184955 (FROM_CHECKLIST)
  3.2.30 H18 Sure Sense                      -> g317353 (FROM_CHECKLIST)
  3.2.31 Roller Sensor Bar                   -> g555768 (FROM_CHECKLIST)
  3.2.32 W100-2                              -> g293922 (FROM_CHECKLIST)
  3.2.33 W24                                 -> g194274 (FROM_CHECKLIST)
  3.2.34 HISIC                               -> g616963 (FROM_CHECKLIST)
  3.2.35 W8G                                 -> g174973 (FROM_CHECKLIST)
  3.2.36 W11-2                               -> g203203 (FROM_CHECKLIST)
  3.2.37 W34                                 -> g197069 (FROM_CHECKLIST)
  3.2.38 W8 Laser                            -> g174979 (FROM_CHECKLIST)
  3.2.39 W45                                 -> g200332 (FROM_CHECKLIST)
  3.2.40 W18-3 Ex                            -> g186812 (FROM_CHECKLIST)
  3.2.41 W11G-2                              -> g203229 (FROM_CHECKLIST)
  3.3.1 Multi Physics Box                   -> g569306 (FROM_CHECKLIST)
  3.4.1 Glare                               -> g323052 (FROM_CHECKLIST)
  3.5.1 MLS                                 -> g451251 (FROM_CHECKLIST)
  3.5.2 MME                                 -> g208598 (FROM_CHECKLIST)
  3.5.3 MQB                                 -> g208726 (FROM_CHECKLIST)
  3.5.4 MIS                                 -> g549140 (FROM_CHECKLIST)
  3.5.5 MMN                                 -> g208685 (FROM_CHECKLIST)
  3.6.1 CM                                  -> g206089 (FROM_CHECKLIST)
  3.6.2 CMB                                 -> g568401 (FROM_CHECKLIST)
  3.6.3 CQF                                 -> g474753 (FROM_CHECKLIST)
  3.6.4 CQ                                  -> g206111 (FROM_CHECKLIST)
  3.7.1 IME                                 -> g345451 (FROM_CHECKLIST)
  3.7.2 IMB                                 -> g308651 (FROM_CHECKLIST)
  3.7.3 IMM                                 -> g354351 (FROM_CHECKLIST)
  3.7.4 IQG                                 -> g359351 (FROM_CHECKLIST)
  3.7.5 IMI                                 -> g507554 (FROM_CHECKLIST)
  3.7.6 IQM                                 -> g383266 (FROM_CHECKLIST)
  3.7.7 IMS                                 -> g507555 (FROM_CHECKLIST)
  3.7.8 IQY                                 -> g383268 (FROM_CHECKLIST)
  3.7.10 IQV                                 -> g383270 (FROM_CHECKLIST)
  3.7.11 IMF                                 -> g364452 (FROM_CHECKLIST)
  3.7.12 IMW                                 -> g383351 (FROM_CHECKLIST)
  3.7.13 IMA                                 -> g195268 (FROM_CHECKLIST)
  3.7.14 IMR                                 -> g504055 (FROM_CHECKLIST)
  3.7.15 IDF                                 -> g441551 (FROM_CHECKLIST)
  3.7.16 IQE                                 -> g351951 (FROM_CHECKLIST)
  3.7.17 IMP                                 -> g383263 (FROM_CHECKLIST)
  3.7.19 IQB                                 -> g383269 (FROM_CHECKLIST)
  3.7.20 SAM                                 -> g271153 (FROM_CHECKLIST)
  3.7.22 IMG                                 -> g584033 (FROM_CHECKLIST)
  3.7.23 IMN                                 -> g383261 (FROM_CHECKLIST)
  3.7.24 IQL                                 -> g383273 (FROM_CHECKLIST)
  3.7.25 IMC                                 -> g389851 (FROM_CHECKLIST)
  3.7.26 IMX                                 -> g555781 (FROM_CHECKLIST)
  3.8.1 MLG-2                               -> g543486 (FROM_CHECKLIST)
  3.8.2 FlexChain                           -> g452671 (FROM_CHECKLIST)
  3.8.3 SLG                                 -> g317451 (FROM_CHECKLIST)
  3.8.4 WLG                                 -> g187987 (FROM_CHECKLIST)
  3.8.5 SLG-2                               -> g507855 (FROM_CHECKLIST)
  3.8.6 FLG                                 -> g260755 (FROM_CHECKLIST)
  3.8.7 MLG-2 WebChecker                    -> g503452 (FROM_CHECKLIST)
  3.8.8 ELG                                 -> g187988 (FROM_CHECKLIST)
  3.8.9 PLG                                 -> g188013 (FROM_CHECKLIST)
  3.8.10 HLG                                 -> g187986 (FROM_CHECKLIST)
  3.9.1 MZCS                                -> g618303 (FROM_CHECKLIST)
  3.9.2 MPS-T                               -> g192971 (FROM_CHECKLIST)
  3.9.3 MZT7                                -> g346668 (FROM_CHECKLIST)
  3.9.4 MPS-M                               -> g507751 (FROM_CHECKLIST)
  3.9.5 MZT8 ATEX                           -> g318975 (FROM_CHECKLIST)
  3.9.6 MZ2Q-T                              -> g200476 (FROM_CHECKLIST)
  3.9.7 MZT8 Twin                           -> g507351 (FROM_CHECKLIST)
  3.9.8 RZN                                 -> g560266 (FROM_CHECKLIST)
  3.9.9 MZC2                                -> g507559 (FROM_CHECKLIST)
  3.9.10 MPS-G                               -> g547614 (FROM_CHECKLIST)
  3.9.11 MZT8                                -> g204288 (FROM_CHECKLIST)
  3.9.12 MZN                                 -> g560265 (FROM_CHECKLIST)
  3.9.13 MZCG                                -> g422454 (FROM_CHECKLIST)
  3.9.14 MZT8 VIA                            -> g332851 (FROM_CHECKLIST)
  3.9.15 RZC1                                -> g269368 (FROM_CHECKLIST)
  3.9.16 MZC1 VIA                            -> g385151 (FROM_CHECKLIST)
  3.9.17 MZ2Q-C                              -> g200468 (FROM_CHECKLIST)
  3.9.18 MPA                                 -> g270351 (FROM_CHECKLIST)
  3.9.19 MZCG VIA                            -> g500557 (FROM_CHECKLIST)
  3.9.20 MZT7 Twin                           -> g624912 (FROM_CHECKLIST)
  3.9.21 MZC1 Twin                           -> g541243 (FROM_CHECKLIST)
  3.9.22 MPS-C                               -> g389251 (FROM_CHECKLIST)
  3.9.23 RZT7                                -> g346674 (FROM_CHECKLIST)
  3.9.24 MZC1                                -> g269363 (FROM_CHECKLIST)
  3.10.1 LUTS/LUTX                           -> g624750 (FROM_CHECKLIST)
  3.10.2 LUTM                                -> g305963 (FROM_CHECKLIST)
  3.10.3 LUT3                                -> g115866 (FROM_CHECKLIST)
  3.10.4 LUT8                                -> g115870 (FROM_CHECKLIST)
  3.10.5 LUT1                                -> g115864 (FROM_CHECKLIST)
  3.10.6 LUT9                                -> g115871 (FROM_CHECKLIST)
  3.11.1 MF                                  -> g622570 (FROM_CHECKLIST)
  3.11.2 CFM/CFX                             -> g585644 (FROM_CHECKLIST)
  3.11.3 UD18                                -> g355551 (FROM_CHECKLIST)
  3.11.4 UF                                  -> g127489 (FROM_CHECKLIST)
  3.11.5 WFS                                 -> g195653 (FROM_CHECKLIST)
  3.11.6 UFW                                 -> g584047 (FROM_CHECKLIST)
  3.11.7 UFS                                 -> g551723 (FROM_CHECKLIST)
  3.11.8 WF                                  -> g127491 (FROM_CHECKLIST)
  3.11.9 WFE                                 -> g547615 (FROM_CHECKLIST)
  3.11.10 WFM                                 -> g127519 (FROM_CHECKLIST)
  3.11.11 WFL                                 -> g127511 (FROM_CHECKLIST)
  3.12.1 AS30                                -> g478552 (FROM_CHECKLIST)
  3.13.1 KTM                                 -> g577202 (FROM_CHECKLIST)
  3.13.2 KTX                                 -> g410153 (FROM_CHECKLIST)
  3.13.3 KTS                                 -> g584469 (FROM_CHECKLIST)
  3.13.4 OLS                                 -> g452951 (FROM_CHECKLIST)
  3.13.5 KTL180                              -> g474051 (FROM_CHECKLIST)
  3.13.6 KT8                                 -> g141110 (FROM_CHECKLIST)
  3.13.7 RS10                                -> g262857 (FROM_CHECKLIST)
  3.14.1 CSS High Resolution                 -> g549473 (FROM_CHECKLIST)
  3.14.2 CSM                                 -> g305962 (FROM_CHECKLIST)
  3.14.3 CSS/CSX High Speed                  -> g549474 (FROM_CHECKLIST)
  4.1.1 SID                                 -> g606124 (FROM_CHECKLIST)
  4.2.1 SIG300                              -> g606089 (FROM_CHECKLIST)
  4.2.2 CDF                                 -> g606070 (FROM_CHECKLIST)
  4.2.3 SIG350                              -> g606090 (FROM_CHECKLIST)
  4.2.4 SIG200                              -> g606083 (FROM_CHECKLIST)
  4.2.5 SIG100                              -> g606082 (FROM_CHECKLIST)
  4.2.6 CDE100                              -> g606068 (FROM_CHECKLIST)
  4.3.1 SIM1200                             -> g622725 (FROM_CHECKLIST)
  4.3.2 SM1000                              -> g622685 (FROM_CHECKLIST)
  4.3.3 SIM2x00                             -> g606050 (FROM_CHECKLIST)
  4.3.4 Telematic Data Collector            -> g606062 (FROM_CHECKLIST)
  4.3.5 SIM800                              -> g606045 (FROM_CHECKLIST)
  4.3.6 SIM10xx                             -> g606046 (FROM_CHECKLIST)
  4.3.7 SIM200                              -> g606044 (FROM_CHECKLIST)
  4.4.1 CDB                                 -> g606112 (FROM_CHECKLIST)
  4.4.2 CDE50                               -> g606069 (FROM_CHECKLIST)
  4.4.3 CDM                                 -> g606117 (FROM_CHECKLIST)
  4.5.1 Sensor-actuator cables              -> g575961 (FROM_CHECKLIST)
  4.5.2 Field-wireable connectors           -> g575962 (FROM_CHECKLIST)
  4.5.3 Other connectors and cables         -> g575975 (FROM_CHECKLIST)
  4.5.4 Industrial Ethernet cables and fieldbus cables -> g575963 (FROM_CHECKLIST)
  4.5.5 Y- and T-splitters                  -> g584936 (FROM_CHECKLIST)
  4.5.6 Passive distribution boxes          -> g575964 (FROM_CHECKLIST)
  4.6.1 DCM4                                -> g625151 (FROM_CHECKLIST)
  4.6.2 System plugs deTec and deTem        -> g606096 (FROM_CHECKLIST)
  4.6.3 System plugs S3000                  -> g606107 (FROM_CHECKLIST)
  4.6.4 System plugs Flexi Soft             -> g606098 (FROM_CHECKLIST)
  4.6.5 System plugs MultiScan and picoScan -> g606102 (FROM_CHECKLIST)
  4.6.6 System plugs S300                   -> g606106 (FROM_CHECKLIST)
  4.6.7 System plugs outdoorScan3           -> g606104 (FROM_CHECKLIST)
  4.6.8 System plugs miniTwin               -> g606101 (FROM_CHECKLIST)
  4.6.9 DMM4                                -> g606095 (FROM_CHECKLIST)
  4.6.10 System plugs Flexi Compact          -> g606097 (FROM_CHECKLIST)
  4.6.11 System plugs LMS5xx                 -> g606099 (FROM_CHECKLIST)
  4.6.12 System plugs microScan3             -> g606100 (FROM_CHECKLIST)
  4.6.13 UE401                               -> g606108 (FROM_CHECKLIST)
  4.6.14 System plugs nanoScan3              -> g606103 (FROM_CHECKLIST)
  4.6.15 UE402                               -> g606109 (FROM_CHECKLIST)
  4.6.16 UE403                               -> g606110 (FROM_CHECKLIST)
  4.7.1 Power supply units                  -> g606065 (FROM_CHECKLIST)
  4.7.2 Power supply cables                 -> g606064 (FROM_CHECKLIST)
  5.1.1 Installation and commissioning      -> g584248 (FROM_CHECKLIST)
  5.1.2 Solution Engineering                -> g584240 (FROM_CHECKLIST)
  5.1.3 Extended warranty                   -> g584261 (FROM_CHECKLIST)
  5.1.4 Acceptance services                 -> g584243 (FROM_CHECKLIST)
  5.1.5 Initial verification                -> g584260 (FROM_CHECKLIST)
  5.2.1 Upgrade and retrofit                -> g584223 (FROM_CHECKLIST)
  5.3.1 Software and firmware maintenance   -> g584334 (FROM_CHECKLIST)
  5.3.2 Service agreements                  -> g584344 (FROM_CHECKLIST)
  5.3.3 Maintenance                         -> g584340 (FROM_CHECKLIST)
  5.3.4 Monitoring Services                 -> g584346 (FROM_CHECKLIST)
  5.3.5 Smart Parts                         -> g584327 (FROM_CHECKLIST)
  5.3.6 Inspection of protective devices    -> g584328 (FROM_CHECKLIST)
  5.3.7 Machine safety inspection           -> g584332 (FROM_CHECKLIST)
  5.3.8 Stop time measurement               -> g584331 (FROM_CHECKLIST)
  5.3.9 Performance check                   -> g584335 (FROM_CHECKLIST)
  5.4.1 Troubleshooting                     -> g584271 (FROM_CHECKLIST)
  5.4.2 Repairs                             -> g584272 (FROM_CHECKLIST)
  5.4.3 Preparation for reverification      -> g584321 (FROM_CHECKLIST)
  5.5.1 Safety and risk assessment          -> g584232 (FROM_CHECKLIST)
  5.5.2 Accident investigation              -> g584237 (FROM_CHECKLIST)
  5.5.3 Concept and feasibility             -> g584233 (FROM_CHECKLIST)
  6.1.1 InspectorP61x                       -> g555810 (FROM_CHECKLIST)
  6.1.2 InspectorP62x                       -> g507066 (FROM_CHECKLIST)
  6.1.3 Visionary AI-Assist                 -> g616809 (FROM_CHECKLIST)
  6.1.4 sensingCam SEC310                   -> g605181 (FROM_CHECKLIST)
  6.1.5 sensingCam SEC100                   -> g601993 (FROM_CHECKLIST)
  6.1.6 Inspector83x                        -> g584000 (FROM_CHECKLIST)
  6.1.7 Visionary-B Two                     -> g575551 (FROM_CHECKLIST)
  6.1.8 Ranger3                             -> g448354 (FROM_CHECKLIST)
  6.1.9 midiCam2                            -> g541250 (FROM_CHECKLIST)
  6.1.10 Inspector85x                        -> g574983 (FROM_CHECKLIST)
  6.1.11 picoCam2                            -> g541249 (FROM_CHECKLIST)
  6.1.12 Ruler3000                           -> g547572 (FROM_CHECKLIST)
  6.1.13 Visionary-T Mini                    -> g555625 (FROM_CHECKLIST)
  6.1.14 Visionary-S                         -> g507251 (FROM_CHECKLIST)
  6.1.15 PLOC2D                              -> g456151 (FROM_CHECKLIST)
  6.1.16 SICK Nova                           -> g576400 (FROM_CHECKLIST)
  6.1.17 InspectorP63x                       -> g401751 (FROM_CHECKLIST)
  6.1.18 PLB                                 -> g259663 (FROM_CHECKLIST)
  6.1.19 InspectorP64x/InspectorP65x         -> g401753 (FROM_CHECKLIST)
  6.1.20 Color Inspection and Sorting        -> g547652 (FROM_CHECKLIST)
  6.1.21 Static Package Dimensioning         -> g569573 (FROM_CHECKLIST)
  6.1.22 3D Object Detection                 -> g577657 (FROM_CHECKLIST)
  6.1.23 PLR                                 -> g265752 (FROM_CHECKLIST)
  6.1.24 Inspector                           -> g114860 (FROM_CHECKLIST)
  6.1.25 3D Belt Pick                        -> g546056 (FROM_CHECKLIST)
  6.1.26 InspectorP Rack Fine Positioning    -> g543982 (FROM_CHECKLIST)
  6.1.27 TriSpector1000                      -> g389052 (FROM_CHECKLIST)
  6.1.28 Label Checker                       -> g499551 (FROM_CHECKLIST)
  6.2.1 Zx36                                -> g569849 (FROM_CHECKLIST)
  6.2.2 IDM                                 -> g574775 (FROM_CHECKLIST)
  6.2.3 HW19                                -> g574781 (FROM_CHECKLIST)
  6.3.1 CLV62x                              -> g79824 (FROM_CHECKLIST)
  6.3.2 CLV Identification System           -> g91876 (FROM_CHECKLIST)
  6.3.3 CLV64x                              -> g79874 (FROM_CHECKLIST)
  6.3.4 CLV63x                              -> g79846 (FROM_CHECKLIST)
  6.3.5 CLV61x                              -> g271962 (FROM_CHECKLIST)
  6.3.6 CLV50x                              -> g104152 (FROM_CHECKLIST)
  6.3.7 CLV60x                              -> g446351 (FROM_CHECKLIST)
  6.3.8 CLV65x                              -> g79879 (FROM_CHECKLIST)
  6.3.9 CLV69x                              -> g229472 (FROM_CHECKLIST)
  6.4.1 RFU63x                              -> g218148 (FROM_CHECKLIST)
  6.4.2 RFH5xx                              -> g547578 (FROM_CHECKLIST)
  6.4.3 RFU62x                              -> g285253 (FROM_CHECKLIST)
  6.4.4 RFH6xx                              -> g263558 (FROM_CHECKLIST)
  6.4.5 RFU61x                              -> g505651 (FROM_CHECKLIST)
  6.4.6 RFU65x                              -> g363751 (FROM_CHECKLIST)
  6.4.7 RFID antennas                       -> g602112 (FROM_CHECKLIST)
  6.4.8 HF transponders                     -> g602199 (FROM_CHECKLIST)
  6.4.9 UHF transponders                    -> g602200 (FROM_CHECKLIST)
  6.4.10 Ident Gate System                   -> g585325 (FROM_CHECKLIST)
  6.4.11 RF Identification System            -> g570102 (FROM_CHECKLIST)
  6.5.1 Lector83x                           -> g584457 (FROM_CHECKLIST)
  6.5.2 Lector61x                           -> g507061 (FROM_CHECKLIST)
  6.5.3 Lector85x                           -> g568570 (FROM_CHECKLIST)
  6.5.4 ICR Identification System           -> g555825 (FROM_CHECKLIST)
  6.5.5 Lector Identification System        -> g575972 (FROM_CHECKLIST)
  6.5.6 Lector62x                           -> g158951 (FROM_CHECKLIST)
  6.5.7 GLS6                                -> g507063 (FROM_CHECKLIST)
  6.5.8 GLS100                              -> g558796 (FROM_CHECKLIST)
  6.5.9 Lector63x                           -> g326251 (FROM_CHECKLIST)
  6.5.10 ICD8xx                              -> g576408 (FROM_CHECKLIST)
  6.5.11 Lector64x/Lector65x                 -> g275359 (FROM_CHECKLIST)
  6.5.12 Lector65x System                    -> g326951 (FROM_CHECKLIST)
  7.1.1 UM30                                -> g185672 (FROM_CHECKLIST)
  7.1.2 UM18                                -> g185679 (FROM_CHECKLIST)
  7.1.3 UC30                                -> g323151 (FROM_CHECKLIST)
  7.1.4 UC4                                 -> g185686 (FROM_CHECKLIST)
  7.1.5 UM12                                -> g305961 (FROM_CHECKLIST)
  7.1.6 UC40                                -> g570118 (FROM_CHECKLIST)
  7.1.7 UC12                                -> g185683 (FROM_CHECKLIST)
  7.2.1 OD200                               -> g605737 (FROM_CHECKLIST)
  7.2.2 Dx80                                -> g568557 (FROM_CHECKLIST)
  7.2.3 OD2000                              -> g547590 (FROM_CHECKLIST)
  7.2.5 OD Mini                             -> g276251 (FROM_CHECKLIST)
  7.2.6 Dx35                                -> g261053 (FROM_CHECKLIST)
  7.2.7 Dx50                                -> g176381 (FROM_CHECKLIST)
  7.2.9 OD Value                            -> g150252 (FROM_CHECKLIST)
  7.2.10 Dx1000                              -> g388051 (FROM_CHECKLIST)
  7.2.11 OD5000                              -> g413151 (FROM_CHECKLIST)
  7.2.12 OL1                                 -> g475552 (FROM_CHECKLIST)
  7.2.13 Profiler                            -> g307051 (FROM_CHECKLIST)
  7.2.15 Dx100                               -> g222753 (FROM_CHECKLIST)
  7.2.16 Dx50-2                              -> g306751 (FROM_CHECKLIST)
  7.2.17 OD1000                              -> g410651 (FROM_CHECKLIST)
  7.2.18 OD Precision                        -> g150255 (FROM_CHECKLIST)
  7.2.20 DT20 Hi                             -> g176377 (FROM_CHECKLIST)
  7.2.21 OD7000                              -> g569987 (FROM_CHECKLIST)
  7.2.23 Dx500                               -> g168317 (FROM_CHECKLIST)
  7.2.24 DME4000                             -> g168298 (FROM_CHECKLIST)
  8.1.1 Triton Floor-LOC                    -> g616802 (FROM_CHECKLIST)
  8.1.2 OccupID System                      -> g624859 (FROM_CHECKLIST)
  8.1.3 Coriva System                       -> g624834 (FROM_CHECKLIST)
  8.1.4 Tag-LOC System                      -> g560275 (FROM_CHECKLIST)
  8.1.5 Automated Load Detect Ident System  -> g584025 (FROM_CHECKLIST)
  8.2.3 PALLOC                              -> g584735 (FROM_CHECKLIST)
  8.2.4 Body Position System                -> g575880 (FROM_CHECKLIST)
  8.3.1 Multi-Lane Profiling System         -> g625046 (FROM_CHECKLIST)
  8.3.2 Axle Classification System          -> g624916 (FROM_CHECKLIST)
  8.3.3 TICx02                              -> g551741 (FROM_CHECKLIST)
  8.3.4 Load Volume Measurement System      -> g551889 (FROM_CHECKLIST)
  8.3.5 Free Flow Profiler                  -> g442952 (FROM_CHECKLIST)
  8.3.6 VPS Pro                             -> g302651 (FROM_CHECKLIST)
  8.3.7 TIC501                              -> g323153 (FROM_CHECKLIST)
  8.4.1 AOS LiDAR                           -> g288260 (FROM_CHECKLIST)
  8.4.2 Area Hotspot Detection System       -> g576716 (FROM_CHECKLIST)
  8.4.3 AOS Radar                           -> g511551 (FROM_CHECKLIST)
  8.4.4 Overheight Detection System         -> g585291 (FROM_CHECKLIST)
  8.4.5 Backup Assistance System            -> g561085 (FROM_CHECKLIST)
  8.4.6 Vehicle Hotspot Detection System    -> g322552 (FROM_CHECKLIST)
  8.4.7 Drive Assist System                 -> g574764 (FROM_CHECKLIST)
  8.4.8 APS                                 -> g385751 (FROM_CHECKLIST)
  8.5.1 Pallet Serialization System         -> g624914 (FROM_CHECKLIST)
  8.5.2 Pallet Integrity Inspection System  -> g585606 (FROM_CHECKLIST)
  8.5.3 Pallet Classification System        -> g576458 (FROM_CHECKLIST)
  8.5.4 Foreign Object Detection System     -> g566489 (FROM_CHECKLIST)
  8.6.1 Inspector Logistics System          -> g625099 (FROM_CHECKLIST)
  8.6.2 DWS Dynamic                         -> g107251 (FROM_CHECKLIST)
  8.6.8 VMS4x00/5x00                        -> g543405 (FROM_CHECKLIST)
  8.6.9 Master Data Analyzer Vision         -> g569618 (FROM_CHECKLIST)
  8.6.10 VMV Dimensioning System             -> g585735 (FROM_CHECKLIST)
  8.6.11 VMS6x00/7x00                        -> g549144 (FROM_CHECKLIST)
  8.6.12 Master Data Analyzer                -> g401152 (FROM_CHECKLIST)
  8.6.13 VML                                 -> g310052 (FROM_CHECKLIST)
  8.6.15 DWS Pallet                          -> g293455 (FROM_CHECKLIST)
  9.1.1 Sentio Creator                      -> g622676 (FROM_CHECKLIST)
  9.1.2 SICK Stream Software                -> g609542 (FROM_CHECKLIST)
  9.1.3 SOPAS ET                            -> g584721 (FROM_CHECKLIST)
  9.1.4 SICK dStudio                        -> g547657 (FROM_CHECKLIST)
  9.1.5 SICK AppStudio                      -> g387652 (FROM_CHECKLIST)
  9.1.6 SICK AppManager                     -> g446551 (FROM_CHECKLIST)
  9.1.7 SICK AppEngine                      -> g547567 (FROM_CHECKLIST)
  9.1.8 Function Block Factory              -> g546067 (FROM_CHECKLIST)
  9.2.1 SICK ConnectX                       -> g584460 (FROM_CHECKLIST)
  9.2.2 Hermes Standard Solution            -> g555711 (FROM_CHECKLIST)
  9.3.1 Energy Monitoring                   -> g623071 (FROM_CHECKLIST)
  9.3.2 Condition Monitoring                -> g626751 (FROM_CHECKLIST)
  9.3.3 Location Management                 -> g624833 (FROM_CHECKLIST)
  9.3.4 Track and Trace Analytics Lite      -> g576768 (FROM_CHECKLIST)
  9.3.5 Tire Analytics                      -> g448351 (FROM_CHECKLIST)
  9.3.6 Logistics Diagnostic Analytics      -> g448352 (FROM_CHECKLIST)
  9.3.7 Safety Machine Analytics            -> g547623 (FROM_CHECKLIST)
  9.3.8 Baggage Analytics                   -> g363451 (FROM_CHECKLIST)
  9.3.9 Safety Laser Scanner Visualization  -> g559811 (FROM_CHECKLIST)
  9.3.10 SICK Safety Assistant App           -> g574738 (FROM_CHECKLIST)
  9.3.11 SICK Augmented Reality Assistant    -> g555639 (FROM_CHECKLIST)
  9.3.12 Package Analytics                   -> g309559 (FROM_CHECKLIST)
  9.3.13 Incoming Goods Suite                -> g584843 (FROM_CHECKLIST)
  9.3.14 Asset Analytics                     -> g546065 (FROM_CHECKLIST)
  9.3.15 FieldAnalytics                      -> g555630 (FROM_CHECKLIST)
  9.4.1 AI-Assist                           -> g616808 (FROM_CHECKLIST)
  9.4.2 Track and Trace Vision Software     -> g609717 (FROM_CHECKLIST)
  9.4.4 LiDAR-LOC                           -> g541272 (FROM_CHECKLIST)
  9.4.8 CODE-LOC                            -> g576968 (FROM_CHECKLIST)
  10.1.1 RMS2000                             -> g577390 (FROM_CHECKLIST)
  10.1.2 RMS1000                             -> g555591 (FROM_CHECKLIST)
  10.2.1 TiM                                 -> g570093 (FROM_CHECKLIST)
  10.2.2 picoScan100                         -> g574970 (FROM_CHECKLIST)
  10.2.3 LMS1xx                              -> g91901 (FROM_CHECKLIST)
  10.2.4 MRS1000                             -> g387152 (FROM_CHECKLIST)
  10.2.5 LMS5xx                              -> g179651 (FROM_CHECKLIST)
  10.2.6 LD-MRS                              -> g91913 (FROM_CHECKLIST)
  10.2.7 MRS6000                             -> g448151 (FROM_CHECKLIST)
  10.2.8 LMC1xx                              -> g180553 (FROM_CHECKLIST)
  10.2.9 NAV2xx                              -> g356151 (FROM_CHECKLIST)
  10.2.10 LMS1000                             -> g387151 (FROM_CHECKLIST)
  10.2.11 NAV3xx                              -> g91916 (FROM_CHECKLIST)
  10.2.12 LRS4000                             -> g555594 (FROM_CHECKLIST)
  10.2.13 LMS4000                             -> g474751 (FROM_CHECKLIST)
  10.2.14 multiScan100                        -> g574914 (FROM_CHECKLIST)
  10.2.15 S100                                -> g173851 (FROM_CHECKLIST)
  10.2.16 LD-LRS                              -> g91912 (FROM_CHECKLIST)
  10.2.17 LD-OEM                              -> g91914 (FROM_CHECKLIST)
  11.1.1 Positioning codes                   -> g602116 (FROM_CHECKLIST)
  11.1.2 Magnetic-coded tags                 -> g602115 (FROM_CHECKLIST)
  11.2.1 Position magnets                    -> g602138 (FROM_CHECKLIST)
  11.2.2 Magnetic tapes                      -> g602137 (FROM_CHECKLIST)
  11.3.1 ISD400                              -> g145476 (FROM_CHECKLIST)
  11.3.2 ISD300                              -> g145469 (FROM_CHECKLIST)
  11.4.1 Measuring wheels                    -> g602143 (FROM_CHECKLIST)
  11.4.2 Measuring wheel mechanics           -> g602142 (FROM_CHECKLIST)
  11.5.1 Interface modules                   -> g602134 (FROM_CHECKLIST)
  11.5.2 Bus adapters                        -> g602130 (FROM_CHECKLIST)
  11.5.3 Fieldbus modules                    -> g602133 (FROM_CHECKLIST)
  11.5.4 Cloning modules                     -> g602131 (FROM_CHECKLIST)
  11.5.5 HIPERFACE adapters                  -> g602128 (FROM_CHECKLIST)
  11.5.6 SSI analog adapters                 -> g602129 (FROM_CHECKLIST)
  11.5.7 Display modules                     -> g602132 (FROM_CHECKLIST)
  11.5.8 Power supply modules                -> g602135 (FROM_CHECKLIST)
  11.6.1 Base stations                       -> g602187 (FROM_CHECKLIST)
  11.6.2 Rechargeable batteries              -> g602188 (FROM_CHECKLIST)
  11.7.1 Acoustic signal transmitters        -> g602193 (FROM_CHECKLIST)
  11.7.2 Optical signal transmitters         -> g602194 (FROM_CHECKLIST)
  11.8.1 Protective housing                  -> g602125 (FROM_CHECKLIST)
  11.8.2 Cooling devices                     -> g602119 (FROM_CHECKLIST)
  11.8.3 Purge air equipment                 -> g602126 (FROM_CHECKLIST)
  11.8.4 Front screens and front screen protection -> g602121 (FROM_CHECKLIST)
  11.8.5 Cleaning agents                     -> g602118 (FROM_CHECKLIST)
  11.8.6 Protection filter                   -> g602123 (FROM_CHECKLIST)
  11.8.7 Protective caps and hoods           -> g602124 (FROM_CHECKLIST)
  11.8.8 Drying agent                        -> g602120 (FROM_CHECKLIST)
  11.8.9 Heating devices                     -> g602122 (FROM_CHECKLIST)
  11.9.1 Wire draw mechanism for wire draw encoders -> g602203 (FROM_CHECKLIST)
  11.9.2 Wire draw mechanism for rope pull switches -> g602202 (FROM_CHECKLIST)
  11.10.1 Test equipment                      -> g585730 (FROM_CHECKLIST)
  11.10.2 Configuration devices               -> g585729 (FROM_CHECKLIST)
  11.10.3 Alignment aids                      -> g585728 (FROM_CHECKLIST)
  11.11.2 WLAN antennas                       -> g602113 (FROM_CHECKLIST)
  11.11.3 GSM, UMTS and LTE antennas          -> g602111 (FROM_CHECKLIST)
  11.11.4 GPS antennas                        -> g602110 (FROM_CHECKLIST)
  11.12.1 PGT-13-S                            -> g602183 (FROM_CHECKLIST)
  11.12.2 PGT-08-S                            -> g602179 (FROM_CHECKLIST)
  11.12.3 PGT-11-S                            -> g602181 (FROM_CHECKLIST)
  11.12.4 PGT-10 Pro                          -> g602180 (FROM_CHECKLIST)
  11.12.5 PGT-15                              -> g602185 (FROM_CHECKLIST)
  11.12.6 CPA                                 -> g602177 (FROM_CHECKLIST)
  11.12.7 PGT-12 Pro                          -> g602182 (FROM_CHECKLIST)
  11.12.8 PGT-01-S                            -> g602178 (FROM_CHECKLIST)
  11.12.9 PGT-14                              -> g602184 (FROM_CHECKLIST)
  11.13.1 Locks                               -> g602140 (FROM_CHECKLIST)
  11.15.1 MB1                                 -> g602108 (FROM_CHECKLIST)
  11.15.2 Actuators for electromechanical safety switches -> g602008 (FROM_CHECKLIST)
  11.15.3 Actuators for magnetic safety switches -> g602009 (FROM_CHECKLIST)
  11.15.4 Actuators for RFID safety switches  -> g602007 (FROM_CHECKLIST)
  11.16.1 Shaft couplings                     -> g602191 (FROM_CHECKLIST)
  11.16.2 Collets                             -> g602190 (FROM_CHECKLIST)
  11.17.1 Flanges and nozzles                 -> g602148 (FROM_CHECKLIST)
  11.17.2 Brackets                            -> g602146 (FROM_CHECKLIST)
  11.17.3 Muting arms                         -> g602149 (FROM_CHECKLIST)
  11.17.4 Assembly accessories                -> g602145 (FROM_CHECKLIST)
  11.17.5 Stator couplings                    -> g602150 (FROM_CHECKLIST)
  11.17.6 Device columns                      -> g602147 (FROM_CHECKLIST)
  11.18.1 Reflectors                          -> g602171 (FROM_CHECKLIST)
  11.18.2 Illuminations                       -> g602157 (FROM_CHECKLIST)
  11.18.3 Lenses                              -> g602160 (FROM_CHECKLIST)
  11.18.4 Mirror                              -> g602165 (FROM_CHECKLIST)
  11.18.5 Optical apertures                   -> g602169 (FROM_CHECKLIST)
  11.18.6 Optical filters                     -> g602170 (FROM_CHECKLIST)
  11.19.1 USB sticks                          -> g602196 (FROM_CHECKLIST)
  11.19.2 Memory cards                        -> g602197 (FROM_CHECKLIST)
  12.1.1 Safety competence trainings         -> g616799 (FROM_CHECKLIST)
  12.1.2 Technology trainings                -> g616801 (FROM_CHECKLIST)
  12.1.3 Product, system, and software trainings -> g616798 (FROM_CHECKLIST)
  12.1.4 Specialized and methodology trainings -> g616796 (FROM_CHECKLIST)
  13.1.1 TTK70                               -> g201566 (FROM_CHECKLIST)
  13.1.2 STL/ETL70                           -> g552050 (FROM_CHECKLIST)
  13.1.3 ELS/ELM35                           -> g584054 (FROM_CHECKLIST)
  13.1.4 STS                                 -> g555800 (FROM_CHECKLIST)
  13.1.5 TTK50                               -> g253452 (FROM_CHECKLIST)
  13.1.6 Smart Motor Sensors Software        -> g550781 (FROM_CHECKLIST)
  13.1.7 sCon                                -> g568594 (FROM_CHECKLIST)
  13.1.8 SHub                                -> g547605 (FROM_CHECKLIST)
  13.1.9 VFS60                               -> g221423 (FROM_CHECKLIST)
  13.1.10 EDS/EDM35                           -> g499351 (FROM_CHECKLIST)
  13.1.11 SFS/SFM60                           -> g218691 (FROM_CHECKLIST)
  13.1.12 SRS/SRM50                           -> g215961 (FROM_CHECKLIST)
  13.1.13 SKS/SKM36                           -> g215684 (FROM_CHECKLIST)
  13.1.14 EKS/EKM36                           -> g192751 (FROM_CHECKLIST)
  13.1.15 SES/SEM                             -> g570125 (FROM_CHECKLIST)
  13.1.16 SEK/SEL                             -> g575659 (FROM_CHECKLIST)
  13.1.17 EES/EEM37                           -> g419151 (FROM_CHECKLIST)
  13.2.2 DGS80/90                            -> g568403 (FROM_CHECKLIST)
  13.2.3 DFS60                               -> g244428 (FROM_CHECKLIST)
  13.2.4 DBS60                               -> g569799 (FROM_CHECKLIST)
  13.2.5 DBS36/50                            -> g551755 (FROM_CHECKLIST)
  13.2.6 DFS2x                               -> g283451 (FROM_CHECKLIST)
  13.2.7 DLS40                               -> g547646 (FROM_CHECKLIST)
  13.2.8 DUS60                               -> g403051 (FROM_CHECKLIST)
  13.3.1 ANS/ANM58                           -> g584838 (FROM_CHECKLIST)
  13.3.3 MAS                                 -> g568687 (FROM_CHECKLIST)
  13.3.4 ACM60                               -> g430451 (FROM_CHECKLIST)
  13.3.5 ACS/ACM36                           -> g430351 (FROM_CHECKLIST)
  13.3.6 AHS/AHM36                           -> g543428 (FROM_CHECKLIST)
  13.3.7 AFS/AFM60 SSI                       -> g569399 (FROM_CHECKLIST)
  13.3.8 AFS/AFM60 Ethernet                  -> g569838 (FROM_CHECKLIST)
  13.3.9 A3M60                               -> g244409 (FROM_CHECKLIST)
  13.3.10 ARS60                               -> g244410 (FROM_CHECKLIST)
  13.4.1 EcoLine                             -> g287337 (FROM_CHECKLIST)
  13.4.2 HighLine                            -> g287466 (FROM_CHECKLIST)
  13.4.3 VarioLine                           -> g575281 (FROM_CHECKLIST)
  13.5.1 SPEETEC 1D                          -> g550876 (FROM_CHECKLIST)
  13.6.1 MWS250                              -> g624679 (FROM_CHECKLIST)
  13.6.2 MWS075                              -> g595853 (FROM_CHECKLIST)
  13.6.3 DFV60                               -> g383757 (FROM_CHECKLIST)
  13.6.4 MWS120                              -> g547609 (FROM_CHECKLIST)
  13.6.5 DKV60                               -> g383551 (FROM_CHECKLIST)
  13.6.6 DBV50                               -> g365751 (FROM_CHECKLIST)
  13.6.7 DUV60                               -> g403052 (FROM_CHECKLIST)
  13.7.1 DAX                                 -> g507352 (FROM_CHECKLIST)
  13.7.5 OLM                                 -> g585297 (FROM_CHECKLIST)
  13.7.6 KH53                                -> g201380 (FROM_CHECKLIST)
  13.7.7 MAX                                 -> g428958 (FROM_CHECKLIST)
  13.8.1 TMS/TMM61                           -> g361562 (FROM_CHECKLIST)
  13.8.2 TMS/TMM88                           -> g361552 (FROM_CHECKLIST)
  13.8.3 TMS/TMM22                           -> g555803 (FROM_CHECKLIST)
  13.8.4 TMS/TMM88 Dynamic                   -> g473552 (FROM_CHECKLIST)

=== TONG KET ===
Tong: 643 dong | Co family code: 643 | Khong tim thay: 0
Tong SP du kien: ~44890
Thu muc output: C:\Users\Admin\Desktop\New folder\SICK_Products


============================================================
[1/643] Dong: WTT12-S (expected: 2 SP)
Family: WTT12-S | Code: g577387 | Method: FROM_CHECKLIST
============================================================
  Dang lay danh sach san pham tu category g577387...
  Tim thay 2 san pham.
  [1/2] p678127 ...C:\Users\Admin\Desktop\New folder\SICK_Products\WTT12-S\WTT12S-C2569.xlsx
Saved: C:\Users\Admin\Desktop\New folder\SICK_Products\WTT12-S\images\WTT12S-C2569.jpg (39.4 KB, 500x500)
__RESULT__["C:\\Users\\Admin\\Desktop\\New folder\\SICK_Products\\WTT12-S\\images\\WTT12S-C2569.jpg"]
 -> WTT12S-C2569.xlsx
  [2/2] p678254 ...C:\Users\Admin\Desktop\New folder\SICK_Products\WTT12-S\WTT12S-M2569.xlsx
Saved: C:\Users\Admin\Desktop\New folder\SICK_Products\WTT12-S\images\WTT12S-M2569.jpg (39.4 KB, 500x500)
__RESULT__["C:\\Users\\Admin\\Desktop\\New folder\\SICK_Products\\WTT12-S\\images\\WTT12S-M2569.jpg"]
 -> WTT12S-M2569.xlsx
  => Ket qua: 2 OK, 0 loi, 0 skip / 2 tong

============================================================
[2/643] Dong: DT35-S (expected: 2 SP)
Family: DT35-S | Code: g575302 | Method: FROM_CHECKLIST
============================================================
  Dang lay danh sach san pham tu category g575302...
  Tim thay 2 san pham.
  [1/2] p672240 ...C:\Users\Admin\Desktop\New folder\SICK_Products\DT35-S\DT35S-B15251.xlsx
Saved: C:\Users\Admin\Desktop\New folder\SICK_Products\DT35-S\images\DT35S-B15251.jpg (45.0 KB, 500x500)
__RESULT__["C:\\Users\\Admin\\Desktop\\New folder\\SICK_Products\\DT35-S\\images\\DT35S-B15251.jpg"]
 -> DT35S-B15251.xlsx
  [2/2] p666140 ...C:\Users\Admin\Desktop\New folder\SICK_Products\DT35-S\DT35S-B15551.xlsx
Saved: C:\Users\Admin\Desktop\New folder\SICK_Products\DT35-S\images\DT35S-B15551.jpg (45.0 KB, 500x500)
__RESULT__["C:\\Users\\Admin\\Desktop\\New folder\\SICK_Products\\DT35-S\\images\\DT35S-B15551.jpg"]
 -> DT35S-B15551.xlsx
  => Ket qua: 2 OK, 0 loi, 0 skip / 2 tong

============================================================
[3/643] Dong: Flexi Net (expected: 9 SP)
Family: Flexi Net | Code: g625049 | Method: FROM_CHECKLIST
============================================================
  Dang lay danh sach san pham tu category g625049...
  CategoryCode=7, FamilyCode=2, Parent(rec)=9, UNION=9
  Tim thay 9 san pham.
  [1/9] p689024 ...C:\Users\Admin\Desktop\New folder\SICK_Products\Flexi_Net\FLX3-CPUN100.xlsx
Saved: C:\Users\Admin\Desktop\New folder\SICK_Products\Flexi_Net\images\FLX3-CPUN100.jpg (40.7 KB, 500x500)
__RESULT__["C:\\Users\\Admin\\Desktop\\New folder\\SICK_Products\\Flexi_Net\\images\\FLX3-CPUN100.jpg"]
 -> FLX3-CPUN100.xlsx
  [2/9] p689040 ...C:\Users\Admin\Desktop\New folder\SICK_Products\Flexi_Net\FLX3-GEPR100.xlsx
Saved: C:\Users\Admin\Desktop\New folder\SICK_Products\Flexi_Net\images\FLX3-GEPR100.jpg (29.1 KB, 500x500)
__RESULT__["C:\\Users\\Admin\\Desktop\\New folder\\SICK_Products\\Flexi_Net\\images\\FLX3-GEPR100.jpg"]
 -> FLX3-GEPR100.xlsx
  [3/9] p661376 ...C:\Users\Admin\Desktop\New folder\SICK_Products\Flexi_Net\FLX3-XTDI100.xlsx
Saved: C:\Users\Admin\Desktop\New folder\SICK_Products\Flexi_Net\images\FLX3-XTDI100.jpg (26.4 KB, 500x500)
__RESULT__["C:\\Users\\Admin\\Desktop\\New folder\\SICK_Products\\Flexi_Net\\images\\FLX3-XTDI100.jpg"]
 -> FLX3-XTDI100.xlsx
  [4/9] p661377 ...C:\Users\Admin\Desktop\New folder\SICK_Products\Flexi_Net\FLX3-XTDO100.xlsx
Saved: C:\Users\Admin\Desktop\New folder\SICK_Products\Flexi_Net\images\FLX3-XTDO100.jpg (27.2 KB, 500x500)
__RESULT__["C:\\Users\\Admin\\Desktop\\New folder\\SICK_Products\\Flexi_Net\\images\\FLX3-XTDO100.jpg"]
 -> FLX3-XTDO100.xlsx
  [5/9] p661378 ...C:\Users\Admin\Desktop\New folder\SICK_Products\Flexi_Net\FLX0-GPNT100.xlsx
Saved: C:\Users\Admin\Desktop\New folder\SICK_Products\Flexi_Net\images\FLX0-GPNT100.jpg (26.8 KB, 500x500)
__RESULT__["C:\\Users\\Admin\\Desktop\\New folder\\SICK_Products\\Flexi_Net\\images\\FLX0-GPNT100.jpg"]
 -> FLX0-GPNT100.xlsx
  [6/9] p672093 ...C:\Users\Admin\Desktop\New folder\SICK_Products\Flexi_Net\FLX0-GCAN100.xlsx
Saved: C:\Users\Admin\Desktop\New folder\SICK_Products\Flexi_Net\images\FLX0-GCAN100.jpg (26.0 KB, 500x500)
__RESULT__["C:\\Users\\Admin\\Desktop\\New folder\\SICK_Products\\Flexi_Net\\images\\FLX0-GCAN100.jpg"]
 -> FLX0-GCAN100.xlsx
  [7/9] p661379 ...C:\Users\Admin\Desktop\New folder\SICK_Products\Flexi_Net\FLX0-GETC100.xlsx
Saved: C:\Users\Admin\Desktop\New folder\SICK_Products\Flexi_Net\images\FLX0-GETC100.jpg (27.8 KB, 500x500)
__RESULT__["C:\\Users\\Admin\\Desktop\\New folder\\SICK_Products\\Flexi_Net\\images\\FLX0-GETC100.jpg"]
 -> FLX0-GETC100.xlsx
  [8/9] p538944 ...C:\Users\Admin\Desktop\New folder\SICK_Products\Flexi_Net\RLY3-OSSD100.xlsx
Saved: C:\Users\Admin\Desktop\New folder\SICK_Products\Flexi_Net\images\RLY3-OSSD100.jpg (25.4 KB, 500x500)
__RESULT__["C:\\Users\\Admin\\Desktop\\New folder\\SICK_Products\\Flexi_Net\\images\\RLY3-OSSD100.jpg"]
 -> RLY3-OSSD100.xlsx
  [9/9] p655585 ...C:\Users\Admin\Desktop\New folder\SICK_Products\Flexi_Net\RLY3-OSSD400.xlsx
Saved: C:\Users\Admin\Desktop\New folder\SICK_Products\Flexi_Net\images\RLY3-OSSD400.jpg (28.1 KB, 500x500)
__RESULT__["C:\\Users\\Admin\\Desktop\\New folder\\SICK_Products\\Flexi_Net\\images\\RLY3-OSSD400.jpg"]
 -> RLY3-OSSD400.xlsx
  => Ket qua: 9 OK, 0 loi, 0 skip / 9 tong

============================================================
[4/643] Dong: Flexi Soft (expected: 40 SP)
Family: Flexi Soft | Code: g186176 | Method: FROM_CHECKLIST
============================================================
  Dang lay danh sach san pham tu category g186176...
  CategoryCode=40, FamilyCode=40, Parent(rec)=40, UNION=44
  Tim thay 44 san pham.
  [1/44] p80480 ...C:\Users\Admin\Desktop\New folder\SICK_Products\Flexi_Soft\FX3-XTIO84002.xlsx
Saved: C:\Users\Admin\Desktop\New folder\SICK_Products\Flexi_Soft\images\FX3-XTIO84002.jpg (33.5 KB, 500x500)
__RESULT__["C:\\Users\\Admin\\Desktop\\New folder\\SICK_Products\\Flexi_Soft\\images\\FX3-XTIO84002.jpg"]
 -> FX3-XTIO84002.xlsx
  [2/44] p80477 ...C:\Users\Admin\Desktop\New folder\SICK_Products\Flexi_Soft\FX3-CPU000000.xlsx
Saved: C:\Users\Admin\Desktop\New folder\SICK_Products\Flexi_Soft\images\FX3-CPU000000.jpg (27.1 KB, 500x500)
__RESULT__["C:\\Users\\Admin\\Desktop\\New folder\\SICK_Products\\Flexi_Soft\\images\\FX3-CPU000000.jpg"]
 -> FX3-CPU000000.xlsx
  [3/44] p542844 ...C:\Users\Admin\Desktop\New folder\SICK_Products\Flexi_Soft\FX3-MOC100000.xlsx
Saved: C:\Users\Admin\Desktop\New folder\SICK_Products\Flexi_Soft\images\FX3-MOC100000.jpg (27.7 KB, 500x500)
__RESULT__["C:\\Users\\Admin\\Desktop\\New folder\\SICK_Products\\Flexi_Soft\\images\\FX3-MOC100000.jpg"]
 -> FX3-MOC100000.xlsx
  [4/44] p662580 ...C:\Users\Admin\Desktop\New folder\SICK_Products\Flexi_Soft\FX3-GEPR00010.xlsx
Saved: C:\Users\Admin\Desktop\New folder\SICK_Products\Flexi_Soft\images\FX3-GEPR00010.jpg (28.6 KB, 500x500)
__RESULT__["C:\\Users\\Admin\\Desktop\\New folder\\SICK_Products\\Flexi_Soft\\images\\FX3-GEPR00010.jpg"]
 -> FX3-GEPR00010.xlsx
  [5/44] p592553 ...C:\Users\Admin\Desktop\New folder\SICK_Products\Flexi_Soft\FX3-GEPR00000.xlsx
Saved: C:\Users\Admin\Desktop\New folder\SICK_Products\Flexi_Soft\images\FX3-GEPR00000.jpg (28.6 KB, 500x500)
__RESULT__["C:\\Users\\Admin\\Desktop\\New folder\\SICK_Products\\Flexi_Soft\\images\\FX3-GEPR00000.jpg"]
 -> FX3-GEPR00000.xlsx
  [6/44] p255976 ...C:\Users\Admin\Desktop\New folder\SICK_Products\Flexi_Soft\FX0-GETC00000.xlsx
Saved: C:\Users\Admin\Desktop\New folder\SICK_Products\Flexi_Soft\images\FX0-GETC00000.jpg (25.8 KB, 500x500)
__RESULT__["C:\\Users\\Admin\\Desktop\\New folder\\SICK_Products\\Flexi_Soft\\images\\FX0-GETC00000.jpg"]
 -> FX0-GETC00000.xlsx
  [7/44] p552645 ...C:\Users\Admin\Desktop\New folder\SICK_Products\Flexi_Soft\FX3-CPU130012.xlsx
Saved: C:\Users\Admin\Desktop\New folder\SICK_Products\Flexi_Soft\images\FX3-CPU130012.jpg (28.5 KB, 500x500)
__RESULT__["C:\\Users\\Admin\\Desktop\\New folder\\SICK_Products\\Flexi_Soft\\images\\FX3-CPU130012.jpg"]
 -> FX3-CPU130012.xlsx
  [8/44] p315800 ...C:\Users\Admin\Desktop\New folder\SICK_Products\Flexi_Soft\FX3-MOC000000.xlsx
Saved: C:\Users\Admin\Desktop\New folder\SICK_Products\Flexi_Soft\images\FX3-MOC000000.jpg (28.0 KB, 500x500)
__RESULT__["C:\\Users\\Admin\\Desktop\\New folder\\SICK_Products\\Flexi_Soft\\images\\FX3-MOC000000.jpg"]
 -> FX3-MOC000000.xlsx
  [9/44] p80484 ...C:\Users\Admin\Desktop\New folder\SICK_Products\Flexi_Soft\FX0-GMOD00000.xlsx
Saved: C:\Users\Admin\Desktop\New folder\SICK_Products\Flexi_Soft\images\FX0-GMOD00000.jpg (24.5 KB, 500x500)
__RESULT__["C:\\Users\\Admin\\Desktop\\New folder\\SICK_Products\\Flexi_Soft\\images\\FX0-GMOD00000.jpg"]
 -> FX0-GMOD00000.xlsx
  [10/44] p340944 ...C:\Users\Admin\Desktop\New folder\SICK_Products\Flexi_Soft\FX3-CPU320002.xlsx
Saved: C:\Users\Admin\Desktop\New folder\SICK_Products\Flexi_Soft\images\FX3-CPU320002.jpg (34.1 KB, 500x500)
__RESULT__["C:\\Users\\Admin\\Desktop\\New folder\\SICK_Products\\Flexi_Soft\\images\\FX3-CPU320002.jpg"]
 -> FX3-CPU320002.xlsx
  [11/44] p80487 ...C:\Users\Admin\Desktop\New folder\SICK_Products\Flexi_Soft\FX0-GPNT00000.xlsx
Saved: C:\Users\Admin\Desktop\New folder\SICK_Products\Flexi_Soft\images\FX0-GPNT00000.jpg (24.5 KB, 500x500)
__RESULT__["C:\\Users\\Admin\\Desktop\\New folder\\SICK_Products\\Flexi_Soft\\images\\FX0-GPNT00000.jpg"]
 -> FX0-GPNT00000.xlsx
  [12/44] p674320 ...C:\Users\Admin\Desktop\New folder\SICK_Products\Flexi_Soft\FX0-GPRO00010.xlsx
Saved: C:\Users\Admin\Desktop\New folder\SICK_Products\Flexi_Soft\images\FX0-GPRO00010.jpg (30.1 KB, 500x500)
__RESULT__["C:\\Users\\Admin\\Desktop\\New folder\\SICK_Products\\Flexi_Soft\\images\\FX0-GPRO00010.jpg"]
 -> FX0-GPRO00010.xlsx
  [13/44] p674319 ...C:\Users\Admin\Desktop\New folder\SICK_Products\Flexi_Soft\FX0-GETC00010.xlsx
Saved: C:\Users\Admin\Desktop\New folder\SICK_Products\Flexi_Soft\images\FX0-GETC00010.jpg (25.8 KB, 500x500)
__RESULT__["C:\\Users\\Admin\\Desktop\\New folder\\SICK_Products\\Flexi_Soft\\images\\FX0-GETC00010.jpg"]
 -> FX0-GETC00010.xlsx
  [14/44] p316848 ...C:\Users\Admin\Desktop\New folder\SICK_Products\Flexi_Soft\FX3-XTDS84002.xlsx
Saved: C:\Users\Admin\Desktop\New folder\SICK_Products\Flexi_Soft\images\FX3-XTDS84002.jpg (31.0 KB, 500x500)
__RESULT__["C:\\Users\\Admin\\Desktop\\New folder\\SICK_Products\\Flexi_Soft\\images\\FX3-XTDS84002.jpg"]
 -> FX3-XTDS84002.xlsx
  [15/44] p662585 ...C:\Users\Admin\Desktop\New folder\SICK_Products\Flexi_Soft\FX3-CPU320012.xlsx
Saved: C:\Users\Admin\Desktop\New folder\SICK_Products\Flexi_Soft\images\FX3-CPU320012.jpg (34.1 KB, 500x500)
__RESULT__["C:\\Users\\Admin\\Desktop\\New folder\\SICK_Products\\Flexi_Soft\\images\\FX3-CPU320012.jpg"]
 -> FX3-CPU320012.xlsx
  [16/44] p674322 ...C:\Users\Admin\Desktop\New folder\SICK_Products\Flexi_Soft\FX0-GENT00010.xlsx
Saved: C:\Users\Admin\Desktop\New folder\SICK_Products\Flexi_Soft\images\FX0-GENT00010.jpg (22.2 KB, 500x500)
__RESULT__["C:\\Users\\Admin\\Desktop\\New folder\\SICK_Products\\Flexi_Soft\\images\\FX0-GENT00010.jpg"]
 -> FX0-GENT00010.xlsx
  [17/44] p662582 ...C:\Users\Admin\Desktop\New folder\SICK_Products\Flexi_Soft\FX3-MOC100010.xlsx
Saved: C:\Users\Admin\Desktop\New folder\SICK_Products\Flexi_Soft\images\FX3-MOC100010.jpg (27.7 KB, 500x500)
__RESULT__["C:\\Users\\Admin\\Desktop\\New folder\\SICK_Products\\Flexi_Soft\\images\\FX3-MOC100010.jpg"]
 -> FX3-MOC100010.xlsx
  [18/44] p80479 ...C:\Users\Admin\Desktop\New folder\SICK_Products\Flexi_Soft\FX3-XTDI80002.xlsx
Saved: C:\Users\Admin\Desktop\New folder\SICK_Products\Flexi_Soft\images\FX3-XTDI80002.jpg (33.7 KB, 500x500)
__RESULT__["C:\\Users\\Admin\\Desktop\\New folder\\SICK_Products\\Flexi_Soft\\images\\FX3-XTDI80002.jpg"]
 -> FX3-XTDI80002.xlsx
  [19/44] p316849 ...C:\Users\Admin\Desktop\New folder\SICK_Products\Flexi_Soft\FX0-STIO68002.xlsx
Saved: C:\Users\Admin\Desktop\New folder\SICK_Products\Flexi_Soft\images\FX0-STIO68002.jpg (27.9 KB, 500x500)
__RESULT__["C:\\Users\\Admin\\Desktop\\New folder\\SICK_Products\\Flexi_Soft\\images\\FX0-STIO68002.jpg"]
 -> FX0-STIO68002.xlsx
  [20/44] p662584 ...C:\Users\Admin\Desktop\New folder\SICK_Products\Flexi_Soft\FX3-XTDS84012.xlsx
Saved: C:\Users\Admin\Desktop\New folder\SICK_Products\Flexi_Soft\images\FX3-XTDS84012.jpg (31.0 KB, 500x500)
__RESULT__["C:\\Users\\Admin\\Desktop\\New folder\\SICK_Products\\Flexi_Soft\\images\\FX3-XTDS84012.jpg"]
 -> FX3-XTDS84012.xlsx
  [21/44] p674321 ...C:\Users\Admin\Desktop\New folder\SICK_Products\Flexi_Soft\FX0-GPNT00010.xlsx
Saved: C:\Users\Admin\Desktop\New folder\SICK_Products\Flexi_Soft\images\FX0-GPNT00010.jpg (24.5 KB, 500x500)
__RESULT__["C:\\Users\\Admin\\Desktop\\New folder\\SICK_Products\\Flexi_Soft\\images\\FX0-GPNT00010.jpg"]
 -> FX0-GPNT00010.xlsx
  [22/44] p80478 ...C:\Users\Admin\Desktop\New folder\SICK_Products\Flexi_Soft\FX3-CPU130002.xlsx
Saved: C:\Users\Admin\Desktop\New folder\SICK_Products\Flexi_Soft\images\FX3-CPU130002.jpg (28.5 KB, 500x500)
__RESULT__["C:\\Users\\Admin\\Desktop\\New folder\\SICK_Products\\Flexi_Soft\\images\\FX3-CPU130002.jpg"]
 -> FX3-CPU130002.xlsx
  [23/44] p316846 ...C:\Users\Admin\Desktop\New folder\SICK_Products\Flexi_Soft\FX3-CPU230002.xlsx
Saved: C:\Users\Admin\Desktop\New folder\SICK_Products\Flexi_Soft\images\FX3-CPU230002.jpg (32.0 KB, 500x500)
__RESULT__["C:\\Users\\Admin\\Desktop\\New folder\\SICK_Products\\Flexi_Soft\\images\\FX3-CPU230002.jpg"]
 -> FX3-CPU230002.xlsx
  [24/44] p542845 ...C:\Users\Admin\Desktop\New folder\SICK_Products\Flexi_Soft\FX3-ANA020002.xlsx
Saved: C:\Users\Admin\Desktop\New folder\SICK_Products\Flexi_Soft\images\FX3-ANA020002.jpg (27.1 KB, 500x500)
__RESULT__["C:\\Users\\Admin\\Desktop\\New folder\\SICK_Products\\Flexi_Soft\\images\\FX3-ANA020002.jpg"]
 -> FX3-ANA020002.xlsx
  [25/44] p513045 ...C:\Users\Admin\Desktop\New folder\SICK_Products\Flexi_Soft\FX0-GCC100200.xlsx
Saved: C:\Users\Admin\Desktop\New folder\SICK_Products\Flexi_Soft\images\FX0-GCC100200.jpg (32.7 KB, 500x500)
__RESULT__["C:\\Users\\Admin\\Desktop\\New folder\\SICK_Products\\Flexi_Soft\\images\\FX0-GCC100200.jpg"]
 -> FX0-GCC100200.xlsx
  [26/44] p662581 ...C:\Users\Admin\Desktop\New folder\SICK_Products\Flexi_Soft\FX3-ANA020012.xlsx
Saved: C:\Users\Admin\Desktop\New folder\SICK_Products\Flexi_Soft\images\FX3-ANA020012.jpg (27.1 KB, 500x500)
__RESULT__["C:\\Users\\Admin\\Desktop\\New folder\\SICK_Products\\Flexi_Soft\\images\\FX3-ANA020012.jpg"]
 -> FX3-ANA020012.xlsx
  [27/44] p662579 ...C:\Users\Admin\Desktop\New folder\SICK_Products\Flexi_Soft\FX0-STIO68012.xlsx
Saved: C:\Users\Admin\Desktop\New folder\SICK_Products\Flexi_Soft\images\FX0-STIO68012.jpg (27.9 KB, 500x500)
__RESULT__["C:\\Users\\Admin\\Desktop\\New folder\\SICK_Products\\Flexi_Soft\\images\\FX0-STIO68012.jpg"]
 -> FX0-STIO68012.xlsx
  [28/44] p552644 ...C:\Users\Admin\Desktop\New folder\SICK_Products\Flexi_Soft\FX3-CPU000010.xlsx
Saved: C:\Users\Admin\Desktop\New folder\SICK_Products\Flexi_Soft\images\FX3-CPU000010.jpg (27.1 KB, 500x500)
__RESULT__["C:\\Users\\Admin\\Desktop\\New folder\\SICK_Products\\Flexi_Soft\\images\\FX3-CPU000010.jpg"]
 -> FX3-CPU000010.xlsx
  [29/44] p674323 ...C:\Users\Admin\Desktop\New folder\SICK_Products\Flexi_Soft\FX0-GMOD00010.xlsx
Saved: C:\Users\Admin\Desktop\New folder\SICK_Products\Flexi_Soft\images\FX0-GMOD00010.jpg (24.5 KB, 500x500)
__RESULT__["C:\\Users\\Admin\\Desktop\\New folder\\SICK_Products\\Flexi_Soft\\images\\FX0-GMOD00010.jpg"]
 -> FX0-GMOD00010.xlsx
  [30/44] p552646 ...C:\Users\Admin\Desktop\New folder\SICK_Products\Flexi_Soft\FX3-XTIO84012.xlsx
Saved: C:\Users\Admin\Desktop\New folder\SICK_Products\Flexi_Soft\images\FX3-XTIO84012.jpg (33.5 KB, 500x500)
__RESULT__["C:\\Users\\Admin\\Desktop\\New folder\\SICK_Products\\Flexi_Soft\\images\\FX3-XTIO84012.jpg"]
 -> FX3-XTIO84012.xlsx
  [31/44] p80481 ...C:\Users\Admin\Desktop\New folder\SICK_Products\Flexi_Soft\FX0-GPRO00000.xlsx
Saved: C:\Users\Admin\Desktop\New folder\SICK_Products\Flexi_Soft\images\FX0-GPRO00000.jpg (30.1 KB, 500x500)
__RESULT__["C:\\Users\\Admin\\Desktop\\New folder\\SICK_Products\\Flexi_Soft\\images\\FX0-GPRO00000.jpg"]
 -> FX0-GPRO00000.xlsx
  [32/44] p80485 ...C:\Users\Admin\Desktop\New folder\SICK_Products\Flexi_Soft\FX0-GENT00000.xlsx
Saved: C:\Users\Admin\Desktop\New folder\SICK_Products\Flexi_Soft\images\FX0-GENT00000.jpg (22.2 KB, 500x500)
__RESULT__["C:\\Users\\Admin\\Desktop\\New folder\\SICK_Products\\Flexi_Soft\\images\\FX0-GENT00000.jpg"]
 -> FX0-GENT00000.xlsx
  [33/44] p80483 ...C:\Users\Admin\Desktop\New folder\SICK_Products\Flexi_Soft\FX0-GDEV00000.xlsx
Saved: C:\Users\Admin\Desktop\New folder\SICK_Products\Flexi_Soft\images\FX0-GDEV00000.jpg (25.4 KB, 500x500)
__RESULT__["C:\\Users\\Admin\\Desktop\\New folder\\SICK_Products\\Flexi_Soft\\images\\FX0-GDEV00000.jpg"]
 -> FX0-GDEV00000.xlsx
  [34/44] p80482 ...C:\Users\Admin\Desktop\New folder\SICK_Products\Flexi_Soft\FX0-GCAN00000.xlsx
Saved: C:\Users\Admin\Desktop\New folder\SICK_Products\Flexi_Soft\images\FX0-GCAN00000.jpg (29.6 KB, 500x500)
__RESULT__["C:\\Users\\Admin\\Desktop\\New folder\\SICK_Products\\Flexi_Soft\\images\\FX0-GCAN00000.jpg"]
 -> FX0-GCAN00000.xlsx
  [35/44] p552647 ...C:\Users\Admin\Desktop\New folder\SICK_Products\Flexi_Soft\FX3-XTDI80012.xlsx
Saved: C:\Users\Admin\Desktop\New folder\SICK_Products\Flexi_Soft\images\FX3-XTDI80012.jpg (33.7 KB, 500x500)
__RESULT__["C:\\Users\\Admin\\Desktop\\New folder\\SICK_Products\\Flexi_Soft\\images\\FX3-XTDI80012.jpg"]
 -> FX3-XTDI80012.xlsx
  [36/44] p665890 ...C:\Users\Admin\Desktop\New folder\SICK_Products\Flexi_Soft\FX0-GCAN00010.xlsx
Saved: C:\Users\Admin\Desktop\New folder\SICK_Products\Flexi_Soft\images\FX0-GCAN00010.jpg (29.6 KB, 500x500)
__RESULT__["C:\\Users\\Admin\\Desktop\\New folder\\SICK_Products\\Flexi_Soft\\images\\FX0-GCAN00010.jpg"]
 -> FX0-GCAN00010.xlsx
  [37/44] p552648 ...C:\Users\Admin\Desktop\New folder\SICK_Products\Flexi_Soft\UE410-4RO401.xlsx
Saved: C:\Users\Admin\Desktop\New folder\SICK_Products\Flexi_Soft\images\UE410-4RO401.jpg (35.4 KB, 500x500)
__RESULT__["C:\\Users\\Admin\\Desktop\\New folder\\SICK_Products\\Flexi_Soft\\images\\UE410-4RO401.jpg"]
 -> UE410-4RO401.xlsx
  [38/44] p54589 ...C:\Users\Admin\Desktop\New folder\SICK_Products\Flexi_Soft\UE410-4RO4.xlsx
Saved: C:\Users\Admin\Desktop\New folder\SICK_Products\Flexi_Soft\images\UE410-4RO4.jpg (35.4 KB, 500x500)
__RESULT__["C:\\Users\\Admin\\Desktop\\New folder\\SICK_Products\\Flexi_Soft\\images\\UE410-4RO4.jpg"]
 -> UE410-4RO4.xlsx
  [39/44] p54587 ...C:\Users\Admin\Desktop\New folder\SICK_Products\Flexi_Soft\UE410-2RO4.xlsx
Saved: C:\Users\Admin\Desktop\New folder\SICK_Products\Flexi_Soft\images\UE410-2RO4.jpg (33.5 KB, 500x500)
__RESULT__["C:\\Users\\Admin\\Desktop\\New folder\\SICK_Products\\Flexi_Soft\\images\\UE410-2RO4.jpg"]
 -> UE410-2RO4.xlsx
  [40/44] p665888 ...C:\Users\Admin\Desktop\New folder\SICK_Products\Flexi_Soft\UE410-2RO401.xlsx
Saved: C:\Users\Admin\Desktop\New folder\SICK_Products\Flexi_Soft\images\UE410-2RO401.jpg (33.5 KB, 500x500)
__RESULT__["C:\\Users\\Admin\\Desktop\\New folder\\SICK_Products\\Flexi_Soft\\images\\UE410-2RO401.jpg"]
 -> UE410-2RO401.xlsx
  [41/44] p665891 ...C:\Users\Admin\Desktop\New folder\SICK_Products\Flexi_Soft\FX0-GCAN00010S25.xlsx
Saved: C:\Users\Admin\Desktop\New folder\SICK_Products\Flexi_Soft\images\FX0-GCAN00010S25.jpg (29.6 KB, 500x500)
__RESULT__["C:\\Users\\Admin\\Desktop\\New folder\\SICK_Products\\Flexi_Soft\\images\\FX0-GCAN00010S25.jpg"]
 -> FX0-GCAN00010S25.xlsx
  [42/44] p655952 ...C:\Users\Admin\Desktop\New folder\SICK_Products\Flexi_Soft\FX0-GENT00030.xlsx
Saved: C:\Users\Admin\Desktop\New folder\SICK_Products\Flexi_Soft\images\FX0-GENT00030.jpg (22.9 KB, 500x500)
__RESULT__["C:\\Users\\Admin\\Desktop\\New folder\\SICK_Products\\Flexi_Soft\\images\\FX0-GENT00030.jpg"]
 -> FX0-GENT00030.xlsx
  [43/44] p683835 ...C:\Users\Admin\Desktop\New folder\SICK_Products\Flexi_Soft\FX0-GMOD00030.xlsx
Saved: C:\Users\Admin\Desktop\New folder\SICK_Products\Flexi_Soft\images\FX0-GMOD00030.jpg (27.7 KB, 500x500)
__RESULT__["C:\\Users\\Admin\\Desktop\\New folder\\SICK_Products\\Flexi_Soft\\images\\FX0-GMOD00030.jpg"]
 -> FX0-GMOD00030.xlsx
  [44/44] p655953 ...C:\Users\Admin\Desktop\New folder\SICK_Products\Flexi_Soft\FX0-GPNT00030.xlsx
Saved: C:\Users\Admin\Desktop\New folder\SICK_Products\Flexi_Soft\images\FX0-GPNT00030.jpg (22.7 KB, 500x500)
__RESULT__["C:\\Users\\Admin\\Desktop\\New folder\\SICK_Products\\Flexi_Soft\\images\\FX0-GPNT00030.jpg"]
 -> FX0-GPNT00030.xlsx
  => Ket qua: 44 OK, 0 loi, 0 skip / 44 tong

============================================================
[5/643] Dong: Flexi Compact (expected: 7 SP)
Family: Flexi Compact | Code: g547438 | Method: FROM_CHECKLIST
============================================================
  Dang lay danh sach san pham tu category g547438...
  Tim thay 9 san pham.
  [1/9] p661374 ...C:\Users\Admin\Desktop\New folder\SICK_Products\Flexi_Compact\FLX3-CPUC100.xlsx
Saved: C:\Users\Admin\Desktop\New folder\SICK_Products\Flexi_Compact\images\FLX3-CPUC100.jpg (35.3 KB, 500x500)
__RESULT__["C:\\Users\\Admin\\Desktop\\New folder\\SICK_Products\\Flexi_Compact\\images\\FLX3-CPUC100.jpg"]
 -> FLX3-CPUC100.xlsx
  [2/9] p661375 ...C:\Users\Admin\Desktop\New folder\SICK_Products\Flexi_Compact\FLX3-CPUC200.xlsx
Saved: C:\Users\Admin\Desktop\New folder\SICK_Products\Flexi_Compact\images\FLX3-CPUC200.jpg (36.6 KB, 500x500)
__RESULT__["C:\\Users\\Admin\\Desktop\\New folder\\SICK_Products\\Flexi_Compact\\images\\FLX3-CPUC200.jpg"]
 -> FLX3-CPUC200.xlsx
  [3/9] p538944 ...C:\Users\Admin\Desktop\New folder\SICK_Products\Flexi_Compact\RLY3-OSSD100.xlsx
Saved: C:\Users\Admin\Desktop\New folder\SICK_Products\Flexi_Compact\images\RLY3-OSSD100.jpg (25.4 KB, 500x500)
__RESULT__["C:\\Users\\Admin\\Desktop\\New folder\\SICK_Products\\Flexi_Compact\\images\\RLY3-OSSD100.jpg"]
 -> RLY3-OSSD100.xlsx
  [4/9] p661376 ...C:\Users\Admin\Desktop\New folder\SICK_Products\Flexi_Compact\FLX3-XTDI100.xlsx
Saved: C:\Users\Admin\Desktop\New folder\SICK_Products\Flexi_Compact\images\FLX3-XTDI100.jpg (26.4 KB, 500x500)
__RESULT__["C:\\Users\\Admin\\Desktop\\New folder\\SICK_Products\\Flexi_Compact\\images\\FLX3-XTDI100.jpg"]
 -> FLX3-XTDI100.xlsx
  [5/9] p655585 ...C:\Users\Admin\Desktop\New folder\SICK_Products\Flexi_Compact\RLY3-OSSD400.xlsx
Saved: C:\Users\Admin\Desktop\New folder\SICK_Products\Flexi_Compact\images\RLY3-OSSD400.jpg (28.1 KB, 500x500)
__RESULT__["C:\\Users\\Admin\\Desktop\\New folder\\SICK_Products\\Flexi_Compact\\images\\RLY3-OSSD400.jpg"]
 -> RLY3-OSSD400.xlsx
  [6/9] p661377 ...C:\Users\Admin\Desktop\New folder\SICK_Products\Flexi_Compact\FLX3-XTDO100.xlsx
Saved: C:\Users\Admin\Desktop\New folder\SICK_Products\Flexi_Compact\images\FLX3-XTDO100.jpg (27.2 KB, 500x500)
__RESULT__["C:\\Users\\Admin\\Desktop\\New folder\\SICK_Products\\Flexi_Compact\\images\\FLX3-XTDO100.jpg"]
 -> FLX3-XTDO100.xlsx
  [7/9] p661378 ...C:\Users\Admin\Desktop\New folder\SICK_Products\Flexi_Compact\FLX0-GPNT100.xlsx
Saved: C:\Users\Admin\Desktop\New folder\SICK_Products\Flexi_Compact\images\FLX0-GPNT100.jpg (26.8 KB, 500x500)
__RESULT__["C:\\Users\\Admin\\Desktop\\New folder\\SICK_Products\\Flexi_Compact\\images\\FLX0-GPNT100.jpg"]
 -> FLX0-GPNT100.xlsx
  [8/9] p672093 ...C:\Users\Admin\Desktop\New folder\SICK_Products\Flexi_Compact\FLX0-GCAN100.xlsx
Saved: C:\Users\Admin\Desktop\New folder\SICK_Products\Flexi_Compact\images\FLX0-GCAN100.jpg (26.0 KB, 500x500)
__RESULT__["C:\\Users\\Admin\\Desktop\\New folder\\SICK_Products\\Flexi_Compact\\images\\FLX0-GCAN100.jpg"]
 -> FLX0-GCAN100.xlsx
  [9/9] p661379 ...C:\Users\Admin\Desktop\New folder\SICK_Products\Flexi_Compact\FLX0-GETC100.xlsx
Saved: C:\Users\Admin\Desktop\New folder\SICK_Products\Flexi_Compact\images\FLX0-GETC100.jpg (27.8 KB, 500x500)
__RESULT__["C:\\Users\\Admin\\Desktop\\New folder\\SICK_Products\\Flexi_Compact\\images\\FLX0-GETC100.jpg"]
 -> FLX0-GETC100.xlsx
  => Ket qua: 9 OK, 0 loi, 0 skip / 9 tong

============================================================
[6/643] Dong: Flexi Classic (expected: 32 SP)
Family: Flexi Classic | Code: g186175 | Method: FROM_CHECKLIST
============================================================
  Dang lay danh sach san pham tu category g186175...
  CategoryCode=32, FamilyCode=41, Parent(rec)=32, UNION=41
  Tim thay 41 san pham.
  [1/41] p76145 ...C:\Users\Admin\Desktop\New folder\SICK_Products\Flexi_Classic\UE410-MM4.xlsx
Saved: C:\Users\Admin\Desktop\New folder\SICK_Products\Flexi_Classic\images\UE410-MM4.jpg (34.8 KB, 500x500)
__RESULT__["C:\\Users\\Admin\\Desktop\\New folder\\SICK_Products\\Flexi_Classic\\images\\UE410-MM4.jpg"]
 -> UE410-MM4.xlsx
  [2/41] p651730 ...C:\Users\Admin\Desktop\New folder\SICK_Products\Flexi_Classic\UE410-GU4.xlsx
Saved: C:\Users\Admin\Desktop\New folder\SICK_Products\Flexi_Classic\images\UE410-GU4.jpg (30.7 KB, 500x500)
__RESULT__["C:\\Users\\Admin\\Desktop\\New folder\\SICK_Products\\Flexi_Classic\\images\\UE410-GU4.jpg"]
 -> UE410-GU4.xlsx
  [3/41] p54587 ...C:\Users\Admin\Desktop\New folder\SICK_Products\Flexi_Classic\UE410-2RO4.xlsx
Saved: C:\Users\Admin\Desktop\New folder\SICK_Products\Flexi_Classic\images\UE410-2RO4.jpg (33.5 KB, 500x500)
__RESULT__["C:\\Users\\Admin\\Desktop\\New folder\\SICK_Products\\Flexi_Classic\\images\\UE410-2RO4.jpg"]
 -> UE410-2RO4.xlsx
  [4/41] p54589 ...C:\Users\Admin\Desktop\New folder\SICK_Products\Flexi_Classic\UE410-4RO4.xlsx
Saved: C:\Users\Admin\Desktop\New folder\SICK_Products\Flexi_Classic\images\UE410-4RO4.jpg (35.4 KB, 500x500)
__RESULT__["C:\\Users\\Admin\\Desktop\\New folder\\SICK_Products\\Flexi_Classic\\images\\UE410-4RO4.jpg"]
 -> UE410-4RO4.xlsx
  [5/41] p54580 ...C:\Users\Admin\Desktop\New folder\SICK_Products\Flexi_Classic\UE410-XU4T5.xlsx
Saved: C:\Users\Admin\Desktop\New folder\SICK_Products\Flexi_Classic\images\UE410-XU4T5.jpg (35.6 KB, 500x500)
__RESULT__["C:\\Users\\Admin\\Desktop\\New folder\\SICK_Products\\Flexi_Classic\\images\\UE410-XU4T5.jpg"]
 -> UE410-XU4T5.xlsx
  [6/41] p54579 ...C:\Users\Admin\Desktop\New folder\SICK_Products\Flexi_Classic\UE410-XU3T300.xlsx
Saved: C:\Users\Admin\Desktop\New folder\SICK_Products\Flexi_Classic\images\UE410-XU3T300.jpg (35.6 KB, 500x500)
__RESULT__["C:\\Users\\Admin\\Desktop\\New folder\\SICK_Products\\Flexi_Classic\\images\\UE410-XU3T300.jpg"]
 -> UE410-XU3T300.xlsx
  [7/41] p54578 ...C:\Users\Admin\Desktop\New folder\SICK_Products\Flexi_Classic\UE410-XU3T50.xlsx
Saved: C:\Users\Admin\Desktop\New folder\SICK_Products\Flexi_Classic\images\UE410-XU3T50.jpg (35.6 KB, 500x500)
__RESULT__["C:\\Users\\Admin\\Desktop\\New folder\\SICK_Products\\Flexi_Classic\\images\\UE410-XU3T50.jpg"]
 -> UE410-XU3T50.xlsx
  [8/41] p54576 ...C:\Users\Admin\Desktop\New folder\SICK_Products\Flexi_Classic\UE410-MU4T300.xlsx
Saved: C:\Users\Admin\Desktop\New folder\SICK_Products\Flexi_Classic\images\UE410-MU4T300.jpg (31.8 KB, 500x500)
__RESULT__["C:\\Users\\Admin\\Desktop\\New folder\\SICK_Products\\Flexi_Classic\\images\\UE410-MU4T300.jpg"]
 -> UE410-MU4T300.xlsx
  [9/41] p175347 ...C:\Users\Admin\Desktop\New folder\SICK_Products\Flexi_Classic\UE410-XU4T0.xlsx
Saved: C:\Users\Admin\Desktop\New folder\SICK_Products\Flexi_Classic\images\UE410-XU4T0.jpg (35.6 KB, 500x500)
__RESULT__["C:\\Users\\Admin\\Desktop\\New folder\\SICK_Products\\Flexi_Classic\\images\\UE410-XU4T0.jpg"]
 -> UE410-XU4T0.xlsx
  [10/41] p54575 ...C:\Users\Admin\Desktop\New folder\SICK_Products\Flexi_Classic\UE410-MU4T50.xlsx
Saved: C:\Users\Admin\Desktop\New folder\SICK_Products\Flexi_Classic\images\UE410-MU4T50.jpg (31.8 KB, 500x500)
__RESULT__["C:\\Users\\Admin\\Desktop\\New folder\\SICK_Products\\Flexi_Classic\\images\\UE410-MU4T50.jpg"]
 -> UE410-MU4T50.xlsx
  [11/41] p54586 ...C:\Users\Admin\Desktop\New folder\SICK_Products\Flexi_Classic\UE410-8DI4.xlsx
Saved: C:\Users\Admin\Desktop\New folder\SICK_Products\Flexi_Classic\images\UE410-8DI4.jpg (35.7 KB, 500x500)
__RESULT__["C:\\Users\\Admin\\Desktop\\New folder\\SICK_Products\\Flexi_Classic\\images\\UE410-8DI4.jpg"]
 -> UE410-8DI4.xlsx
  [12/41] p76144 ...C:\Users\Admin\Desktop\New folder\SICK_Products\Flexi_Classic\UE410-MM3.xlsx
Saved: C:\Users\Admin\Desktop\New folder\SICK_Products\Flexi_Classic\images\UE410-MM3.jpg (34.8 KB, 500x500)
__RESULT__["C:\\Users\\Admin\\Desktop\\New folder\\SICK_Products\\Flexi_Classic\\images\\UE410-MM3.jpg"]
 -> UE410-MM3.xlsx
  [13/41] p175346 ...C:\Users\Admin\Desktop\New folder\SICK_Products\Flexi_Classic\UE410-XU3T0.xlsx
Saved: C:\Users\Admin\Desktop\New folder\SICK_Products\Flexi_Classic\images\UE410-XU3T0.jpg (35.6 KB, 500x500)
__RESULT__["C:\\Users\\Admin\\Desktop\\New folder\\SICK_Products\\Flexi_Classic\\images\\UE410-XU3T0.jpg"]
 -> UE410-XU3T0.xlsx
  [14/41] p54573 ...C:\Users\Admin\Desktop\New folder\SICK_Products\Flexi_Classic\UE410-MU3T300.xlsx
Saved: C:\Users\Admin\Desktop\New folder\SICK_Products\Flexi_Classic\images\UE410-MU3T300.jpg (31.8 KB, 500x500)
__RESULT__["C:\\Users\\Admin\\Desktop\\New folder\\SICK_Products\\Flexi_Classic\\images\\UE410-MU3T300.jpg"]
 -> UE410-MU3T300.xlsx
  [15/41] p76149 ...C:\Users\Admin\Desktop\New folder\SICK_Products\Flexi_Classic\UE410-MDI4.xlsx
Saved: C:\Users\Admin\Desktop\New folder\SICK_Products\Flexi_Classic\images\UE410-MDI4.jpg (29.2 KB, 500x500)
__RESULT__["C:\\Users\\Admin\\Desktop\\New folder\\SICK_Products\\Flexi_Classic\\images\\UE410-MDI4.jpg"]
 -> UE410-MDI4.xlsx
  [16/41] p54581 ...C:\Users\Admin\Desktop\New folder\SICK_Products\Flexi_Classic\UE410-XU4T50.xlsx
Saved: C:\Users\Admin\Desktop\New folder\SICK_Products\Flexi_Classic\images\UE410-XU4T50.jpg (35.6 KB, 500x500)
__RESULT__["C:\\Users\\Admin\\Desktop\\New folder\\SICK_Products\\Flexi_Classic\\images\\UE410-XU4T50.jpg"]
 -> UE410-XU4T50.xlsx
  [17/41] p175340 ...C:\Users\Admin\Desktop\New folder\SICK_Products\Flexi_Classic\UE410-MU3T0.xlsx
Saved: C:\Users\Admin\Desktop\New folder\SICK_Products\Flexi_Classic\images\UE410-MU3T0.jpg (31.8 KB, 500x500)
__RESULT__["C:\\Users\\Admin\\Desktop\\New folder\\SICK_Products\\Flexi_Classic\\images\\UE410-MU3T0.jpg"]
 -> UE410-MU3T0.xlsx
  [18/41] p175344 ...C:\Users\Admin\Desktop\New folder\SICK_Products\Flexi_Classic\UE410-MU4T0.xlsx
Saved: C:\Users\Admin\Desktop\New folder\SICK_Products\Flexi_Classic\images\UE410-MU4T0.jpg (31.8 KB, 500x500)
__RESULT__["C:\\Users\\Admin\\Desktop\\New folder\\SICK_Products\\Flexi_Classic\\images\\UE410-MU4T0.jpg"]
 -> UE410-MU4T0.xlsx
  [19/41] p76148 ...C:\Users\Admin\Desktop\New folder\SICK_Products\Flexi_Classic\UE410-MDI3.xlsx
Saved: C:\Users\Admin\Desktop\New folder\SICK_Products\Flexi_Classic\images\UE410-MDI3.jpg (29.2 KB, 500x500)
__RESULT__["C:\\Users\\Admin\\Desktop\\New folder\\SICK_Products\\Flexi_Classic\\images\\UE410-MDI3.jpg"]
 -> UE410-MDI3.xlsx
  [20/41] p54574 ...C:\Users\Admin\Desktop\New folder\SICK_Products\Flexi_Classic\UE410-MU4T5.xlsx
Saved: C:\Users\Admin\Desktop\New folder\SICK_Products\Flexi_Classic\images\UE410-MU4T5.jpg (31.8 KB, 500x500)
__RESULT__["C:\\Users\\Admin\\Desktop\\New folder\\SICK_Products\\Flexi_Classic\\images\\UE410-MU4T5.jpg"]
 -> UE410-MU4T5.xlsx
  [21/41] p54582 ...C:\Users\Admin\Desktop\New folder\SICK_Products\Flexi_Classic\UE410-XU4T300.xlsx
Saved: C:\Users\Admin\Desktop\New folder\SICK_Products\Flexi_Classic\images\UE410-XU4T300.jpg (35.6 KB, 500x500)
__RESULT__["C:\\Users\\Admin\\Desktop\\New folder\\SICK_Products\\Flexi_Classic\\images\\UE410-XU4T300.jpg"]
 -> UE410-XU4T300.xlsx
  [22/41] p552648 ...C:\Users\Admin\Desktop\New folder\SICK_Products\Flexi_Classic\UE410-4RO401.xlsx
Saved: C:\Users\Admin\Desktop\New folder\SICK_Products\Flexi_Classic\images\UE410-4RO401.jpg (35.4 KB, 500x500)
__RESULT__["C:\\Users\\Admin\\Desktop\\New folder\\SICK_Products\\Flexi_Classic\\images\\UE410-4RO401.jpg"]
 -> UE410-4RO401.xlsx
  [23/41] p665888 ...C:\Users\Admin\Desktop\New folder\SICK_Products\Flexi_Classic\UE410-2RO401.xlsx
Saved: C:\Users\Admin\Desktop\New folder\SICK_Products\Flexi_Classic\images\UE410-2RO401.jpg (33.5 KB, 500x500)
__RESULT__["C:\\Users\\Admin\\Desktop\\New folder\\SICK_Products\\Flexi_Classic\\images\\UE410-2RO401.jpg"]
 -> UE410-2RO401.xlsx
  [24/41] p54571 ...C:\Users\Admin\Desktop\New folder\SICK_Products\Flexi_Classic\UE410-MU3T5.xlsx
Saved: C:\Users\Admin\Desktop\New folder\SICK_Products\Flexi_Classic\images\UE410-MU3T5.jpg (31.8 KB, 500x500)
__RESULT__["C:\\Users\\Admin\\Desktop\\New folder\\SICK_Products\\Flexi_Classic\\images\\UE410-MU3T5.jpg"]
 -> UE410-MU3T5.xlsx
  [25/41] p54588 ...C:\Users\Admin\Desktop\New folder\SICK_Products\Flexi_Classic\UE410-2RO3.xlsx
Saved: C:\Users\Admin\Desktop\New folder\SICK_Products\Flexi_Classic\images\UE410-2RO3.jpg (33.5 KB, 500x500)
__RESULT__["C:\\Users\\Admin\\Desktop\\New folder\\SICK_Products\\Flexi_Classic\\images\\UE410-2RO3.jpg"]
 -> UE410-2RO3.xlsx
  [26/41] p54585 ...C:\Users\Admin\Desktop\New folder\SICK_Products\Flexi_Classic\UE410-8DI3.xlsx
Saved: C:\Users\Admin\Desktop\New folder\SICK_Products\Flexi_Classic\images\UE410-8DI3.jpg (35.7 KB, 500x500)
__RESULT__["C:\\Users\\Admin\\Desktop\\New folder\\SICK_Products\\Flexi_Classic\\images\\UE410-8DI3.jpg"]
 -> UE410-8DI3.xlsx
  [27/41] p76147 ...C:\Users\Admin\Desktop\New folder\SICK_Products\Flexi_Classic\UE410-XM4.xlsx
Saved: C:\Users\Admin\Desktop\New folder\SICK_Products\Flexi_Classic\images\UE410-XM4.jpg (35.9 KB, 500x500)
__RESULT__["C:\\Users\\Admin\\Desktop\\New folder\\SICK_Products\\Flexi_Classic\\images\\UE410-XM4.jpg"]
 -> UE410-XM4.xlsx
  [28/41] p54590 ...C:\Users\Admin\Desktop\New folder\SICK_Products\Flexi_Classic\UE410-4RO3.xlsx
Saved: C:\Users\Admin\Desktop\New folder\SICK_Products\Flexi_Classic\images\UE410-4RO3.jpg (35.4 KB, 500x500)
__RESULT__["C:\\Users\\Admin\\Desktop\\New folder\\SICK_Products\\Flexi_Classic\\images\\UE410-4RO3.jpg"]
 -> UE410-4RO3.xlsx
  [29/41] p54572 ...C:\Users\Admin\Desktop\New folder\SICK_Products\Flexi_Classic\UE410-MU3T50.xlsx
Saved: C:\Users\Admin\Desktop\New folder\SICK_Products\Flexi_Classic\images\UE410-MU3T50.jpg (31.8 KB, 500x500)
__RESULT__["C:\\Users\\Admin\\Desktop\\New folder\\SICK_Products\\Flexi_Classic\\images\\UE410-MU3T50.jpg"]
 -> UE410-MU3T50.xlsx
  [30/41] p405044 ...C:\Users\Admin\Desktop\New folder\SICK_Products\Flexi_Classic\UE410-GU3.xlsx
Saved: C:\Users\Admin\Desktop\New folder\SICK_Products\Flexi_Classic\images\UE410-GU3.jpg (30.7 KB, 500x500)
__RESULT__["C:\\Users\\Admin\\Desktop\\New folder\\SICK_Products\\Flexi_Classic\\images\\UE410-GU3.jpg"]
 -> UE410-GU3.xlsx
  [31/41] p54577 ...C:\Users\Admin\Desktop\New folder\SICK_Products\Flexi_Classic\UE410-XU3T5.xlsx
Saved: C:\Users\Admin\Desktop\New folder\SICK_Products\Flexi_Classic\images\UE410-XU3T5.jpg (35.6 KB, 500x500)
__RESULT__["C:\\Users\\Admin\\Desktop\\New folder\\SICK_Products\\Flexi_Classic\\images\\UE410-XU3T5.jpg"]
 -> UE410-XU3T5.xlsx
  [32/41] p76146 ...C:\Users\Admin\Desktop\New folder\SICK_Products\Flexi_Classic\UE410-XM3.xlsx
Saved: C:\Users\Admin\Desktop\New folder\SICK_Products\Flexi_Classic\images\UE410-XM3.jpg (35.9 KB, 500x500)
__RESULT__["C:\\Users\\Admin\\Desktop\\New folder\\SICK_Products\\Flexi_Classic\\images\\UE410-XM3.jpg"]
 -> UE410-XM3.xlsx
  [33/41] p76446 ...C:\Users\Admin\Desktop\New folder\SICK_Products\Flexi_Classic\UE410-EN3.xlsx
Saved: C:\Users\Admin\Desktop\New folder\SICK_Products\Flexi_Classic\images\UE410-EN3.jpg (29.2 KB, 500x500)
__RESULT__["C:\\Users\\Admin\\Desktop\\New folder\\SICK_Products\\Flexi_Classic\\images\\UE410-EN3.jpg"]
 -> UE410-EN3.xlsx
  [34/41] p79440 ...C:\Users\Admin\Desktop\New folder\SICK_Products\Flexi_Classic\UE410-EN1.xlsx
Saved: C:\Users\Admin\Desktop\New folder\SICK_Products\Flexi_Classic\images\UE410-EN1.jpg (29.2 KB, 500x500)
__RESULT__["C:\\Users\\Admin\\Desktop\\New folder\\SICK_Products\\Flexi_Classic\\images\\UE410-EN1.jpg"]
 -> UE410-EN1.xlsx
  [35/41] p169840 ...C:\Users\Admin\Desktop\New folder\SICK_Products\Flexi_Classic\UE410-EN4.xlsx
Saved: C:\Users\Admin\Desktop\New folder\SICK_Products\Flexi_Classic\images\UE410-EN4.jpg (29.2 KB, 500x500)
__RESULT__["C:\\Users\\Admin\\Desktop\\New folder\\SICK_Products\\Flexi_Classic\\images\\UE410-EN4.jpg"]
 -> UE410-EN4.xlsx
  [36/41] p63061 ...C:\Users\Admin\Desktop\New folder\SICK_Products\Flexi_Classic\UE410-CAN3.xlsx
Saved: C:\Users\Admin\Desktop\New folder\SICK_Products\Flexi_Classic\images\UE410-CAN3.jpg (26.4 KB, 500x500)
__RESULT__["C:\\Users\\Admin\\Desktop\\New folder\\SICK_Products\\Flexi_Classic\\images\\UE410-CAN3.jpg"]
 -> UE410-CAN3.xlsx
  [37/41] p54636 ...C:\Users\Admin\Desktop\New folder\SICK_Products\Flexi_Classic\UE410-DEV3.xlsx
Saved: C:\Users\Admin\Desktop\New folder\SICK_Products\Flexi_Classic\images\UE410-DEV3.jpg (27.1 KB, 500x500)
__RESULT__["C:\\Users\\Admin\\Desktop\\New folder\\SICK_Products\\Flexi_Classic\\images\\UE410-DEV3.jpg"]
 -> UE410-DEV3.xlsx
  [38/41] p54637 ...C:\Users\Admin\Desktop\New folder\SICK_Products\Flexi_Classic\UE410-DEV4.xlsx
Saved: C:\Users\Admin\Desktop\New folder\SICK_Products\Flexi_Classic\images\UE410-DEV4.jpg (27.1 KB, 500x500)
__RESULT__["C:\\Users\\Admin\\Desktop\\New folder\\SICK_Products\\Flexi_Classic\\images\\UE410-DEV4.jpg"]
 -> UE410-DEV4.xlsx
  [39/41] p63062 ...C:\Users\Admin\Desktop\New folder\SICK_Products\Flexi_Classic\UE410-CAN4.xlsx
Saved: C:\Users\Admin\Desktop\New folder\SICK_Products\Flexi_Classic\images\UE410-CAN4.jpg (26.4 KB, 500x500)
__RESULT__["C:\\Users\\Admin\\Desktop\\New folder\\SICK_Products\\Flexi_Classic\\images\\UE410-CAN4.jpg"]
 -> UE410-CAN4.xlsx
  [40/41] p54635 ...C:\Users\Admin\Desktop\New folder\SICK_Products\Flexi_Classic\UE410-PRO4.xlsx
Saved: C:\Users\Admin\Desktop\New folder\SICK_Products\Flexi_Classic\images\UE410-PRO4.jpg (26.7 KB, 500x500)
__RESULT__["C:\\Users\\Admin\\Desktop\\New folder\\SICK_Products\\Flexi_Classic\\images\\UE410-PRO4.jpg"]
 -> UE410-PRO4.xlsx
  [41/41] p54634 ...C:\Users\Admin\Desktop\New folder\SICK_Products\Flexi_Classic\UE410-PRO3.xlsx
Saved: C:\Users\Admin\Desktop\New folder\SICK_Products\Flexi_Classic\images\UE410-PRO3.jpg (26.7 KB, 500x500)
__RESULT__["C:\\Users\\Admin\\Desktop\\New folder\\SICK_Products\\Flexi_Classic\\images\\UE410-PRO3.jpg"]
 -> UE410-PRO3.xlsx
  => Ket qua: 41 OK, 0 loi, 0 skip / 41 tong

============================================================
[7/643] Dong: Flexi IO (expected: 2 SP)
Family: Flexi IO | Code: g625027 | Method: FROM_CHECKLIST
============================================================
  Dang lay danh sach san pham tu category g625027...
  Tim thay 2 san pham.
  [1/2] p661376 ...C:\Users\Admin\Desktop\New folder\SICK_Products\Flexi_IO\FLX3-XTDI100.xlsx
Saved: C:\Users\Admin\Desktop\New folder\SICK_Products\Flexi_IO\images\FLX3-XTDI100.jpg (26.4 KB, 500x500)
__RESULT__["C:\\Users\\Admin\\Desktop\\New folder\\SICK_Products\\Flexi_IO\\images\\FLX3-XTDI100.jpg"]
 -> FLX3-XTDI100.xlsx
  [2/2] p661377 ...C:\Users\Admin\Desktop\New folder\SICK_Products\Flexi_IO\FLX3-XTDO100.xlsx
Saved: C:\Users\Admin\Desktop\New folder\SICK_Products\Flexi_IO\images\FLX3-XTDO100.jpg (27.2 KB, 500x500)
__RESULT__["C:\\Users\\Admin\\Desktop\\New folder\\SICK_Products\\Flexi_IO\\images\\FLX3-XTDO100.jpg"]
 -> FLX3-XTDO100.xlsx
  => Ket qua: 2 OK, 0 loi, 0 skip / 2 tong

============================================================
[8/643] Dong: Flexi Mobile (expected: 6 SP)
Family: Flexi Mobile | Code: g568586 | Method: FROM_CHECKLIST
============================================================
  Dang lay danh sach san pham tu category g568586...
  Tim thay 6 san pham.
  [1/6] p687923 ...C:\Users\Admin\Desktop\New folder\SICK_Products\Flexi_Mobile\FLM3-CPUN100A16.xlsx
Saved: C:\Users\Admin\Desktop\New folder\SICK_Products\Flexi_Mobile\images\FLM3-CPUN100A16.jpg (40.0 KB, 500x500)
__RESULT__["C:\\Users\\Admin\\Desktop\\New folder\\SICK_Products\\Flexi_Mobile\\images\\FLM3-CPUN100A16.jpg"]
 -> FLM3-CPUN100A16.xlsx
  [2/6] p687873 ...C:\Users\Admin\Desktop\New folder\SICK_Products\Flexi_Mobile\FLM3-CPUN100A06.xlsx
Saved: C:\Users\Admin\Desktop\New folder\SICK_Products\Flexi_Mobile\images\FLM3-CPUN100A06.jpg (40.6 KB, 500x500)
__RESULT__["C:\\Users\\Admin\\Desktop\\New folder\\SICK_Products\\Flexi_Mobile\\images\\FLM3-CPUN100A06.jpg"]
 -> FLM3-CPUN100A06.xlsx
  [3/6] p681269 ...C:\Users\Admin\Desktop\New folder\SICK_Products\Flexi_Mobile\FLM3-CPUN100A04.xlsx
Saved: C:\Users\Admin\Desktop\New folder\SICK_Products\Flexi_Mobile\images\FLM3-CPUN100A04.jpg (38.1 KB, 500x500)
__RESULT__["C:\\Users\\Admin\\Desktop\\New folder\\SICK_Products\\Flexi_Mobile\\images\\FLM3-CPUN100A04.jpg"]
 -> FLM3-CPUN100A04.xlsx
  [4/6] p681267 ...C:\Users\Admin\Desktop\New folder\SICK_Products\Flexi_Mobile\FLM3-CPUN100A02.xlsx
Saved: C:\Users\Admin\Desktop\New folder\SICK_Products\Flexi_Mobile\images\FLM3-CPUN100A02.jpg (37.8 KB, 500x500)
__RESULT__["C:\\Users\\Admin\\Desktop\\New folder\\SICK_Products\\Flexi_Mobile\\images\\FLM3-CPUN100A02.jpg"]
 -> FLM3-CPUN100A02.xlsx
  [5/6] p681268 ...C:\Users\Admin\Desktop\New folder\SICK_Products\Flexi_Mobile\FLM3-CPUN100A03.xlsx
Saved: C:\Users\Admin\Desktop\New folder\SICK_Products\Flexi_Mobile\images\FLM3-CPUN100A03.jpg (38.4 KB, 500x500)
__RESULT__["C:\\Users\\Admin\\Desktop\\New folder\\SICK_Products\\Flexi_Mobile\\images\\FLM3-CPUN100A03.jpg"]
 -> FLM3-CPUN100A03.xlsx
  [6/6] p681266 ...C:\Users\Admin\Desktop\New folder\SICK_Products\Flexi_Mobile\FLM3-CPUN100A01.xlsx
Saved: C:\Users\Admin\Desktop\New folder\SICK_Products\Flexi_Mobile\images\FLM3-CPUN100A01.jpg (37.8 KB, 500x500)
__RESULT__["C:\\Users\\Admin\\Desktop\\New folder\\SICK_Products\\Flexi_Mobile\\images\\FLM3-CPUN100A01.jpg"]
 -> FLM3-CPUN100A01.xlsx
  => Ket qua: 6 OK, 0 loi, 0 skip / 6 tong

============================================================
[9/643] Dong: Flexi Gateway (expected: 4 SP)
Family: Flexi Gateway | Code: g625028 | Method: FROM_CHECKLIST
============================================================
  Dang lay danh sach san pham tu category g625028...
  CategoryCode=3, FamilyCode=3, Parent(rec)=4, UNION=4
  Tim thay 4 san pham.
  [1/4] p661378 ...C:\Users\Admin\Desktop\New folder\SICK_Products\Flexi_Gateway\FLX0-GPNT100.xlsx
Saved: C:\Users\Admin\Desktop\New folder\SICK_Products\Flexi_Gateway\images\FLX0-GPNT100.jpg (26.8 KB, 500x500)
__RESULT__["C:\\Users\\Admin\\Desktop\\New folder\\SICK_Products\\Flexi_Gateway\\images\\FLX0-GPNT100.jpg"]
 -> FLX0-GPNT100.xlsx
  [2/4] p672093 ...C:\Users\Admin\Desktop\New folder\SICK_Products\Flexi_Gateway\FLX0-GCAN100.xlsx
Saved: C:\Users\Admin\Desktop\New folder\SICK_Products\Flexi_Gateway\images\FLX0-GCAN100.jpg (26.0 KB, 500x500)
__RESULT__["C:\\Users\\Admin\\Desktop\\New folder\\SICK_Products\\Flexi_Gateway\\images\\FLX0-GCAN100.jpg"]
 -> FLX0-GCAN100.xlsx
  [3/4] p661379 ...C:\Users\Admin\Desktop\New folder\SICK_Products\Flexi_Gateway\FLX0-GETC100.xlsx
Saved: C:\Users\Admin\Desktop\New folder\SICK_Products\Flexi_Gateway\images\FLX0-GETC100.jpg (27.8 KB, 500x500)
__RESULT__["C:\\Users\\Admin\\Desktop\\New folder\\SICK_Products\\Flexi_Gateway\\images\\FLX0-GETC100.jpg"]
 -> FLX0-GETC100.xlsx
  [4/4] p689040 ...C:\Users\Admin\Desktop\New folder\SICK_Products\Flexi_Gateway\FLX3-GEPR100.xlsx
Saved: C:\Users\Admin\Desktop\New folder\SICK_Products\Flexi_Gateway\images\FLX3-GEPR100.jpg (29.1 KB, 500x500)
__RESULT__["C:\\Users\\Admin\\Desktop\\New folder\\SICK_Products\\Flexi_Gateway\\images\\FLX3-GEPR100.jpg"]
 -> FLX3-GEPR100.xlsx
  => Ket qua: 4 OK, 0 loi, 0 skip / 4 tong

============================================================
[10/643] Dong: Safety Designer (expected: 13 SP)
Family: Safety Designer | Code: g575306 | Method: FROM_CHECKLIST
============================================================
  Dang lay danh sach san pham tu category g575306...
  Tim thay 13 san pham.
  [1/13] p674218 ...C:\Users\Admin\Desktop\New folder\SICK_Products\Safety_Designer\Safety_Designer.xlsx
Saved: C:\Users\Admin\Desktop\New folder\SICK_Products\Safety_Designer\images\Safety_Designer.jpg (40.3 KB, 500x500)
__RESULT__["C:\\Users\\Admin\\Desktop\\New folder\\SICK_Products\\Safety_Designer\\images\\Safety_Designer.jpg"]
 -> Safety_Designer.xlsx
  [2/13] p682448 ...C:\Users\Admin\Desktop\New folder\SICK_Products\Safety_Designer\Safety_Configuration_Deployment_-_Device_Model_1.xlsx
Saved: C:\Users\Admin\Desktop\New folder\SICK_Products\Safety_Designer\images\Safety_Configuration_Deployment_-_Device_Model_1.jpg (45.1 KB, 500x500)
__RESULT__["C:\\Users\\Admin\\Desktop\\New folder\\SICK_Products\\Safety_Designer\\images\\Safety_Configuration_Deployment_-_Device_Model_1.jpg"]
 -> Safety_Configuration_Deployment_-_Device_Model_1.xlsx
  [3/13] p687865 ...C:\Users\Admin\Desktop\New folder\SICK_Products\Safety_Designer\CDS_to_SD_Converter.xlsx
Saved: C:\Users\Admin\Desktop\New folder\SICK_Products\Safety_Designer\images\CDS_to_SD_Converter.jpg (44.5 KB, 500x500)
__RESULT__["C:\\Users\\Admin\\Desktop\\New folder\\SICK_Products\\Safety_Designer\\images\\CDS_to_SD_Converter.jpg"]
 -> CDS_to_SD_Converter.xlsx
  [4/13] p682075 ...C:\Users\Admin\Desktop\New folder\SICK_Products\Safety_Designer\Virtual_Scanner_Group_-_Single_License_1.xlsx
Saved: C:\Users\Admin\Desktop\New folder\SICK_Products\Safety_Designer\images\Virtual_Scanner_Group_-_Single_License_1.jpg (43.2 KB, 500x500)
__RESULT__["C:\\Users\\Admin\\Desktop\\New folder\\SICK_Products\\Safety_Designer\\images\\Virtual_Scanner_Group_-_Single_License_1.jpg"]
 -> Virtual_Scanner_Group_-_Single_License_1.xlsx
  [5/13] p680539 ...C:\Users\Admin\Desktop\New folder\SICK_Products\Safety_Designer\Safety_Configuration_Deployment_-_Unit_Model_10.xlsx
Saved: C:\Users\Admin\Desktop\New folder\SICK_Products\Safety_Designer\images\Safety_Configuration_Deployment_-_Unit_Model_10.jpg (45.1 KB, 500x500)
__RESULT__["C:\\Users\\Admin\\Desktop\\New folder\\SICK_Products\\Safety_Designer\\images\\Safety_Configuration_Deployment_-_Unit_Model_10.jpg"]
 -> Safety_Configuration_Deployment_-_Unit_Model_10.xlsx
  [6/13] p680540 ...C:\Users\Admin\Desktop\New folder\SICK_Products\Safety_Designer\Safety_Configuration_Deployment_-_Unit_Model_50.xlsx
Saved: C:\Users\Admin\Desktop\New folder\SICK_Products\Safety_Designer\images\Safety_Configuration_Deployment_-_Unit_Model_50.jpg (45.1 KB, 500x500)
__RESULT__["C:\\Users\\Admin\\Desktop\\New folder\\SICK_Products\\Safety_Designer\\images\\Safety_Configuration_Deployment_-_Unit_Model_50.jpg"]
 -> Safety_Configuration_Deployment_-_Unit_Model_50.xlsx
  [7/13] p682079 ...C:\Users\Admin\Desktop\New folder\SICK_Products\Safety_Designer\Virtual_Scanner_Group_-_Floating_License_5.xlsx
Saved: C:\Users\Admin\Desktop\New folder\SICK_Products\Safety_Designer\images\Virtual_Scanner_Group_-_Floating_License_5.jpg (43.2 KB, 500x500)
__RESULT__["C:\\Users\\Admin\\Desktop\\New folder\\SICK_Products\\Safety_Designer\\images\\Virtual_Scanner_Group_-_Floating_License_5.jpg"]
 -> Virtual_Scanner_Group_-_Floating_License_5.xlsx
  [8/13] p682090 ...C:\Users\Admin\Desktop\New folder\SICK_Products\Safety_Designer\Configuration_Comparison_Re-Import_-_Single_License_5.xlsx
Saved: C:\Users\Admin\Desktop\New folder\SICK_Products\Safety_Designer\images\Configuration_Comparison_Re-Import_-_Single_License_5.jpg (43.2 KB, 500x500)
__RESULT__["C:\\Users\\Admin\\Desktop\\New folder\\SICK_Products\\Safety_Designer\\images\\Configuration_Comparison_Re-Import_-_Single_License_5.jpg"]
 -> Configuration_Comparison_Re-Import_-_Single_License_5.xlsx
  [9/13] p682449 ...C:\Users\Admin\Desktop\New folder\SICK_Products\Safety_Designer\Safety_Configuration_Deployment_-_Device_Model_10.xlsx
Saved: C:\Users\Admin\Desktop\New folder\SICK_Products\Safety_Designer\images\Safety_Configuration_Deployment_-_Device_Model_10.jpg (45.1 KB, 500x500)
__RESULT__["C:\\Users\\Admin\\Desktop\\New folder\\SICK_Products\\Safety_Designer\\images\\Safety_Configuration_Deployment_-_Device_Model_10.jpg"]
 -> Safety_Configuration_Deployment_-_Device_Model_10.xlsx
  [10/13] p682089 ...C:\Users\Admin\Desktop\New folder\SICK_Products\Safety_Designer\Configuration_Comparison_Re-Import_-_Single_License_1.xlsx
Saved: C:\Users\Admin\Desktop\New folder\SICK_Products\Safety_Designer\images\Configuration_Comparison_Re-Import_-_Single_License_1.jpg (43.2 KB, 500x500)
__RESULT__["C:\\Users\\Admin\\Desktop\\New folder\\SICK_Products\\Safety_Designer\\images\\Configuration_Comparison_Re-Import_-_Single_License_1.jpg"]
 -> Configuration_Comparison_Re-Import_-_Single_License_1.xlsx
  [11/13] p682450 ...C:\Users\Admin\Desktop\New folder\SICK_Products\Safety_Designer\Safety_Configuration_Deployment_-_Device_Model_50.xlsx
Saved: C:\Users\Admin\Desktop\New folder\SICK_Products\Safety_Designer\images\Safety_Configuration_Deployment_-_Device_Model_50.jpg (45.1 KB, 500x500)
__RESULT__["C:\\Users\\Admin\\Desktop\\New folder\\SICK_Products\\Safety_Designer\\images\\Safety_Configuration_Deployment_-_Device_Model_50.jpg"]
 -> Safety_Configuration_Deployment_-_Device_Model_50.xlsx
  [12/13] p680541 ...C:\Users\Admin\Desktop\New folder\SICK_Products\Safety_Designer\Safety_Configuration_Deployment_-_Unit_Model_250.xlsx
Saved: C:\Users\Admin\Desktop\New folder\SICK_Products\Safety_Designer\images\Safety_Configuration_Deployment_-_Unit_Model_250.jpg (45.1 KB, 500x500)
__RESULT__["C:\\Users\\Admin\\Desktop\\New folder\\SICK_Products\\Safety_Designer\\images\\Safety_Configuration_Deployment_-_Unit_Model_250.jpg"]
 -> Safety_Configuration_Deployment_-_Unit_Model_250.xlsx
  [13/13] p682076 ...C:\Users\Admin\Desktop\New folder\SICK_Products\Safety_Designer\Virtual_Scanner_Group_-_Single_License_5.xlsx
Saved: C:\Users\Admin\Desktop\New folder\SICK_Products\Safety_Designer\images\Virtual_Scanner_Group_-_Single_License_5.jpg (43.2 KB, 500x500)
__RESULT__["C:\\Users\\Admin\\Desktop\\New folder\\SICK_Products\\Safety_Designer\\images\\Virtual_Scanner_Group_-_Single_License_5.jpg"]
 -> Virtual_Scanner_Group_-_Single_License_5.xlsx
  => Ket qua: 13 OK, 0 loi, 0 skip / 13 tong

============================================================
[11/643] Dong: Flexi Soft Designer (expected: 5 SP)
Family: Flexi Soft Designer | Code: g575305 | Method: FROM_CHECKLIST
============================================================
  Dang lay danh sach san pham tu category g575305...
  Tim thay 5 san pham.
  [1/5] p674217 ...C:\Users\Admin\Desktop\New folder\SICK_Products\Flexi_Soft_Designer\Flexi_Soft_Designer.xlsx
Saved: C:\Users\Admin\Desktop\New folder\SICK_Products\Flexi_Soft_Designer\images\Flexi_Soft_Designer.jpg (41.3 KB, 500x500)
__RESULT__["C:\\Users\\Admin\\Desktop\\New folder\\SICK_Products\\Flexi_Soft_Designer\\images\\Flexi_Soft_Designer.jpg"]
 -> Flexi_Soft_Designer.xlsx
  [2/5] p659506 ...C:\Users\Admin\Desktop\New folder\SICK_Products\Flexi_Soft_Designer\FSD_Automated_Download_Group_License.xlsx
Saved: C:\Users\Admin\Desktop\New folder\SICK_Products\Flexi_Soft_Designer\images\FSD_Automated_Download_Group_License.jpg (44.3 KB, 500x500)
__RESULT__["C:\\Users\\Admin\\Desktop\\New folder\\SICK_Products\\Flexi_Soft_Designer\\images\\FSD_Automated_Download_Group_License.jpg"]
 -> FSD_Automated_Download_Group_License.xlsx
  [3/5] p662530 ...C:\Users\Admin\Desktop\New folder\SICK_Products\Flexi_Soft_Designer\FSD_Automated_Download_Trial_License.xlsx
Saved: C:\Users\Admin\Desktop\New folder\SICK_Products\Flexi_Soft_Designer\images\FSD_Automated_Download_Trial_License.jpg (44.3 KB, 500x500)
__RESULT__["C:\\Users\\Admin\\Desktop\\New folder\\SICK_Products\\Flexi_Soft_Designer\\images\\FSD_Automated_Download_Trial_License.jpg"]
 -> FSD_Automated_Download_Trial_License.xlsx
  [4/5] p659505 ...C:\Users\Admin\Desktop\New folder\SICK_Products\Flexi_Soft_Designer\FSD_Automated_Download_Company_License.xlsx
Saved: C:\Users\Admin\Desktop\New folder\SICK_Products\Flexi_Soft_Designer\images\FSD_Automated_Download_Company_License.jpg (44.3 KB, 500x500)
__RESULT__["C:\\Users\\Admin\\Desktop\\New folder\\SICK_Products\\Flexi_Soft_Designer\\images\\FSD_Automated_Download_Company_License.jpg"]
 -> FSD_Automated_Download_Company_License.xlsx
  [5/5] p676176 ...C:\Users\Admin\Desktop\New folder\SICK_Products\Flexi_Soft_Designer\FSD_Safety_Systems_Software.xlsx
Saved: C:\Users\Admin\Desktop\New folder\SICK_Products\Flexi_Soft_Designer\images\FSD_Safety_Systems_Software.jpg (44.3 KB, 500x500)
__RESULT__["C:\\Users\\Admin\\Desktop\\New folder\\SICK_Products\\Flexi_Soft_Designer\\images\\FSD_Safety_Systems_Software.jpg"]
 -> FSD_Safety_Systems_Software.xlsx
  => Ket qua: 5 OK, 0 loi, 0 skip / 5 tong

============================================================
[12/643] Dong: flexLock (expected: 11 SP)
Family: flexLock | Code: g547596 | Method: FROM_CHECKLIST
============================================================
  Dang lay danh sach san pham tu category g547596...
  Tim thay 11 san pham.
  [1/11] p663908 ...C:\Users\Admin\Desktop\New folder\SICK_Products\flexLock\FXL1-SPLUSA00.xlsx
Saved: C:\Users\Admin\Desktop\New folder\SICK_Products\flexLock\images\FXL1-SPLUSA00.jpg (21.0 KB, 500x500)
__RESULT__["C:\\Users\\Admin\\Desktop\\New folder\\SICK_Products\\flexLock\\images\\FXL1-SPLUSA00.jpg"]
 -> FXL1-SPLUSA00.xlsx
  [2/11] p679039 ...C:\Users\Admin\Desktop\New folder\SICK_Products\flexLock\FXL1-SPUUSA00.xlsx
Saved: C:\Users\Admin\Desktop\New folder\SICK_Products\flexLock\images\FXL1-SPUUSA00.jpg (22.4 KB, 500x500)
__RESULT__["C:\\Users\\Admin\\Desktop\\New folder\\SICK_Products\\flexLock\\images\\FXL1-SPUUSA00.jpg"]
 -> FXL1-SPUUSA00.xlsx
  [3/11] p663909 ...C:\Users\Admin\Desktop\New folder\SICK_Products\flexLock\FXL1-SPLMSA00.xlsx
Saved: C:\Users\Admin\Desktop\New folder\SICK_Products\flexLock\images\FXL1-SPLMSA00.jpg (21.0 KB, 500x500)
__RESULT__["C:\\Users\\Admin\\Desktop\\New folder\\SICK_Products\\flexLock\\images\\FXL1-SPLMSA00.jpg"]
 -> FXL1-SPLMSA00.xlsx
  [4/11] p681425 ...C:\Users\Admin\Desktop\New folder\SICK_Products\flexLock\FXL1-SPBMSA00S02.xlsx
Saved: C:\Users\Admin\Desktop\New folder\SICK_Products\flexLock\images\FXL1-SPBMSA00S02.jpg (21.3 KB, 500x500)
__RESULT__["C:\\Users\\Admin\\Desktop\\New folder\\SICK_Products\\flexLock\\images\\FXL1-SPBMSA00S02.jpg"]
 -> FXL1-SPBMSA00S02.xlsx
  [5/11] p679040 ...C:\Users\Admin\Desktop\New folder\SICK_Products\flexLock\FXL1-SPUMSA00.xlsx
Saved: C:\Users\Admin\Desktop\New folder\SICK_Products\flexLock\images\FXL1-SPUMSA00.jpg (22.4 KB, 500x500)
__RESULT__["C:\\Users\\Admin\\Desktop\\New folder\\SICK_Products\\flexLock\\images\\FXL1-SPUMSA00.jpg"]
 -> FXL1-SPUMSA00.xlsx
  [6/11] p663906 ...C:\Users\Admin\Desktop\New folder\SICK_Products\flexLock\FXL1-SPBUSA00.xlsx
Saved: C:\Users\Admin\Desktop\New folder\SICK_Products\flexLock\images\FXL1-SPBUSA00.jpg (21.3 KB, 500x500)
__RESULT__["C:\\Users\\Admin\\Desktop\\New folder\\SICK_Products\\flexLock\\images\\FXL1-SPBUSA00.jpg"]
 -> FXL1-SPBUSA00.xlsx
  [7/11] p669055 ...C:\Users\Admin\Desktop\New folder\SICK_Products\flexLock\FXL1-SPEMSA00.xlsx
Saved: C:\Users\Admin\Desktop\New folder\SICK_Products\flexLock\images\FXL1-SPEMSA00.jpg (22.8 KB, 500x500)
__RESULT__["C:\\Users\\Admin\\Desktop\\New folder\\SICK_Products\\flexLock\\images\\FXL1-SPEMSA00.jpg"]
 -> FXL1-SPEMSA00.xlsx
  [8/11] p663910 ...C:\Users\Admin\Desktop\New folder\SICK_Products\flexLock\FXL1-SPLUAA00.xlsx
Saved: C:\Users\Admin\Desktop\New folder\SICK_Products\flexLock\images\FXL1-SPLUAA00.jpg (21.0 KB, 500x500)
__RESULT__["C:\\Users\\Admin\\Desktop\\New folder\\SICK_Products\\flexLock\\images\\FXL1-SPLUAA00.jpg"]
 -> FXL1-SPLUAA00.xlsx
  [9/11] p663911 ...C:\Users\Admin\Desktop\New folder\SICK_Products\flexLock\FXL1-SPLMAA00.xlsx
Saved: C:\Users\Admin\Desktop\New folder\SICK_Products\flexLock\images\FXL1-SPLMAA00.jpg (21.0 KB, 500x500)
__RESULT__["C:\\Users\\Admin\\Desktop\\New folder\\SICK_Products\\flexLock\\images\\FXL1-SPLMAA00.jpg"]
 -> FXL1-SPLMAA00.xlsx
  [10/11] p669054 ...C:\Users\Admin\Desktop\New folder\SICK_Products\flexLock\FXL1-SPEUSA00.xlsx
Saved: C:\Users\Admin\Desktop\New folder\SICK_Products\flexLock\images\FXL1-SPEUSA00.jpg (22.8 KB, 500x500)
__RESULT__["C:\\Users\\Admin\\Desktop\\New folder\\SICK_Products\\flexLock\\images\\FXL1-SPEUSA00.jpg"]
 -> FXL1-SPEUSA00.xlsx
  [11/11] p663907 ...C:\Users\Admin\Desktop\New folder\SICK_Products\flexLock\FXL1-SPBMSA00.xlsx
Saved: C:\Users\Admin\Desktop\New folder\SICK_Products\flexLock\images\FXL1-SPBMSA00.jpg (21.3 KB, 500x500)
__RESULT__["C:\\Users\\Admin\\Desktop\\New folder\\SICK_Products\\flexLock\\images\\FXL1-SPBMSA00.jpg"]
 -> FXL1-SPBMSA00.xlsx
  => Ket qua: 11 OK, 0 loi, 0 skip / 11 tong

============================================================
[13/643] Dong: safeIDS (expected: 2 SP)
Family: safeIDS | Code: g568545 | Method: FROM_CHECKLIST
============================================================
  Dang lay danh sach san pham tu category g568545...
  Tim thay 2 san pham.
  [1/2] p678137 ...C:\Users\Admin\Desktop\New folder\SICK_Products\safeIDS\SE1-ST1A20.xlsx
Saved: C:\Users\Admin\Desktop\New folder\SICK_Products\safeIDS\images\SE1-ST1A20.jpg (22.5 KB, 500x500)
__RESULT__["C:\\Users\\Admin\\Desktop\\New folder\\SICK_Products\\safeIDS\\images\\SE1-ST1A20.jpg"]
 -> SE1-ST1A20.xlsx
  [2/2] p678138 ...C:\Users\Admin\Desktop\New folder\SICK_Products\safeIDS\SE1-SS1A20.xlsx
Saved: C:\Users\Admin\Desktop\New folder\SICK_Products\safeIDS\images\SE1-SS1A20.jpg (22.5 KB, 500x500)
__RESULT__["C:\\Users\\Admin\\Desktop\\New folder\\SICK_Products\\safeIDS\\images\\SE1-SS1A20.jpg"]
 -> SE1-SS1A20.xlsx
  => Ket qua: 2 OK, 0 loi, 0 skip / 2 tong

============================================================
[14/643] Dong: i10 Lock (expected: 10 SP)
Family: i10 Lock | Code: g211151 | Method: FROM_CHECKLIST
============================================================
  Dang lay danh sach san pham tu category g211151...
  Tim thay 10 san pham.
  [1/10] p36211 ...C:\Users\Admin\Desktop\New folder\SICK_Products\i10_Lock\i10-E0453_Lock.xlsx
Saved: C:\Users\Admin\Desktop\New folder\SICK_Products\i10_Lock\images\i10-E0453_Lock.jpg (26.1 KB, 500x500)
__RESULT__["C:\\Users\\Admin\\Desktop\\New folder\\SICK_Products\\i10_Lock\\images\\i10-E0453_Lock.jpg"]
 -> i10-E0453_Lock.xlsx
  [2/10] p266643 ...C:\Users\Admin\Desktop\New folder\SICK_Products\i10_Lock\i10-E0454_Lock.xlsx
Saved: C:\Users\Admin\Desktop\New folder\SICK_Products\i10_Lock\images\i10-E0454_Lock.jpg (26.4 KB, 500x500)
__RESULT__["C:\\Users\\Admin\\Desktop\\New folder\\SICK_Products\\i10_Lock\\images\\i10-E0454_Lock.jpg"]
 -> i10-E0454_Lock.xlsx
  [3/10] p12494 ...C:\Users\Admin\Desktop\New folder\SICK_Products\i10_Lock\i10-E0233_Lock.xlsx
Saved: C:\Users\Admin\Desktop\New folder\SICK_Products\i10_Lock\images\i10-E0233_Lock.jpg (26.1 KB, 500x500)
__RESULT__["C:\\Users\\Admin\\Desktop\\New folder\\SICK_Products\\i10_Lock\\images\\i10-E0233_Lock.jpg"]
 -> i10-E0233_Lock.xlsx
  [4/10] p12493 ...C:\Users\Admin\Desktop\New folder\SICK_Products\i10_Lock\i10-M0233_Lock.xlsx
Saved: C:\Users\Admin\Desktop\New folder\SICK_Products\i10_Lock\images\i10-M0233_Lock.jpg (26.1 KB, 500x500)
__RESULT__["C:\\Users\\Admin\\Desktop\\New folder\\SICK_Products\\i10_Lock\\images\\i10-M0233_Lock.jpg"]
 -> i10-M0233_Lock.xlsx
  [5/10] p36212 ...C:\Users\Admin\Desktop\New folder\SICK_Products\i10_Lock\i10-E0313S02_Lock.xlsx
Saved: C:\Users\Admin\Desktop\New folder\SICK_Products\i10_Lock\images\i10-E0313S02_Lock.jpg (26.1 KB, 500x500)
__RESULT__["C:\\Users\\Admin\\Desktop\\New folder\\SICK_Products\\i10_Lock\\images\\i10-E0313S02_Lock.jpg"]
 -> i10-E0313S02_Lock.xlsx
  [6/10] p36209 ...C:\Users\Admin\Desktop\New folder\SICK_Products\i10_Lock\i10-E0253_Lock.xlsx
Saved: C:\Users\Admin\Desktop\New folder\SICK_Products\i10_Lock\images\i10-E0253_Lock.jpg (26.1 KB, 500x500)
__RESULT__["C:\\Users\\Admin\\Desktop\\New folder\\SICK_Products\\i10_Lock\\images\\i10-E0253_Lock.jpg"]
 -> i10-E0253_Lock.xlsx
  [7/10] p360091 ...C:\Users\Admin\Desktop\New folder\SICK_Products\i10_Lock\i10-E0354_Lock.xlsx
Saved: C:\Users\Admin\Desktop\New folder\SICK_Products\i10_Lock\images\i10-E0354_Lock.jpg (26.4 KB, 500x500)
__RESULT__["C:\\Users\\Admin\\Desktop\\New folder\\SICK_Products\\i10_Lock\\images\\i10-E0354_Lock.jpg"]
 -> i10-E0354_Lock.xlsx
  [8/10] p266641 ...C:\Users\Admin\Desktop\New folder\SICK_Products\i10_Lock\i10-M0454_Lock.xlsx
Saved: C:\Users\Admin\Desktop\New folder\SICK_Products\i10_Lock\images\i10-M0454_Lock.jpg (26.4 KB, 500x500)
__RESULT__["C:\\Users\\Admin\\Desktop\\New folder\\SICK_Products\\i10_Lock\\images\\i10-M0454_Lock.jpg"]
 -> i10-M0454_Lock.xlsx
  [9/10] p81903 ...C:\Users\Admin\Desktop\New folder\SICK_Products\i10_Lock\i10-M0453_Lock.xlsx
Saved: C:\Users\Admin\Desktop\New folder\SICK_Products\i10_Lock\images\i10-M0453_Lock.jpg (26.1 KB, 500x500)
__RESULT__["C:\\Users\\Admin\\Desktop\\New folder\\SICK_Products\\i10_Lock\\images\\i10-M0453_Lock.jpg"]
 -> i10-M0453_Lock.xlsx
  [10/10] p16370 ...C:\Users\Admin\Desktop\New folder\SICK_Products\i10_Lock\i10-M0253_Lock.xlsx
Saved: C:\Users\Admin\Desktop\New folder\SICK_Products\i10_Lock\images\i10-M0253_Lock.jpg (26.1 KB, 500x500)
__RESULT__["C:\\Users\\Admin\\Desktop\\New folder\\SICK_Products\\i10_Lock\\images\\i10-M0253_Lock.jpg"]
 -> i10-M0253_Lock.xlsx
  => Ket qua: 10 OK, 0 loi, 0 skip / 10 tong

============================================================
[15/643] Dong: TR110 Lock (expected: 15 SP)
Family: TR110 Lock | Code: g461653 | Method: FROM_CHECKLIST
============================================================
  Dang lay danh sach san pham tu category g461653...
  CategoryCode=15, FamilyCode=24, Parent(rec)=15, UNION=24
  Tim thay 24 san pham.
  [1/24] p677350 ...C:\Users\Admin\Desktop\New folder\SICK_Products\TR110_Lock\TR110-SLUSAB0.xlsx
Saved: C:\Users\Admin\Desktop\New folder\SICK_Products\TR110_Lock\images\TR110-SLUSAB0.jpg (24.0 KB, 500x500)
__RESULT__["C:\\Users\\Admin\\Desktop\\New folder\\SICK_Products\\TR110_Lock\\images\\TR110-SLUSAB0.jpg"]
 -> TR110-SLUSAB0.xlsx
  [2/24] p677362 ...C:\Users\Admin\Desktop\New folder\SICK_Products\TR110_Lock\TR110-SRU2BB1.xlsx
Saved: C:\Users\Admin\Desktop\New folder\SICK_Products\TR110_Lock\images\TR110-SRU2BB1.jpg (29.8 KB, 500x500)
__RESULT__["C:\\Users\\Admin\\Desktop\\New folder\\SICK_Products\\TR110_Lock\\images\\TR110-SRU2BB1.jpg"]
 -> TR110-SRU2BB1.xlsx
  [3/24] p677352 ...C:\Users\Admin\Desktop\New folder\SICK_Products\TR110_Lock\TR110-SRUSAB1.xlsx
Saved: C:\Users\Admin\Desktop\New folder\SICK_Products\TR110_Lock\images\TR110-SRUSAB1.jpg (26.6 KB, 500x500)
__RESULT__["C:\\Users\\Admin\\Desktop\\New folder\\SICK_Products\\TR110_Lock\\images\\TR110-SRUSAB1.jpg"]
 -> TR110-SRUSAB1.xlsx
  [4/24] p677365 ...C:\Users\Admin\Desktop\New folder\SICK_Products\TR110_Lock\TR110-SRUCAB1.xlsx
Saved: C:\Users\Admin\Desktop\New folder\SICK_Products\TR110_Lock\images\TR110-SRUCAB1.jpg (26.9 KB, 500x500)
__RESULT__["C:\\Users\\Admin\\Desktop\\New folder\\SICK_Products\\TR110_Lock\\images\\TR110-SRUCAB1.jpg"]
 -> TR110-SRUCAB1.xlsx
  [5/24] p677361 ...C:\Users\Admin\Desktop\New folder\SICK_Products\TR110_Lock\TR110-SRU2BB0.xlsx
Saved: C:\Users\Admin\Desktop\New folder\SICK_Products\TR110_Lock\images\TR110-SRU2BB0.jpg (27.3 KB, 500x500)
__RESULT__["C:\\Users\\Admin\\Desktop\\New folder\\SICK_Products\\TR110_Lock\\images\\TR110-SRU2BB0.jpg"]
 -> TR110-SRU2BB0.xlsx
  [6/24] p677351 ...C:\Users\Admin\Desktop\New folder\SICK_Products\TR110_Lock\TR110-SRUSAB0.xlsx
Saved: C:\Users\Admin\Desktop\New folder\SICK_Products\TR110_Lock\images\TR110-SRUSAB0.jpg (24.0 KB, 500x500)
__RESULT__["C:\\Users\\Admin\\Desktop\\New folder\\SICK_Products\\TR110_Lock\\images\\TR110-SRUSAB0.jpg"]
 -> TR110-SRUSAB0.xlsx
  [7/24] p677367 ...C:\Users\Admin\Desktop\New folder\SICK_Products\TR110_Lock\TR110-SRUFLB0.xlsx
Saved: C:\Users\Admin\Desktop\New folder\SICK_Products\TR110_Lock\images\TR110-SRUFLB0.jpg (24.0 KB, 500x500)
__RESULT__["C:\\Users\\Admin\\Desktop\\New folder\\SICK_Products\\TR110_Lock\\images\\TR110-SRUFLB0.jpg"]
 -> TR110-SRUFLB0.xlsx
  [8/24] p581063 ...C:\Users\Admin\Desktop\New folder\SICK_Products\TR110_Lock\TR110-SRUFL01.xlsx
Saved: C:\Users\Admin\Desktop\New folder\SICK_Products\TR110_Lock\images\TR110-SRUFL01.jpg (26.6 KB, 500x500)
__RESULT__["C:\\Users\\Admin\\Desktop\\New folder\\SICK_Products\\TR110_Lock\\images\\TR110-SRUFL01.jpg"]
 -> TR110-SRUFL01.xlsx
  [9/24] p677368 ...C:\Users\Admin\Desktop\New folder\SICK_Products\TR110_Lock\TR110-SRUFLB1.xlsx
Saved: C:\Users\Admin\Desktop\New folder\SICK_Products\TR110_Lock\images\TR110-SRUFLB1.jpg (26.6 KB, 500x500)
__RESULT__["C:\\Users\\Admin\\Desktop\\New folder\\SICK_Products\\TR110_Lock\\images\\TR110-SRUFLB1.jpg"]
 -> TR110-SRUFLB1.xlsx
  [10/24] p581058 ...C:\Users\Admin\Desktop\New folder\SICK_Products\TR110_Lock\TR110-SRUSA00.xlsx
Saved: C:\Users\Admin\Desktop\New folder\SICK_Products\TR110_Lock\images\TR110-SRUSA00.jpg (24.0 KB, 500x500)
__RESULT__["C:\\Users\\Admin\\Desktop\\New folder\\SICK_Products\\TR110_Lock\\images\\TR110-SRUSA00.jpg"]
 -> TR110-SRUSA00.xlsx
  [11/24] p677360 ...C:\Users\Admin\Desktop\New folder\SICK_Products\TR110_Lock\TR110-SLU2BB0.xlsx
Saved: C:\Users\Admin\Desktop\New folder\SICK_Products\TR110_Lock\images\TR110-SLU2BB0.jpg (27.3 KB, 500x500)
__RESULT__["C:\\Users\\Admin\\Desktop\\New folder\\SICK_Products\\TR110_Lock\\images\\TR110-SLU2BB0.jpg"]
 -> TR110-SLU2BB0.xlsx
  [12/24] p581062 ...C:\Users\Admin\Desktop\New folder\SICK_Products\TR110_Lock\TR110-SLUFL00.xlsx
Saved: C:\Users\Admin\Desktop\New folder\SICK_Products\TR110_Lock\images\TR110-SLUFL00.jpg (24.0 KB, 500x500)
__RESULT__["C:\\Users\\Admin\\Desktop\\New folder\\SICK_Products\\TR110_Lock\\images\\TR110-SLUFL00.jpg"]
 -> TR110-SLUFL00.xlsx
  [13/24] p677364 ...C:\Users\Admin\Desktop\New folder\SICK_Products\TR110_Lock\TR110-SRUCAB0.xlsx
Saved: C:\Users\Admin\Desktop\New folder\SICK_Products\TR110_Lock\images\TR110-SRUCAB0.jpg (24.4 KB, 500x500)
__RESULT__["C:\\Users\\Admin\\Desktop\\New folder\\SICK_Products\\TR110_Lock\\images\\TR110-SRUCAB0.jpg"]
 -> TR110-SRUCAB0.xlsx
  [14/24] p677366 ...C:\Users\Admin\Desktop\New folder\SICK_Products\TR110_Lock\TR110-SLUFLB0.xlsx
Saved: C:\Users\Admin\Desktop\New folder\SICK_Products\TR110_Lock\images\TR110-SLUFLB0.jpg (24.0 KB, 500x500)
__RESULT__["C:\\Users\\Admin\\Desktop\\New folder\\SICK_Products\\TR110_Lock\\images\\TR110-SLUFLB0.jpg"]
 -> TR110-SLUFLB0.xlsx
  [15/24] p677363 ...C:\Users\Admin\Desktop\New folder\SICK_Products\TR110_Lock\TR110-SLUCAB0.xlsx
Saved: C:\Users\Admin\Desktop\New folder\SICK_Products\TR110_Lock\images\TR110-SLUCAB0.jpg (24.4 KB, 500x500)
__RESULT__["C:\\Users\\Admin\\Desktop\\New folder\\SICK_Products\\TR110_Lock\\images\\TR110-SLUCAB0.jpg"]
 -> TR110-SLUCAB0.xlsx
  [16/24] p581066 ...C:\Users\Admin\Desktop\New folder\SICK_Products\TR110_Lock\TR110-SRUCA01.xlsx
Saved: C:\Users\Admin\Desktop\New folder\SICK_Products\TR110_Lock\images\TR110-SRUCA01.jpg (26.9 KB, 500x500)
__RESULT__["C:\\Users\\Admin\\Desktop\\New folder\\SICK_Products\\TR110_Lock\\images\\TR110-SRUCA01.jpg"]
 -> TR110-SRUCA01.xlsx
  [17/24] p581065 ...C:\Users\Admin\Desktop\New folder\SICK_Products\TR110_Lock\TR110-SLUCA00.xlsx
Saved: C:\Users\Admin\Desktop\New folder\SICK_Products\TR110_Lock\images\TR110-SLUCA00.jpg (24.4 KB, 500x500)
__RESULT__["C:\\Users\\Admin\\Desktop\\New folder\\SICK_Products\\TR110_Lock\\images\\TR110-SLUCA00.jpg"]
 -> TR110-SLUCA00.xlsx
  [18/24] p581061 ...C:\Users\Admin\Desktop\New folder\SICK_Products\TR110_Lock\TR110-SRUFL00.xlsx
Saved: C:\Users\Admin\Desktop\New folder\SICK_Products\TR110_Lock\images\TR110-SRUFL00.jpg (24.0 KB, 500x500)
__RESULT__["C:\\Users\\Admin\\Desktop\\New folder\\SICK_Products\\TR110_Lock\\images\\TR110-SRUFL00.jpg"]
 -> TR110-SRUFL00.xlsx
  [19/24] p581064 ...C:\Users\Admin\Desktop\New folder\SICK_Products\TR110_Lock\TR110-SRUCA00.xlsx
Saved: C:\Users\Admin\Desktop\New folder\SICK_Products\TR110_Lock\images\TR110-SRUCA00.jpg (24.4 KB, 500x500)
__RESULT__["C:\\Users\\Admin\\Desktop\\New folder\\SICK_Products\\TR110_Lock\\images\\TR110-SRUCA00.jpg"]
 -> TR110-SRUCA00.xlsx
  [20/24] p581060 ...C:\Users\Admin\Desktop\New folder\SICK_Products\TR110_Lock\TR110-SRUSA01.xlsx
Saved: C:\Users\Admin\Desktop\New folder\SICK_Products\TR110_Lock\images\TR110-SRUSA01.jpg (26.6 KB, 500x500)
__RESULT__["C:\\Users\\Admin\\Desktop\\New folder\\SICK_Products\\TR110_Lock\\images\\TR110-SRUSA01.jpg"]
 -> TR110-SRUSA01.xlsx
  [21/24] p581059 ...C:\Users\Admin\Desktop\New folder\SICK_Products\TR110_Lock\TR110-SLUSA00.xlsx
Saved: C:\Users\Admin\Desktop\New folder\SICK_Products\TR110_Lock\images\TR110-SLUSA00.jpg (24.0 KB, 500x500)
__RESULT__["C:\\Users\\Admin\\Desktop\\New folder\\SICK_Products\\TR110_Lock\\images\\TR110-SLUSA00.jpg"]
 -> TR110-SLUSA00.xlsx
  [22/24] p581068 ...C:\Users\Admin\Desktop\New folder\SICK_Products\TR110_Lock\TR110-SLU2B00.xlsx
Saved: C:\Users\Admin\Desktop\New folder\SICK_Products\TR110_Lock\images\TR110-SLU2B00.jpg (27.3 KB, 500x500)
__RESULT__["C:\\Users\\Admin\\Desktop\\New folder\\SICK_Products\\TR110_Lock\\images\\TR110-SLU2B00.jpg"]
 -> TR110-SLU2B00.xlsx
  [23/24] p581069 ...C:\Users\Admin\Desktop\New folder\SICK_Products\TR110_Lock\TR110-SRU2B01.xlsx
Saved: C:\Users\Admin\Desktop\New folder\SICK_Products\TR110_Lock\images\TR110-SRU2B01.jpg (29.8 KB, 500x500)
__RESULT__["C:\\Users\\Admin\\Desktop\\New folder\\SICK_Products\\TR110_Lock\\images\\TR110-SRU2B01.jpg"]
 -> TR110-SRU2B01.xlsx
  [24/24] p581067 ...C:\Users\Admin\Desktop\New folder\SICK_Products\TR110_Lock\TR110-SRU2B00.xlsx
Saved: C:\Users\Admin\Desktop\New folder\SICK_Products\TR110_Lock\images\TR110-SRU2B00.jpg (27.3 KB, 500x500)
__RESULT__["C:\\Users\\Admin\\Desktop\\New folder\\SICK_Products\\TR110_Lock\\images\\TR110-SRU2B00.jpg"]
 -> TR110-SRU2B00.xlsx
  => Ket qua: 24 OK, 0 loi, 0 skip / 24 tong

============================================================
[16/643] Dong: RE1 (expected: 11 SP)
Family: RE1 | Code: g274652 | Method: FROM_CHECKLIST
============================================================
  Dang lay danh sach san pham tu category g274652...
  Tim thay 11 san pham.
  [1/11] p315670 ...C:\Users\Admin\Desktop\New folder\SICK_Products\RE1\RE13-SA03.xlsx
Saved: C:\Users\Admin\Desktop\New folder\SICK_Products\RE1\images\RE13-SA03.jpg (25.5 KB, 500x500)
__RESULT__["C:\\Users\\Admin\\Desktop\\New folder\\SICK_Products\\RE1\\images\\RE13-SA03.jpg"]
 -> RE13-SA03.xlsx
  [2/11] p315669 ...C:\Users\Admin\Desktop\New folder\SICK_Products\RE1\RE13-SAC.xlsx
Saved: C:\Users\Admin\Desktop\New folder\SICK_Products\RE1\images\RE13-SAC.jpg (42.5 KB, 500x500)
__RESULT__["C:\\Users\\Admin\\Desktop\\New folder\\SICK_Products\\RE1\\images\\RE13-SAC.jpg"]
 -> RE13-SAC.xlsx
  [3/11] p655301 ...C:\Users\Admin\Desktop\New folder\SICK_Products\RE1\RE15-SAC.xlsx
Saved: C:\Users\Admin\Desktop\New folder\SICK_Products\RE1\images\RE15-SAC.jpg (37.4 KB, 500x500)
__RESULT__["C:\\Users\\Admin\\Desktop\\New folder\\SICK_Products\\RE1\\images\\RE15-SAC.jpg"]
 -> RE15-SAC.xlsx
  [4/11] p317447 ...C:\Users\Admin\Desktop\New folder\SICK_Products\RE1\RE13-SA64.xlsx
Saved: C:\Users\Admin\Desktop\New folder\SICK_Products\RE1\images\RE13-SA64.jpg (25.5 KB, 500x500)
__RESULT__["C:\\Users\\Admin\\Desktop\\New folder\\SICK_Products\\RE1\\images\\RE13-SA64.jpg"]
 -> RE13-SA64.xlsx
  [5/11] p498044 ...C:\Users\Admin\Desktop\New folder\SICK_Products\RE1\RE13-SA64S06.xlsx
Saved: C:\Users\Admin\Desktop\New folder\SICK_Products\RE1\images\RE13-SA64S06.jpg (25.5 KB, 500x500)
__RESULT__["C:\\Users\\Admin\\Desktop\\New folder\\SICK_Products\\RE1\\images\\RE13-SA64S06.jpg"]
 -> RE13-SA64S06.xlsx
  [6/11] p315664 ...C:\Users\Admin\Desktop\New folder\SICK_Products\RE1\RE11-SA03.xlsx
Saved: C:\Users\Admin\Desktop\New folder\SICK_Products\RE1\images\RE11-SA03.jpg (28.9 KB, 500x500)
__RESULT__["C:\\Users\\Admin\\Desktop\\New folder\\SICK_Products\\RE1\\images\\RE11-SA03.jpg"]
 -> RE11-SA03.xlsx
  [7/11] p315785 ...C:\Users\Admin\Desktop\New folder\SICK_Products\RE1\RE13-SA05.xlsx
Saved: C:\Users\Admin\Desktop\New folder\SICK_Products\RE1\images\RE13-SA05.jpg (25.5 KB, 500x500)
__RESULT__["C:\\Users\\Admin\\Desktop\\New folder\\SICK_Products\\RE1\\images\\RE13-SA05.jpg"]
 -> RE13-SA05.xlsx
  [8/11] p389048 ...C:\Users\Admin\Desktop\New folder\SICK_Products\RE1\RE15-SA03.xlsx
Saved: C:\Users\Admin\Desktop\New folder\SICK_Products\RE1\images\RE15-SA03.jpg (28.9 KB, 500x500)
__RESULT__["C:\\Users\\Admin\\Desktop\\New folder\\SICK_Products\\RE1\\images\\RE15-SA03.jpg"]
 -> RE15-SA03.xlsx
  [9/11] p315662 ...C:\Users\Admin\Desktop\New folder\SICK_Products\RE1\RE11-SAC.xlsx
Saved: C:\Users\Admin\Desktop\New folder\SICK_Products\RE1\images\RE11-SAC.jpg (37.4 KB, 500x500)
__RESULT__["C:\\Users\\Admin\\Desktop\\New folder\\SICK_Products\\RE1\\images\\RE11-SAC.jpg"]
 -> RE11-SAC.xlsx
  [10/11] p315665 ...C:\Users\Admin\Desktop\New folder\SICK_Products\RE1\RE11-SA05.xlsx
Saved: C:\Users\Admin\Desktop\New folder\SICK_Products\RE1\images\RE11-SA05.jpg (28.9 KB, 500x500)
__RESULT__["C:\\Users\\Admin\\Desktop\\New folder\\SICK_Products\\RE1\\images\\RE11-SA05.jpg"]
 -> RE11-SA05.xlsx
  [11/11] p317448 ...C:\Users\Admin\Desktop\New folder\SICK_Products\RE1\RE13-SA84.xlsx
Saved: C:\Users\Admin\Desktop\New folder\SICK_Products\RE1\images\RE13-SA84.jpg (25.5 KB, 500x500)
__RESULT__["C:\\Users\\Admin\\Desktop\\New folder\\SICK_Products\\RE1\\images\\RE13-SA84.jpg"]
 -> RE13-SA84.xlsx
  => Ket qua: 11 OK, 0 loi, 0 skip / 11 tong

============================================================
[17/643] Dong: RE2 (expected: 16 SP)
Family: RE2 | Code: g274654 | Method: FROM_CHECKLIST
============================================================
  Dang lay danh sach san pham tu category g274654...
  Tim thay 16 san pham.
  [1/16] p315668 ...C:\Users\Admin\Desktop\New folder\SICK_Products\RE2\RE21-SA05.xlsx
Saved: C:\Users\Admin\Desktop\New folder\SICK_Products\RE2\images\RE21-SA05.jpg (25.9 KB, 500x500)
__RESULT__["C:\\Users\\Admin\\Desktop\\New folder\\SICK_Products\\RE2\\images\\RE21-SA05.jpg"]
 -> RE21-SA05.xlsx
  [2/16] p315676 ...C:\Users\Admin\Desktop\New folder\SICK_Products\RE2\RE27-SA10L.xlsx
Saved: C:\Users\Admin\Desktop\New folder\SICK_Products\RE2\images\RE27-SA10L.jpg (26.2 KB, 500x500)
__RESULT__["C:\\Users\\Admin\\Desktop\\New folder\\SICK_Products\\RE2\\images\\RE27-SA10L.jpg"]
 -> RE27-SA10L.xlsx
  [3/16] p315666 ...C:\Users\Admin\Desktop\New folder\SICK_Products\RE2\RE21-SAC.xlsx
Saved: C:\Users\Admin\Desktop\New folder\SICK_Products\RE2\images\RE21-SAC.jpg (35.1 KB, 500x500)
__RESULT__["C:\\Users\\Admin\\Desktop\\New folder\\SICK_Products\\RE2\\images\\RE21-SAC.jpg"]
 -> RE21-SAC.xlsx
  [4/16] p315674 ...C:\Users\Admin\Desktop\New folder\SICK_Products\RE2\RE27-SA68L.xlsx
Saved: C:\Users\Admin\Desktop\New folder\SICK_Products\RE2\images\RE27-SA68L.jpg (26.2 KB, 500x500)
__RESULT__["C:\\Users\\Admin\\Desktop\\New folder\\SICK_Products\\RE2\\images\\RE27-SA68L.jpg"]
 -> RE27-SA68L.xlsx
  [5/16] p315672 ...C:\Users\Admin\Desktop\New folder\SICK_Products\RE2\RE23-SA03.xlsx
Saved: C:\Users\Admin\Desktop\New folder\SICK_Products\RE2\images\RE23-SA03.jpg (25.8 KB, 500x500)
__RESULT__["C:\\Users\\Admin\\Desktop\\New folder\\SICK_Products\\RE2\\images\\RE23-SA03.jpg"]
 -> RE23-SA03.xlsx
  [6/16] p317449 ...C:\Users\Admin\Desktop\New folder\SICK_Products\RE2\RE23-SA84.xlsx
Saved: C:\Users\Admin\Desktop\New folder\SICK_Products\RE2\images\RE23-SA84.jpg (25.8 KB, 500x500)
__RESULT__["C:\\Users\\Admin\\Desktop\\New folder\\SICK_Products\\RE2\\images\\RE23-SA84.jpg"]
 -> RE23-SA84.xlsx
  [7/16] p564547 ...C:\Users\Admin\Desktop\New folder\SICK_Products\RE2\RE23-SA10.xlsx
Saved: C:\Users\Admin\Desktop\New folder\SICK_Products\RE2\images\RE23-SA10.jpg (25.8 KB, 500x500)
__RESULT__["C:\\Users\\Admin\\Desktop\\New folder\\SICK_Products\\RE2\\images\\RE23-SA10.jpg"]
 -> RE23-SA10.xlsx
  [8/16] p315677 ...C:\Users\Admin\Desktop\New folder\SICK_Products\RE2\RE27-SA20L.xlsx
Saved: C:\Users\Admin\Desktop\New folder\SICK_Products\RE2\images\RE27-SA20L.jpg (26.2 KB, 500x500)
__RESULT__["C:\\Users\\Admin\\Desktop\\New folder\\SICK_Products\\RE2\\images\\RE27-SA20L.jpg"]
 -> RE27-SA20L.xlsx
  [9/16] p315667 ...C:\Users\Admin\Desktop\New folder\SICK_Products\RE2\RE21-SA03.xlsx
Saved: C:\Users\Admin\Desktop\New folder\SICK_Products\RE2\images\RE21-SA03.jpg (25.9 KB, 500x500)
__RESULT__["C:\\Users\\Admin\\Desktop\\New folder\\SICK_Products\\RE2\\images\\RE21-SA03.jpg"]
 -> RE21-SA03.xlsx
  [10/16] p315675 ...C:\Users\Admin\Desktop\New folder\SICK_Products\RE2\RE27-SA05L.xlsx
Saved: C:\Users\Admin\Desktop\New folder\SICK_Products\RE2\images\RE27-SA05L.jpg (26.2 KB, 500x500)
__RESULT__["C:\\Users\\Admin\\Desktop\\New folder\\SICK_Products\\RE2\\images\\RE27-SA05L.jpg"]
 -> RE27-SA05L.xlsx
  [11/16] p469744 ...C:\Users\Admin\Desktop\New folder\SICK_Products\RE2\RE21-SA84.xlsx
Saved: C:\Users\Admin\Desktop\New folder\SICK_Products\RE2\images\RE21-SA84.jpg (25.9 KB, 500x500)
__RESULT__["C:\\Users\\Admin\\Desktop\\New folder\\SICK_Products\\RE2\\images\\RE21-SA84.jpg"]
 -> RE21-SA84.xlsx
  [12/16] p341961 ...C:\Users\Admin\Desktop\New folder\SICK_Products\RE2\RE27-SA68LS04.xlsx
Saved: C:\Users\Admin\Desktop\New folder\SICK_Products\RE2\images\RE27-SA68LS04.jpg (26.2 KB, 500x500)
__RESULT__["C:\\Users\\Admin\\Desktop\\New folder\\SICK_Products\\RE2\\images\\RE27-SA68LS04.jpg"]
 -> RE27-SA68LS04.xlsx
  [13/16] p317450 ...C:\Users\Admin\Desktop\New folder\SICK_Products\RE2\RE23-SA64.xlsx
Saved: C:\Users\Admin\Desktop\New folder\SICK_Products\RE2\images\RE23-SA64.jpg (25.8 KB, 500x500)
__RESULT__["C:\\Users\\Admin\\Desktop\\New folder\\SICK_Products\\RE2\\images\\RE23-SA64.jpg"]
 -> RE23-SA64.xlsx
  [14/16] p617654 ...C:\Users\Admin\Desktop\New folder\SICK_Products\RE2\RE27-SB68LS04.xlsx
Saved: C:\Users\Admin\Desktop\New folder\SICK_Products\RE2\images\RE27-SB68LS04.jpg (22.2 KB, 500x500)
__RESULT__["C:\\Users\\Admin\\Desktop\\New folder\\SICK_Products\\RE2\\images\\RE27-SB68LS04.jpg"]
 -> RE27-SB68LS04.xlsx
  [15/16] p315671 ...C:\Users\Admin\Desktop\New folder\SICK_Products\RE2\RE23-SAC.xlsx
Saved: C:\Users\Admin\Desktop\New folder\SICK_Products\RE2\images\RE23-SAC.jpg (34.4 KB, 500x500)
__RESULT__["C:\\Users\\Admin\\Desktop\\New folder\\SICK_Products\\RE2\\images\\RE23-SAC.jpg"]
 -> RE23-SAC.xlsx
  [16/16] p315673 ...C:\Users\Admin\Desktop\New folder\SICK_Products\RE2\RE23-SA05.xlsx
Saved: C:\Users\Admin\Desktop\New folder\SICK_Products\RE2\images\RE23-SA05.jpg (25.8 KB, 500x500)
__RESULT__["C:\\Users\\Admin\\Desktop\\New folder\\SICK_Products\\RE2\\images\\RE23-SA05.jpg"]
 -> RE23-SA05.xlsx
  => Ket qua: 16 OK, 0 loi, 0 skip / 16 tong

============================================================
[18/643] Dong: IME2S (expected: 14 SP)
Family: IME2S | Code: g478953 | Method: FROM_CHECKLIST
============================================================
  Dang lay danh sach san pham tu category g478953...
  Tim thay 14 san pham.
  [1/14] p590454 ...C:\Users\Admin\Desktop\New folder\SICK_Products\IME2S\IME2S12-08N4DC0.xlsx
Saved: C:\Users\Admin\Desktop\New folder\SICK_Products\IME2S\images\IME2S12-08N4DC0.jpg (43.6 KB, 500x500)
__RESULT__["C:\\Users\\Admin\\Desktop\\New folder\\SICK_Products\\IME2S\\images\\IME2S12-08N4DC0.jpg"]
 -> IME2S12-08N4DC0.xlsx
  [2/14] p590459 ...C:\Users\Admin\Desktop\New folder\SICK_Products\IME2S\IME2S30-15N4DC0.xlsx
Saved: C:\Users\Admin\Desktop\New folder\SICK_Products\IME2S\images\IME2S30-15N4DC0.jpg (51.5 KB, 500x500)
__RESULT__["C:\\Users\\Admin\\Desktop\\New folder\\SICK_Products\\IME2S\\images\\IME2S30-15N4DC0.jpg"]
 -> IME2S30-15N4DC0.xlsx
  [3/14] p665044 ...C:\Users\Admin\Desktop\New folder\SICK_Products\IME2S\IME2S12-04N4DC0S02.xlsx
Saved: C:\Users\Admin\Desktop\New folder\SICK_Products\IME2S\images\IME2S12-04N4DC0S02.jpg (44.3 KB, 500x500)
__RESULT__["C:\\Users\\Admin\\Desktop\\New folder\\SICK_Products\\IME2S\\images\\IME2S12-04N4DC0S02.jpg"]
 -> IME2S12-04N4DC0S02.xlsx
  [4/14] p590448 ...C:\Users\Admin\Desktop\New folder\SICK_Products\IME2S\IME2S12-04N4DQ9.xlsx
Saved: C:\Users\Admin\Desktop\New folder\SICK_Products\IME2S\images\IME2S12-04N4DQ9.jpg (31.1 KB, 500x500)
__RESULT__["C:\\Users\\Admin\\Desktop\\New folder\\SICK_Products\\IME2S\\images\\IME2S12-04N4DQ9.jpg"]
 -> IME2S12-04N4DQ9.xlsx
  [5/14] p590455 ...C:\Users\Admin\Desktop\New folder\SICK_Products\IME2S\IME2S18-05B4DC0.xlsx
Saved: C:\Users\Admin\Desktop\New folder\SICK_Products\IME2S\images\IME2S18-05B4DC0.jpg (50.2 KB, 500x500)
__RESULT__["C:\\Users\\Admin\\Desktop\\New folder\\SICK_Products\\IME2S\\images\\IME2S18-05B4DC0.jpg"]
 -> IME2S18-05B4DC0.xlsx
  [6/14] p590452 ...C:\Users\Admin\Desktop\New folder\SICK_Products\IME2S\IME2S12-04N4DW2.xlsx
Saved: C:\Users\Admin\Desktop\New folder\SICK_Products\IME2S\images\IME2S12-04N4DW2.jpg (34.5 KB, 500x500)
__RESULT__["C:\\Users\\Admin\\Desktop\\New folder\\SICK_Products\\IME2S\\images\\IME2S12-04N4DW2.jpg"]
 -> IME2S12-04N4DW2.xlsx
  [7/14] p590447 ...C:\Users\Admin\Desktop\New folder\SICK_Products\IME2S\IME2S12-04B4DQ9.xlsx
Saved: C:\Users\Admin\Desktop\New folder\SICK_Products\IME2S\images\IME2S12-04B4DQ9.jpg (30.7 KB, 500x500)
__RESULT__["C:\\Users\\Admin\\Desktop\\New folder\\SICK_Products\\IME2S\\images\\IME2S12-04B4DQ9.jpg"]
 -> IME2S12-04B4DQ9.xlsx
  [8/14] p590449 ...C:\Users\Admin\Desktop\New folder\SICK_Products\IME2S\IME2S12-04B4DC0.xlsx
Saved: C:\Users\Admin\Desktop\New folder\SICK_Products\IME2S\images\IME2S12-04B4DC0.jpg (45.1 KB, 500x500)
__RESULT__["C:\\Users\\Admin\\Desktop\\New folder\\SICK_Products\\IME2S\\images\\IME2S12-04B4DC0.jpg"]
 -> IME2S12-04B4DC0.xlsx
  [9/14] p590456 ...C:\Users\Admin\Desktop\New folder\SICK_Products\IME2S\IME2S18-08N4DC0.xlsx
Saved: C:\Users\Admin\Desktop\New folder\SICK_Products\IME2S\images\IME2S18-08N4DC0.jpg (45.8 KB, 500x500)
__RESULT__["C:\\Users\\Admin\\Desktop\\New folder\\SICK_Products\\IME2S\\images\\IME2S18-08N4DC0.jpg"]
 -> IME2S18-08N4DC0.xlsx
  [10/14] p590458 ...C:\Users\Admin\Desktop\New folder\SICK_Products\IME2S\IME2S30-12B4DC0.xlsx
Saved: C:\Users\Admin\Desktop\New folder\SICK_Products\IME2S\images\IME2S30-12B4DC0.jpg (57.8 KB, 500x500)
__RESULT__["C:\\Users\\Admin\\Desktop\\New folder\\SICK_Products\\IME2S\\images\\IME2S30-12B4DC0.jpg"]
 -> IME2S30-12B4DC0.xlsx
  [11/14] p590450 ...C:\Users\Admin\Desktop\New folder\SICK_Products\IME2S\IME2S12-04B4DW2.xlsx
Saved: C:\Users\Admin\Desktop\New folder\SICK_Products\IME2S\images\IME2S12-04B4DW2.jpg (35.1 KB, 500x500)
__RESULT__["C:\\Users\\Admin\\Desktop\\New folder\\SICK_Products\\IME2S\\images\\IME2S12-04B4DW2.jpg"]
 -> IME2S12-04B4DW2.xlsx
  [12/14] p590457 ...C:\Users\Admin\Desktop\New folder\SICK_Products\IME2S\IME2S18-08B4DC0.xlsx
Saved: C:\Users\Admin\Desktop\New folder\SICK_Products\IME2S\images\IME2S18-08B4DC0.jpg (50.2 KB, 500x500)
__RESULT__["C:\\Users\\Admin\\Desktop\\New folder\\SICK_Products\\IME2S\\images\\IME2S18-08B4DC0.jpg"]
 -> IME2S18-08B4DC0.xlsx
  [13/14] p665043 ...C:\Users\Admin\Desktop\New folder\SICK_Products\IME2S\IME2S12-04B4DC0S02.xlsx
Saved: C:\Users\Admin\Desktop\New folder\SICK_Products\IME2S\images\IME2S12-04B4DC0S02.jpg (45.4 KB, 500x500)
__RESULT__["C:\\Users\\Admin\\Desktop\\New folder\\SICK_Products\\IME2S\\images\\IME2S12-04B4DC0S02.jpg"]
 -> IME2S12-04B4DC0S02.xlsx
  [14/14] p590453 ...C:\Users\Admin\Desktop\New folder\SICK_Products\IME2S\IME2S12-04N4DC0.xlsx
Saved: C:\Users\Admin\Desktop\New folder\SICK_Products\IME2S\images\IME2S12-04N4DC0.jpg (43.6 KB, 500x500)
__RESULT__["C:\\Users\\Admin\\Desktop\\New folder\\SICK_Products\\IME2S\\images\\IME2S12-04N4DC0.jpg"]
 -> IME2S12-04N4DC0.xlsx
  => Ket qua: 14 OK, 0 loi, 0 skip / 14 tong

============================================================
[19/643] Dong: TR10 Lock (expected: 12 SP)
Family: TR10 Lock | Code: g381551 | Method: FROM_CHECKLIST
============================================================
  Dang lay danh sach san pham tu category g381551...
  Tim thay 12 san pham.
  [1/12] p434849 ...C:\Users\Admin\Desktop\New folder\SICK_Products\TR10_Lock\TR10-SLM01C.xlsx
Saved: C:\Users\Admin\Desktop\New folder\SICK_Products\TR10_Lock\images\TR10-SLM01C.jpg (28.3 KB, 500x500)
__RESULT__["C:\\Users\\Admin\\Desktop\\New folder\\SICK_Products\\TR10_Lock\\images\\TR10-SLM01C.jpg"]
 -> TR10-SLM01C.xlsx
  [2/12] p434844 ...C:\Users\Admin\Desktop\New folder\SICK_Products\TR10_Lock\TR10-SRM03P.xlsx
Saved: C:\Users\Admin\Desktop\New folder\SICK_Products\TR10_Lock\images\TR10-SRM03P.jpg (28.3 KB, 500x500)
__RESULT__["C:\\Users\\Admin\\Desktop\\New folder\\SICK_Products\\TR10_Lock\\images\\TR10-SRM03P.jpg"]
 -> TR10-SRM03P.xlsx
  [3/12] p434854 ...C:\Users\Admin\Desktop\New folder\SICK_Products\TR10_Lock\TR10-SLU01C.xlsx
Saved: C:\Users\Admin\Desktop\New folder\SICK_Products\TR10_Lock\images\TR10-SLU01C.jpg (28.3 KB, 500x500)
__RESULT__["C:\\Users\\Admin\\Desktop\\New folder\\SICK_Products\\TR10_Lock\\images\\TR10-SLU01C.jpg"]
 -> TR10-SLU01C.xlsx
  [4/12] p434847 ...C:\Users\Admin\Desktop\New folder\SICK_Products\TR10_Lock\TR10-SLM03P.xlsx
Saved: C:\Users\Admin\Desktop\New folder\SICK_Products\TR10_Lock\images\TR10-SLM03P.jpg (28.3 KB, 500x500)
__RESULT__["C:\\Users\\Admin\\Desktop\\New folder\\SICK_Products\\TR10_Lock\\images\\TR10-SLM03P.jpg"]
 -> TR10-SLM03P.xlsx
  [5/12] p434846 ...C:\Users\Admin\Desktop\New folder\SICK_Products\TR10_Lock\TR10-SRM01C.xlsx
Saved: C:\Users\Admin\Desktop\New folder\SICK_Products\TR10_Lock\images\TR10-SRM01C.jpg (28.3 KB, 500x500)
__RESULT__["C:\\Users\\Admin\\Desktop\\New folder\\SICK_Products\\TR10_Lock\\images\\TR10-SRM01C.jpg"]
 -> TR10-SRM01C.xlsx
  [6/12] p434851 ...C:\Users\Admin\Desktop\New folder\SICK_Products\TR10_Lock\TR10-SRU01C.xlsx
Saved: C:\Users\Admin\Desktop\New folder\SICK_Products\TR10_Lock\images\TR10-SRU01C.jpg (28.3 KB, 500x500)
__RESULT__["C:\\Users\\Admin\\Desktop\\New folder\\SICK_Products\\TR10_Lock\\images\\TR10-SRU01C.jpg"]
 -> TR10-SRU01C.xlsx
  [7/12] p434845 ...C:\Users\Admin\Desktop\New folder\SICK_Products\TR10_Lock\TR10-SRM10P.xlsx
Saved: C:\Users\Admin\Desktop\New folder\SICK_Products\TR10_Lock\images\TR10-SRM10P.jpg (28.3 KB, 500x500)
__RESULT__["C:\\Users\\Admin\\Desktop\\New folder\\SICK_Products\\TR10_Lock\\images\\TR10-SRM10P.jpg"]
 -> TR10-SRM10P.xlsx
  [8/12] p434853 ...C:\Users\Admin\Desktop\New folder\SICK_Products\TR10_Lock\TR10-SLU10P.xlsx
Saved: C:\Users\Admin\Desktop\New folder\SICK_Products\TR10_Lock\images\TR10-SLU10P.jpg (28.3 KB, 500x500)
__RESULT__["C:\\Users\\Admin\\Desktop\\New folder\\SICK_Products\\TR10_Lock\\images\\TR10-SLU10P.jpg"]
 -> TR10-SLU10P.xlsx
  [9/12] p434855 ...C:\Users\Admin\Desktop\New folder\SICK_Products\TR10_Lock\TR10-SRU03P.xlsx
Saved: C:\Users\Admin\Desktop\New folder\SICK_Products\TR10_Lock\images\TR10-SRU03P.jpg (28.3 KB, 500x500)
__RESULT__["C:\\Users\\Admin\\Desktop\\New folder\\SICK_Products\\TR10_Lock\\images\\TR10-SRU03P.jpg"]
 -> TR10-SRU03P.xlsx
  [10/12] p434852 ...C:\Users\Admin\Desktop\New folder\SICK_Products\TR10_Lock\TR10-SLU03P.xlsx
Saved: C:\Users\Admin\Desktop\New folder\SICK_Products\TR10_Lock\images\TR10-SLU03P.jpg (28.3 KB, 500x500)
__RESULT__["C:\\Users\\Admin\\Desktop\\New folder\\SICK_Products\\TR10_Lock\\images\\TR10-SLU03P.jpg"]
 -> TR10-SLU03P.xlsx
  [11/12] p434850 ...C:\Users\Admin\Desktop\New folder\SICK_Products\TR10_Lock\TR10-SRU10P.xlsx
Saved: C:\Users\Admin\Desktop\New folder\SICK_Products\TR10_Lock\images\TR10-SRU10P.jpg (28.3 KB, 500x500)
__RESULT__["C:\\Users\\Admin\\Desktop\\New folder\\SICK_Products\\TR10_Lock\\images\\TR10-SRU10P.jpg"]
 -> TR10-SRU10P.xlsx
  [12/12] p434848 ...C:\Users\Admin\Desktop\New folder\SICK_Products\TR10_Lock\TR10-SLM10P.xlsx
Saved: C:\Users\Admin\Desktop\New folder\SICK_Products\TR10_Lock\images\TR10-SLM10P.jpg (28.3 KB, 500x500)
__RESULT__["C:\\Users\\Admin\\Desktop\\New folder\\SICK_Products\\TR10_Lock\\images\\TR10-SLM10P.jpg"]
 -> TR10-SLM10P.xlsx
  => Ket qua: 12 OK, 0 loi, 0 skip / 12 tong

============================================================
[20/643] Dong: i110R (expected: 3 SP)
Family: i110R | Code: g195507 | Method: FROM_CHECKLIST
============================================================
  Dang lay danh sach san pham tu category g195507...
  Tim thay 3 san pham.
  [1/3] p16409 ...C:\Users\Admin\Desktop\New folder\SICK_Products\i110R\i110-RA223.xlsx
Saved: C:\Users\Admin\Desktop\New folder\SICK_Products\i110R\images\i110-RA223.jpg (25.4 KB, 500x500)
__RESULT__["C:\\Users\\Admin\\Desktop\\New folder\\SICK_Products\\i110R\\images\\i110-RA223.jpg"]
 -> i110-RA223.xlsx
  [2/3] p16408 ...C:\Users\Admin\Desktop\New folder\SICK_Products\i110R\i110-RA313.xlsx
Saved: C:\Users\Admin\Desktop\New folder\SICK_Products\i110R\images\i110-RA313.jpg (25.4 KB, 500x500)
__RESULT__["C:\\Users\\Admin\\Desktop\\New folder\\SICK_Products\\i110R\\images\\i110-RA313.jpg"]
 -> i110-RA313.xlsx
  [3/3] p16410 ...C:\Users\Admin\Desktop\New folder\SICK_Products\i110R\i110-RA123.xlsx
Saved: C:\Users\Admin\Desktop\New folder\SICK_Products\i110R\images\i110-RA123.jpg (25.4 KB, 500x500)
__RESULT__["C:\\Users\\Admin\\Desktop\\New folder\\SICK_Products\\i110R\\images\\i110-RA123.jpg"]
 -> i110-RA123.xlsx
  => Ket qua: 3 OK, 0 loi, 0 skip / 3 tong

============================================================
[21/643] Dong: i110 Lock (expected: 10 SP)
Family: i110 Lock | Code: g195501 | Method: FROM_CHECKLIST
============================================================
  Dang lay danh sach san pham tu category g195501...
  Tim thay 10 san pham.
  [1/10] p191540 ...C:\Users\Admin\Desktop\New folder\SICK_Products\i110_Lock\i110-E0313S06.xlsx
Saved: C:\Users\Admin\Desktop\New folder\SICK_Products\i110_Lock\images\i110-E0313S06.jpg (26.8 KB, 500x500)
__RESULT__["C:\\Users\\Admin\\Desktop\\New folder\\SICK_Products\\i110_Lock\\images\\i110-E0313S06.jpg"]
 -> i110-E0313S06.xlsx
  [2/10] p335850 ...C:\Users\Admin\Desktop\New folder\SICK_Products\i110_Lock\i110-M0453.xlsx
Saved: C:\Users\Admin\Desktop\New folder\SICK_Products\i110_Lock\images\i110-M0453.jpg (26.8 KB, 500x500)
__RESULT__["C:\\Users\\Admin\\Desktop\\New folder\\SICK_Products\\i110_Lock\\images\\i110-M0453.jpg"]
 -> i110-M0453.xlsx
  [3/10] p335852 ...C:\Users\Admin\Desktop\New folder\SICK_Products\i110_Lock\i110-M0454.xlsx
Saved: C:\Users\Admin\Desktop\New folder\SICK_Products\i110_Lock\images\i110-M0454.jpg (27.2 KB, 500x500)
__RESULT__["C:\\Users\\Admin\\Desktop\\New folder\\SICK_Products\\i110_Lock\\images\\i110-M0454.jpg"]
 -> i110-M0454.xlsx
  [4/10] p335848 ...C:\Users\Admin\Desktop\New folder\SICK_Products\i110_Lock\i110-M0253.xlsx
Saved: C:\Users\Admin\Desktop\New folder\SICK_Products\i110_Lock\images\i110-M0253.jpg (26.8 KB, 500x500)
__RESULT__["C:\\Users\\Admin\\Desktop\\New folder\\SICK_Products\\i110_Lock\\images\\i110-M0253.jpg"]
 -> i110-M0253.xlsx
  [5/10] p335849 ...C:\Users\Admin\Desktop\New folder\SICK_Products\i110_Lock\i110-E0253.xlsx
Saved: C:\Users\Admin\Desktop\New folder\SICK_Products\i110_Lock\images\i110-E0253.jpg (26.8 KB, 500x500)
__RESULT__["C:\\Users\\Admin\\Desktop\\New folder\\SICK_Products\\i110_Lock\\images\\i110-E0253.jpg"]
 -> i110-E0253.xlsx
  [6/10] p335853 ...C:\Users\Admin\Desktop\New folder\SICK_Products\i110_Lock\i110-E0454.xlsx
Saved: C:\Users\Admin\Desktop\New folder\SICK_Products\i110_Lock\images\i110-E0454.jpg (27.2 KB, 500x500)
__RESULT__["C:\\Users\\Admin\\Desktop\\New folder\\SICK_Products\\i110_Lock\\images\\i110-E0454.jpg"]
 -> i110-E0454.xlsx
  [7/10] p335846 ...C:\Users\Admin\Desktop\New folder\SICK_Products\i110_Lock\i110-M0233.xlsx
Saved: C:\Users\Admin\Desktop\New folder\SICK_Products\i110_Lock\images\i110-M0233.jpg (26.8 KB, 500x500)
__RESULT__["C:\\Users\\Admin\\Desktop\\New folder\\SICK_Products\\i110_Lock\\images\\i110-M0233.jpg"]
 -> i110-M0233.xlsx
  [8/10] p335847 ...C:\Users\Admin\Desktop\New folder\SICK_Products\i110_Lock\i110-E0233.xlsx
Saved: C:\Users\Admin\Desktop\New folder\SICK_Products\i110_Lock\images\i110-E0233.jpg (26.8 KB, 500x500)
__RESULT__["C:\\Users\\Admin\\Desktop\\New folder\\SICK_Products\\i110_Lock\\images\\i110-E0233.jpg"]
 -> i110-E0233.xlsx
  [9/10] p360092 ...C:\Users\Admin\Desktop\New folder\SICK_Products\i110_Lock\i110-E0354.xlsx
Saved: C:\Users\Admin\Desktop\New folder\SICK_Products\i110_Lock\images\i110-E0354.jpg (26.8 KB, 500x500)
__RESULT__["C:\\Users\\Admin\\Desktop\\New folder\\SICK_Products\\i110_Lock\\images\\i110-E0354.jpg"]
 -> i110-E0354.xlsx
  [10/10] p335851 ...C:\Users\Admin\Desktop\New folder\SICK_Products\i110_Lock\i110-E0453.xlsx
Saved: C:\Users\Admin\Desktop\New folder\SICK_Products\i110_Lock\images\i110-E0453.jpg (26.8 KB, 500x500)
__RESULT__["C:\\Users\\Admin\\Desktop\\New folder\\SICK_Products\\i110_Lock\\images\\i110-E0453.jpg"]
 -> i110-E0453.xlsx
  => Ket qua: 10 OK, 0 loi, 0 skip / 10 tong

============================================================
[22/643] Dong: STR1 (expected: 80 SP)
Family: STR1 | Code: g353451 | Method: FROM_CHECKLIST
============================================================
  Dang lay danh sach san pham tu category g353451...
  Tim thay 80 san pham.
  [1/80] p416367 ...C:\Users\Admin\Desktop\New folder\SICK_Products\STR1\STR1-SASM10P5.xlsx
Saved: C:\Users\Admin\Desktop\New folder\SICK_Products\STR1\images\STR1-SASM10P5.jpg (29.7 KB, 500x500)
__RESULT__["C:\\Users\\Admin\\Desktop\\New folder\\SICK_Products\\STR1\\images\\STR1-SASM10P5.jpg"]
 -> STR1-SASM10P5.xlsx
  [2/80] p416364 ...C:\Users\Admin\Desktop\New folder\SICK_Products\STR1\STR1-SASM0AC8.xlsx
Saved: C:\Users\Admin\Desktop\New folder\SICK_Products\STR1\images\STR1-SASM0AC8.jpg (29.7 KB, 500x500)
__RESULT__["C:\\Users\\Admin\\Desktop\\New folder\\SICK_Products\\STR1\\images\\STR1-SASM0AC8.jpg"]
 -> STR1-SASM0AC8.xlsx
  [3/80] p416377 ...C:\Users\Admin\Desktop\New folder\SICK_Products\STR1\STR1-SAFM0AC5.xlsx
Saved: C:\Users\Admin\Desktop\New folder\SICK_Products\STR1\images\STR1-SAFM0AC5.jpg (31.4 KB, 500x500)
__RESULT__["C:\\Users\\Admin\\Desktop\\New folder\\SICK_Products\\STR1\\images\\STR1-SAFM0AC5.jpg"]
 -> STR1-SAFM0AC5.xlsx
  [4/80] p416381 ...C:\Users\Admin\Desktop\New folder\SICK_Products\STR1\STR1-SAFM03P5.xlsx
Saved: C:\Users\Admin\Desktop\New folder\SICK_Products\STR1\images\STR1-SAFM03P5.jpg (31.4 KB, 500x500)
__RESULT__["C:\\Users\\Admin\\Desktop\\New folder\\SICK_Products\\STR1\\images\\STR1-SAFM03P5.jpg"]
 -> STR1-SAFM03P5.xlsx
  [5/80] p498151 ...C:\Users\Admin\Desktop\New folder\SICK_Products\STR1\STR1-SAFM03P8.xlsx
Saved: C:\Users\Admin\Desktop\New folder\SICK_Products\STR1\images\STR1-SAFM03P8.jpg (31.4 KB, 500x500)
__RESULT__["C:\\Users\\Admin\\Desktop\\New folder\\SICK_Products\\STR1\\images\\STR1-SAFM03P8.jpg"]
 -> STR1-SAFM03P8.xlsx
  [6/80] p416363 ...C:\Users\Admin\Desktop\New folder\SICK_Products\STR1\STR1-SASM0AC5.xlsx
Saved: C:\Users\Admin\Desktop\New folder\SICK_Products\STR1\images\STR1-SASM0AC5.jpg (29.7 KB, 500x500)
__RESULT__["C:\\Users\\Admin\\Desktop\\New folder\\SICK_Products\\STR1\\images\\STR1-SASM0AC5.jpg"]
 -> STR1-SASM0AC5.xlsx
  [7/80] p506156 ...C:\Users\Admin\Desktop\New folder\SICK_Products\STR1\STR1-SAXF03P8.xlsx
Saved: C:\Users\Admin\Desktop\New folder\SICK_Products\STR1\images\STR1-SAXF03P8.jpg (29.2 KB, 500x500)
__RESULT__["C:\\Users\\Admin\\Desktop\\New folder\\SICK_Products\\STR1\\images\\STR1-SAXF03P8.jpg"]
 -> STR1-SAXF03P8.xlsx
  [8/80] p416402 ...C:\Users\Admin\Desktop\New folder\SICK_Products\STR1\STR1-SAMF03P5.xlsx
Saved: C:\Users\Admin\Desktop\New folder\SICK_Products\STR1\images\STR1-SAMF03P5.jpg (30.0 KB, 500x500)
__RESULT__["C:\\Users\\Admin\\Desktop\\New folder\\SICK_Products\\STR1\\images\\STR1-SAMF03P5.jpg"]
 -> STR1-SAMF03P5.xlsx
  [9/80] p416373 ...C:\Users\Admin\Desktop\New folder\SICK_Products\STR1\STR1-SASF0AC8.xlsx
Saved: C:\Users\Admin\Desktop\New folder\SICK_Products\STR1\images\STR1-SASF0AC8.jpg (29.7 KB, 500x500)
__RESULT__["C:\\Users\\Admin\\Desktop\\New folder\\SICK_Products\\STR1\\images\\STR1-SASF0AC8.jpg"]
 -> STR1-SASF0AC8.xlsx
  [10/80] p416394 ...C:\Users\Admin\Desktop\New folder\SICK_Products\STR1\STR1-SAMM10P5.xlsx
Saved: C:\Users\Admin\Desktop\New folder\SICK_Products\STR1\images\STR1-SAMM10P5.jpg (30.0 KB, 500x500)
__RESULT__["C:\\Users\\Admin\\Desktop\\New folder\\SICK_Products\\STR1\\images\\STR1-SAMM10P5.jpg"]
 -> STR1-SAMM10P5.xlsx
  [11/80] p496144 ...C:\Users\Admin\Desktop\New folder\SICK_Products\STR1\STR1-SAXM0AC5.xlsx
Saved: C:\Users\Admin\Desktop\New folder\SICK_Products\STR1\images\STR1-SAXM0AC5.jpg (29.2 KB, 500x500)
__RESULT__["C:\\Users\\Admin\\Desktop\\New folder\\SICK_Products\\STR1\\images\\STR1-SAXM0AC5.jpg"]
 -> STR1-SAXM0AC5.xlsx
  [12/80] p416393 ...C:\Users\Admin\Desktop\New folder\SICK_Products\STR1\STR1-SAMM03P5.xlsx
Saved: C:\Users\Admin\Desktop\New folder\SICK_Products\STR1\images\STR1-SAMM03P5.jpg (30.0 KB, 500x500)
__RESULT__["C:\\Users\\Admin\\Desktop\\New folder\\SICK_Products\\STR1\\images\\STR1-SAMM03P5.jpg"]
 -> STR1-SAMM03P5.xlsx
  [13/80] p416387 ...C:\Users\Admin\Desktop\New folder\SICK_Products\STR1\STR1-SAFF0AC5.xlsx
Saved: C:\Users\Admin\Desktop\New folder\SICK_Products\STR1\images\STR1-SAFF0AC5.jpg (31.4 KB, 500x500)
__RESULT__["C:\\Users\\Admin\\Desktop\\New folder\\SICK_Products\\STR1\\images\\STR1-SAFF0AC5.jpg"]
 -> STR1-SAFF0AC5.xlsx
  [14/80] p506154 ...C:\Users\Admin\Desktop\New folder\SICK_Products\STR1\STR1-SAXF0AC8.xlsx
Saved: C:\Users\Admin\Desktop\New folder\SICK_Products\STR1\images\STR1-SAXF0AC8.jpg (29.2 KB, 500x500)
__RESULT__["C:\\Users\\Admin\\Desktop\\New folder\\SICK_Products\\STR1\\images\\STR1-SAXF0AC8.jpg"]
 -> STR1-SAXF0AC8.xlsx
  [15/80] p416399 ...C:\Users\Admin\Desktop\New folder\SICK_Products\STR1\STR1-SAMF0AC5.xlsx
Saved: C:\Users\Admin\Desktop\New folder\SICK_Products\STR1\images\STR1-SAMF0AC5.jpg (30.0 KB, 500x500)
__RESULT__["C:\\Users\\Admin\\Desktop\\New folder\\SICK_Products\\STR1\\images\\STR1-SAMF0AC5.jpg"]
 -> STR1-SAMF0AC5.xlsx
  [16/80] p498155 ...C:\Users\Admin\Desktop\New folder\SICK_Products\STR1\STR1-SAFU10P8.xlsx
Saved: C:\Users\Admin\Desktop\New folder\SICK_Products\STR1\images\STR1-SAFU10P8.jpg (31.4 KB, 500x500)
__RESULT__["C:\\Users\\Admin\\Desktop\\New folder\\SICK_Products\\STR1\\images\\STR1-SAFU10P8.jpg"]
 -> STR1-SAFU10P8.xlsx
  [17/80] p498162 ...C:\Users\Admin\Desktop\New folder\SICK_Products\STR1\STR1-SAMF10P8.xlsx
Saved: C:\Users\Admin\Desktop\New folder\SICK_Products\STR1\images\STR1-SAMF10P8.jpg (30.0 KB, 500x500)
__RESULT__["C:\\Users\\Admin\\Desktop\\New folder\\SICK_Products\\STR1\\images\\STR1-SAMF10P8.jpg"]
 -> STR1-SAMF10P8.xlsx
  [18/80] p416386 ...C:\Users\Admin\Desktop\New folder\SICK_Products\STR1\STR1-SAFU10P5.xlsx
Saved: C:\Users\Admin\Desktop\New folder\SICK_Products\STR1\images\STR1-SAFU10P5.jpg (31.4 KB, 500x500)
__RESULT__["C:\\Users\\Admin\\Desktop\\New folder\\SICK_Products\\STR1\\images\\STR1-SAFU10P5.jpg"]
 -> STR1-SAFU10P5.xlsx
  [19/80] p416369 ...C:\Users\Admin\Desktop\New folder\SICK_Products\STR1\STR1-SASU0AC8.xlsx
Saved: C:\Users\Admin\Desktop\New folder\SICK_Products\STR1\images\STR1-SASU0AC8.jpg (29.7 KB, 500x500)
__RESULT__["C:\\Users\\Admin\\Desktop\\New folder\\SICK_Products\\STR1\\images\\STR1-SASU0AC8.jpg"]
 -> STR1-SASU0AC8.xlsx
  [20/80] p506158 ...C:\Users\Admin\Desktop\New folder\SICK_Products\STR1\STR1-SAXF10P8.xlsx
Saved: C:\Users\Admin\Desktop\New folder\SICK_Products\STR1\images\STR1-SAXF10P8.jpg (29.2 KB, 500x500)
__RESULT__["C:\\Users\\Admin\\Desktop\\New folder\\SICK_Products\\STR1\\images\\STR1-SAXF10P8.jpg"]
 -> STR1-SAXF10P8.xlsx
  [21/80] p506157 ...C:\Users\Admin\Desktop\New folder\SICK_Products\STR1\STR1-SAXF10P5.xlsx
Saved: C:\Users\Admin\Desktop\New folder\SICK_Products\STR1\images\STR1-SAXF10P5.jpg (29.2 KB, 500x500)
__RESULT__["C:\\Users\\Admin\\Desktop\\New folder\\SICK_Products\\STR1\\images\\STR1-SAXF10P5.jpg"]
 -> STR1-SAXF10P5.xlsx
  [22/80] p416398 ...C:\Users\Admin\Desktop\New folder\SICK_Products\STR1\STR1-SAMU10P5.xlsx
Saved: C:\Users\Admin\Desktop\New folder\SICK_Products\STR1\images\STR1-SAMU10P5.jpg (30.0 KB, 500x500)
__RESULT__["C:\\Users\\Admin\\Desktop\\New folder\\SICK_Products\\STR1\\images\\STR1-SAMU10P5.jpg"]
 -> STR1-SAMU10P5.xlsx
  [23/80] p416375 ...C:\Users\Admin\Desktop\New folder\SICK_Products\STR1\STR1-SASF10P5.xlsx
Saved: C:\Users\Admin\Desktop\New folder\SICK_Products\STR1\images\STR1-SASF10P5.jpg (29.7 KB, 500x500)
__RESULT__["C:\\Users\\Admin\\Desktop\\New folder\\SICK_Products\\STR1\\images\\STR1-SASF10P5.jpg"]
 -> STR1-SASF10P5.xlsx
  [24/80] p416366 ...C:\Users\Admin\Desktop\New folder\SICK_Products\STR1\STR1-SASM03P5.xlsx
Saved: C:\Users\Admin\Desktop\New folder\SICK_Products\STR1\images\STR1-SASM03P5.jpg (29.7 KB, 500x500)
__RESULT__["C:\\Users\\Admin\\Desktop\\New folder\\SICK_Products\\STR1\\images\\STR1-SASM03P5.jpg"]
 -> STR1-SASM03P5.xlsx
  [25/80] p416384 ...C:\Users\Admin\Desktop\New folder\SICK_Products\STR1\STR1-SAFU0AC8.xlsx
Saved: C:\Users\Admin\Desktop\New folder\SICK_Products\STR1\images\STR1-SAFU0AC8.jpg (31.4 KB, 500x500)
__RESULT__["C:\\Users\\Admin\\Desktop\\New folder\\SICK_Products\\STR1\\images\\STR1-SAFU0AC8.jpg"]
 -> STR1-SAFU0AC8.xlsx
  [26/80] p506150 ...C:\Users\Admin\Desktop\New folder\SICK_Products\STR1\STR1-SAXU0AC8.xlsx
Saved: C:\Users\Admin\Desktop\New folder\SICK_Products\STR1\images\STR1-SAXU0AC8.jpg (29.2 KB, 500x500)
__RESULT__["C:\\Users\\Admin\\Desktop\\New folder\\SICK_Products\\STR1\\images\\STR1-SAXU0AC8.jpg"]
 -> STR1-SAXU0AC8.xlsx
  [27/80] p416395 ...C:\Users\Admin\Desktop\New folder\SICK_Products\STR1\STR1-SAMU0AC5.xlsx
Saved: C:\Users\Admin\Desktop\New folder\SICK_Products\STR1\images\STR1-SAMU0AC5.jpg (30.0 KB, 500x500)
__RESULT__["C:\\Users\\Admin\\Desktop\\New folder\\SICK_Products\\STR1\\images\\STR1-SAMU0AC5.jpg"]
 -> STR1-SAMU0AC5.xlsx
  [28/80] p498146 ...C:\Users\Admin\Desktop\New folder\SICK_Products\STR1\STR1-SASM10P8.xlsx
Saved: C:\Users\Admin\Desktop\New folder\SICK_Products\STR1\images\STR1-SASM10P8.jpg (29.7 KB, 500x500)
__RESULT__["C:\\Users\\Admin\\Desktop\\New folder\\SICK_Products\\STR1\\images\\STR1-SASM10P8.jpg"]
 -> STR1-SASM10P8.xlsx
  [29/80] p416372 ...C:\Users\Admin\Desktop\New folder\SICK_Products\STR1\STR1-SASF0AC5.xlsx
Saved: C:\Users\Admin\Desktop\New folder\SICK_Products\STR1\images\STR1-SASF0AC5.jpg (29.7 KB, 500x500)
__RESULT__["C:\\Users\\Admin\\Desktop\\New folder\\SICK_Products\\STR1\\images\\STR1-SASF0AC5.jpg"]
 -> STR1-SASF0AC5.xlsx
  [30/80] p506146 ...C:\Users\Admin\Desktop\New folder\SICK_Products\STR1\STR1-SAXM10P5.xlsx
Saved: C:\Users\Admin\Desktop\New folder\SICK_Products\STR1\images\STR1-SAXM10P5.jpg (29.2 KB, 500x500)
__RESULT__["C:\\Users\\Admin\\Desktop\\New folder\\SICK_Products\\STR1\\images\\STR1-SAXM10P5.jpg"]
 -> STR1-SAXM10P5.xlsx
  [31/80] p416397 ...C:\Users\Admin\Desktop\New folder\SICK_Products\STR1\STR1-SAMU03P5.xlsx
Saved: C:\Users\Admin\Desktop\New folder\SICK_Products\STR1\images\STR1-SAMU03P5.jpg (30.0 KB, 500x500)
__RESULT__["C:\\Users\\Admin\\Desktop\\New folder\\SICK_Products\\STR1\\images\\STR1-SAMU03P5.jpg"]
 -> STR1-SAMU03P5.xlsx
  [32/80] p416378 ...C:\Users\Admin\Desktop\New folder\SICK_Products\STR1\STR1-SAFM0AC8.xlsx
Saved: C:\Users\Admin\Desktop\New folder\SICK_Products\STR1\images\STR1-SAFM0AC8.jpg (31.4 KB, 500x500)
__RESULT__["C:\\Users\\Admin\\Desktop\\New folder\\SICK_Products\\STR1\\images\\STR1-SAFM0AC8.jpg"]
 -> STR1-SAFM0AC8.xlsx
  [33/80] p657748 ...C:\Users\Admin\Desktop\New folder\SICK_Products\STR1\STR1-SACM0AC8.xlsx
Saved: C:\Users\Admin\Desktop\New folder\SICK_Products\STR1\images\STR1-SACM0AC8.jpg (32.9 KB, 500x500)
__RESULT__["C:\\Users\\Admin\\Desktop\\New folder\\SICK_Products\\STR1\\images\\STR1-SACM0AC8.jpg"]
 -> STR1-SACM0AC8.xlsx
  [34/80] p506155 ...C:\Users\Admin\Desktop\New folder\SICK_Products\STR1\STR1-SAXF03P5.xlsx
Saved: C:\Users\Admin\Desktop\New folder\SICK_Products\STR1\images\STR1-SAXF03P5.jpg (29.2 KB, 500x500)
__RESULT__["C:\\Users\\Admin\\Desktop\\New folder\\SICK_Products\\STR1\\images\\STR1-SAXF03P5.jpg"]
 -> STR1-SAXF03P5.xlsx
  [35/80] p498149 ...C:\Users\Admin\Desktop\New folder\SICK_Products\STR1\STR1-SASF03P8.xlsx
Saved: C:\Users\Admin\Desktop\New folder\SICK_Products\STR1\images\STR1-SASF03P8.jpg (29.7 KB, 500x500)
__RESULT__["C:\\Users\\Admin\\Desktop\\New folder\\SICK_Products\\STR1\\images\\STR1-SASF03P8.jpg"]
 -> STR1-SASF03P8.xlsx
  [36/80] p665560 ...C:\Users\Admin\Desktop\New folder\SICK_Products\STR1\STR1-SASM0AC8S07.xlsx
Saved: C:\Users\Admin\Desktop\New folder\SICK_Products\STR1\images\STR1-SASM0AC8S07.jpg (29.7 KB, 500x500)
__RESULT__["C:\\Users\\Admin\\Desktop\\New folder\\SICK_Products\\STR1\\images\\STR1-SASM0AC8S07.jpg"]
 -> STR1-SASM0AC8S07.xlsx
  [37/80] p665871 ...C:\Users\Admin\Desktop\New folder\SICK_Products\STR1\STR1-SACM0PR5.xlsx
Saved: C:\Users\Admin\Desktop\New folder\SICK_Products\STR1\images\STR1-SACM0PR5.jpg (32.9 KB, 500x500)
__RESULT__["C:\\Users\\Admin\\Desktop\\New folder\\SICK_Products\\STR1\\images\\STR1-SACM0PR5.jpg"]
 -> STR1-SACM0PR5.xlsx
  [38/80] p416401 ...C:\Users\Admin\Desktop\New folder\SICK_Products\STR1\STR1-SAMF0AC8.xlsx
Saved: C:\Users\Admin\Desktop\New folder\SICK_Products\STR1\images\STR1-SAMF0AC8.jpg (30.0 KB, 500x500)
__RESULT__["C:\\Users\\Admin\\Desktop\\New folder\\SICK_Products\\STR1\\images\\STR1-SAMF0AC8.jpg"]
 -> STR1-SAMF0AC8.xlsx
  [39/80] p506144 ...C:\Users\Admin\Desktop\New folder\SICK_Products\STR1\STR1-SAXM03P5.xlsx
Saved: C:\Users\Admin\Desktop\New folder\SICK_Products\STR1\images\STR1-SAXM03P5.jpg (29.2 KB, 500x500)
__RESULT__["C:\\Users\\Admin\\Desktop\\New folder\\SICK_Products\\STR1\\images\\STR1-SAXM03P5.jpg"]
 -> STR1-SAXM03P5.xlsx
  [40/80] p416382 ...C:\Users\Admin\Desktop\New folder\SICK_Products\STR1\STR1-SAFM10P5.xlsx
Saved: C:\Users\Admin\Desktop\New folder\SICK_Products\STR1\images\STR1-SAFM10P5.jpg (31.4 KB, 500x500)
__RESULT__["C:\\Users\\Admin\\Desktop\\New folder\\SICK_Products\\STR1\\images\\STR1-SAFM10P5.jpg"]
 -> STR1-SAFM10P5.xlsx
  [41/80] p416403 ...C:\Users\Admin\Desktop\New folder\SICK_Products\STR1\STR1-SAMF10P5.xlsx
Saved: C:\Users\Admin\Desktop\New folder\SICK_Products\STR1\images\STR1-SAMF10P5.jpg (30.0 KB, 500x500)
__RESULT__["C:\\Users\\Admin\\Desktop\\New folder\\SICK_Products\\STR1\\images\\STR1-SAMF10P5.jpg"]
 -> STR1-SAMF10P5.xlsx
  [42/80] p416374 ...C:\Users\Admin\Desktop\New folder\SICK_Products\STR1\STR1-SASF03P5.xlsx
Saved: C:\Users\Admin\Desktop\New folder\SICK_Products\STR1\images\STR1-SASF03P5.jpg (29.7 KB, 500x500)
__RESULT__["C:\\Users\\Admin\\Desktop\\New folder\\SICK_Products\\STR1\\images\\STR1-SASF03P5.jpg"]
 -> STR1-SASF03P5.xlsx
  [43/80] p498153 ...C:\Users\Admin\Desktop\New folder\SICK_Products\STR1\STR1-SAFU03P8.xlsx
Saved: C:\Users\Admin\Desktop\New folder\SICK_Products\STR1\images\STR1-SAFU03P8.jpg (31.4 KB, 500x500)
__RESULT__["C:\\Users\\Admin\\Desktop\\New folder\\SICK_Products\\STR1\\images\\STR1-SAFU03P8.jpg"]
 -> STR1-SAFU03P8.xlsx
  [44/80] p416385 ...C:\Users\Admin\Desktop\New folder\SICK_Products\STR1\STR1-SAFU03P5.xlsx
Saved: C:\Users\Admin\Desktop\New folder\SICK_Products\STR1\images\STR1-SAFU03P5.jpg (31.4 KB, 500x500)
__RESULT__["C:\\Users\\Admin\\Desktop\\New folder\\SICK_Products\\STR1\\images\\STR1-SAFU03P5.jpg"]
 -> STR1-SAFU03P5.xlsx
  [45/80] p416391 ...C:\Users\Admin\Desktop\New folder\SICK_Products\STR1\STR1-SAMM0AC5.xlsx
Saved: C:\Users\Admin\Desktop\New folder\SICK_Products\STR1\images\STR1-SAMM0AC5.jpg (30.0 KB, 500x500)
__RESULT__["C:\\Users\\Admin\\Desktop\\New folder\\SICK_Products\\STR1\\images\\STR1-SAMM0AC5.jpg"]
 -> STR1-SAMM0AC5.xlsx
  [46/80] p416388 ...C:\Users\Admin\Desktop\New folder\SICK_Products\STR1\STR1-SAFF0AC8.xlsx
Saved: C:\Users\Admin\Desktop\New folder\SICK_Products\STR1\images\STR1-SAFF0AC8.jpg (31.4 KB, 500x500)
__RESULT__["C:\\Users\\Admin\\Desktop\\New folder\\SICK_Products\\STR1\\images\\STR1-SAFF0AC8.jpg"]
 -> STR1-SAFF0AC8.xlsx
  [47/80] p498161 ...C:\Users\Admin\Desktop\New folder\SICK_Products\STR1\STR1-SAMF03P8.xlsx
Saved: C:\Users\Admin\Desktop\New folder\SICK_Products\STR1\images\STR1-SAMF03P8.jpg (30.0 KB, 500x500)
__RESULT__["C:\\Users\\Admin\\Desktop\\New folder\\SICK_Products\\STR1\\images\\STR1-SAMF03P8.jpg"]
 -> STR1-SAMF03P8.xlsx
  [48/80] p498160 ...C:\Users\Admin\Desktop\New folder\SICK_Products\STR1\STR1-SAMU10P8.xlsx
Saved: C:\Users\Admin\Desktop\New folder\SICK_Products\STR1\images\STR1-SAMU10P8.jpg (30.0 KB, 500x500)
__RESULT__["C:\\Users\\Admin\\Desktop\\New folder\\SICK_Products\\STR1\\images\\STR1-SAMU10P8.jpg"]
 -> STR1-SAMU10P8.xlsx
  [49/80] p496146 ...C:\Users\Admin\Desktop\New folder\SICK_Products\STR1\STR1-SAXU03P5.xlsx
Saved: C:\Users\Admin\Desktop\New folder\SICK_Products\STR1\images\STR1-SAXU03P5.jpg (29.2 KB, 500x500)
__RESULT__["C:\\Users\\Admin\\Desktop\\New folder\\SICK_Products\\STR1\\images\\STR1-SAXU03P5.jpg"]
 -> STR1-SAXU03P5.xlsx
  [50/80] p498154 ...C:\Users\Admin\Desktop\New folder\SICK_Products\STR1\STR1-SAFF03P8.xlsx
Saved: C:\Users\Admin\Desktop\New folder\SICK_Products\STR1\images\STR1-SAFF03P8.jpg (31.4 KB, 500x500)
__RESULT__["C:\\Users\\Admin\\Desktop\\New folder\\SICK_Products\\STR1\\images\\STR1-SAFF03P8.jpg"]
 -> STR1-SAFF03P8.xlsx
  [51/80] p416371 ...C:\Users\Admin\Desktop\New folder\SICK_Products\STR1\STR1-SASU10P5.xlsx
Saved: C:\Users\Admin\Desktop\New folder\SICK_Products\STR1\images\STR1-SASU10P5.jpg (29.7 KB, 500x500)
__RESULT__["C:\\Users\\Admin\\Desktop\\New folder\\SICK_Products\\STR1\\images\\STR1-SASU10P5.jpg"]
 -> STR1-SASU10P5.xlsx
  [52/80] p498159 ...C:\Users\Admin\Desktop\New folder\SICK_Products\STR1\STR1-SAMU03P8.xlsx
Saved: C:\Users\Admin\Desktop\New folder\SICK_Products\STR1\images\STR1-SAMU03P8.jpg (30.0 KB, 500x500)
__RESULT__["C:\\Users\\Admin\\Desktop\\New folder\\SICK_Products\\STR1\\images\\STR1-SAMU03P8.jpg"]
 -> STR1-SAMU03P8.xlsx
  [53/80] p416392 ...C:\Users\Admin\Desktop\New folder\SICK_Products\STR1\STR1-SAMM0AC8.xlsx
Saved: C:\Users\Admin\Desktop\New folder\SICK_Products\STR1\images\STR1-SAMM0AC8.jpg (30.0 KB, 500x500)
__RESULT__["C:\\Users\\Admin\\Desktop\\New folder\\SICK_Products\\STR1\\images\\STR1-SAMM0AC8.jpg"]
 -> STR1-SAMM0AC8.xlsx
  [54/80] p498157 ...C:\Users\Admin\Desktop\New folder\SICK_Products\STR1\STR1-SAMM03P8.xlsx
Saved: C:\Users\Admin\Desktop\New folder\SICK_Products\STR1\images\STR1-SAMM03P8.jpg (30.0 KB, 500x500)
__RESULT__["C:\\Users\\Admin\\Desktop\\New folder\\SICK_Products\\STR1\\images\\STR1-SAMM03P8.jpg"]
 -> STR1-SAMM03P8.xlsx
  [55/80] p496145 ...C:\Users\Admin\Desktop\New folder\SICK_Products\STR1\STR1-SAXM0AC8.xlsx
Saved: C:\Users\Admin\Desktop\New folder\SICK_Products\STR1\images\STR1-SAXM0AC8.jpg (29.2 KB, 500x500)
__RESULT__["C:\\Users\\Admin\\Desktop\\New folder\\SICK_Products\\STR1\\images\\STR1-SAXM0AC8.jpg"]
 -> STR1-SAXM0AC8.xlsx
  [56/80] p416390 ...C:\Users\Admin\Desktop\New folder\SICK_Products\STR1\STR1-SAFF10P5.xlsx
Saved: C:\Users\Admin\Desktop\New folder\SICK_Products\STR1\images\STR1-SAFF10P5.jpg (31.4 KB, 500x500)
__RESULT__["C:\\Users\\Admin\\Desktop\\New folder\\SICK_Products\\STR1\\images\\STR1-SAFF10P5.jpg"]
 -> STR1-SAFF10P5.xlsx
  [57/80] p657747 ...C:\Users\Admin\Desktop\New folder\SICK_Products\STR1\STR1-SACU0BC8.xlsx
Saved: C:\Users\Admin\Desktop\New folder\SICK_Products\STR1\images\STR1-SACU0BC8.jpg (32.9 KB, 500x500)
__RESULT__["C:\\Users\\Admin\\Desktop\\New folder\\SICK_Products\\STR1\\images\\STR1-SACU0BC8.jpg"]
 -> STR1-SACU0BC8.xlsx
  [58/80] p506151 ...C:\Users\Admin\Desktop\New folder\SICK_Products\STR1\STR1-SAXU03P8.xlsx
Saved: C:\Users\Admin\Desktop\New folder\SICK_Products\STR1\images\STR1-SAXU03P8.jpg (29.2 KB, 500x500)
__RESULT__["C:\\Users\\Admin\\Desktop\\New folder\\SICK_Products\\STR1\\images\\STR1-SAXU03P8.jpg"]
 -> STR1-SAXU03P8.xlsx
  [59/80] p506152 ...C:\Users\Admin\Desktop\New folder\SICK_Products\STR1\STR1-SAXU10P8.xlsx
Saved: C:\Users\Admin\Desktop\New folder\SICK_Products\STR1\images\STR1-SAXU10P8.jpg (29.2 KB, 500x500)
__RESULT__["C:\\Users\\Admin\\Desktop\\New folder\\SICK_Products\\STR1\\images\\STR1-SAXU10P8.jpg"]
 -> STR1-SAXU10P8.xlsx
  [60/80] p506145 ...C:\Users\Admin\Desktop\New folder\SICK_Products\STR1\STR1-SAXM03P8.xlsx
Saved: C:\Users\Admin\Desktop\New folder\SICK_Products\STR1\images\STR1-SAXM03P8.jpg (29.2 KB, 500x500)
__RESULT__["C:\\Users\\Admin\\Desktop\\New folder\\SICK_Products\\STR1\\images\\STR1-SAXM03P8.jpg"]
 -> STR1-SAXM03P8.xlsx
  [61/80] p506148 ...C:\Users\Admin\Desktop\New folder\SICK_Products\STR1\STR1-SAXU0AC5.xlsx
Saved: C:\Users\Admin\Desktop\New folder\SICK_Products\STR1\images\STR1-SAXU0AC5.jpg (29.2 KB, 500x500)
__RESULT__["C:\\Users\\Admin\\Desktop\\New folder\\SICK_Products\\STR1\\images\\STR1-SAXU0AC5.jpg"]
 -> STR1-SAXU0AC5.xlsx
  [62/80] p416396 ...C:\Users\Admin\Desktop\New folder\SICK_Products\STR1\STR1-SAMU0AC8.xlsx
Saved: C:\Users\Admin\Desktop\New folder\SICK_Products\STR1\images\STR1-SAMU0AC8.jpg (30.0 KB, 500x500)
__RESULT__["C:\\Users\\Admin\\Desktop\\New folder\\SICK_Products\\STR1\\images\\STR1-SAMU0AC8.jpg"]
 -> STR1-SAMU0AC8.xlsx
  [63/80] p498147 ...C:\Users\Admin\Desktop\New folder\SICK_Products\STR1\STR1-SASU03P8.xlsx
Saved: C:\Users\Admin\Desktop\New folder\SICK_Products\STR1\images\STR1-SASU03P8.jpg (29.7 KB, 500x500)
__RESULT__["C:\\Users\\Admin\\Desktop\\New folder\\SICK_Products\\STR1\\images\\STR1-SASU03P8.jpg"]
 -> STR1-SASU03P8.xlsx
  [64/80] p654051 ...C:\Users\Admin\Desktop\New folder\SICK_Products\STR1\STR1-SAXM0AC8S02.xlsx
Saved: C:\Users\Admin\Desktop\New folder\SICK_Products\STR1\images\STR1-SAXM0AC8S02.jpg (29.2 KB, 500x500)
__RESULT__["C:\\Users\\Admin\\Desktop\\New folder\\SICK_Products\\STR1\\images\\STR1-SAXM0AC8S02.jpg"]
 -> STR1-SAXM0AC8S02.xlsx
  [65/80] p498145 ...C:\Users\Admin\Desktop\New folder\SICK_Products\STR1\STR1-SASM03P8.xlsx
Saved: C:\Users\Admin\Desktop\New folder\SICK_Products\STR1\images\STR1-SASM03P8.jpg (29.7 KB, 500x500)
__RESULT__["C:\\Users\\Admin\\Desktop\\New folder\\SICK_Products\\STR1\\images\\STR1-SASM03P8.jpg"]
 -> STR1-SASM03P8.xlsx
  [66/80] p416383 ...C:\Users\Admin\Desktop\New folder\SICK_Products\STR1\STR1-SAFU0AC5.xlsx
Saved: C:\Users\Admin\Desktop\New folder\SICK_Products\STR1\images\STR1-SAFU0AC5.jpg (31.4 KB, 500x500)
__RESULT__["C:\\Users\\Admin\\Desktop\\New folder\\SICK_Products\\STR1\\images\\STR1-SAFU0AC5.jpg"]
 -> STR1-SAFU0AC5.xlsx
  [67/80] p498150 ...C:\Users\Admin\Desktop\New folder\SICK_Products\STR1\STR1-SASF10P8.xlsx
Saved: C:\Users\Admin\Desktop\New folder\SICK_Products\STR1\images\STR1-SASF10P8.jpg (29.7 KB, 500x500)
__RESULT__["C:\\Users\\Admin\\Desktop\\New folder\\SICK_Products\\STR1\\images\\STR1-SASF10P8.jpg"]
 -> STR1-SASF10P8.xlsx
  [68/80] p506153 ...C:\Users\Admin\Desktop\New folder\SICK_Products\STR1\STR1-SAXF0AC5.xlsx
Saved: C:\Users\Admin\Desktop\New folder\SICK_Products\STR1\images\STR1-SAXF0AC5.jpg (29.2 KB, 500x500)
__RESULT__["C:\\Users\\Admin\\Desktop\\New folder\\SICK_Products\\STR1\\images\\STR1-SAXF0AC5.jpg"]
 -> STR1-SAXF0AC5.xlsx
  [69/80] p506147 ...C:\Users\Admin\Desktop\New folder\SICK_Products\STR1\STR1-SAXM10P8.xlsx
Saved: C:\Users\Admin\Desktop\New folder\SICK_Products\STR1\images\STR1-SAXM10P8.jpg (29.2 KB, 500x500)
__RESULT__["C:\\Users\\Admin\\Desktop\\New folder\\SICK_Products\\STR1\\images\\STR1-SAXM10P8.jpg"]
 -> STR1-SAXM10P8.xlsx
  [70/80] p416389 ...C:\Users\Admin\Desktop\New folder\SICK_Products\STR1\STR1-SAFF03P5.xlsx
Saved: C:\Users\Admin\Desktop\New folder\SICK_Products\STR1\images\STR1-SAFF03P5.jpg (31.4 KB, 500x500)
__RESULT__["C:\\Users\\Admin\\Desktop\\New folder\\SICK_Products\\STR1\\images\\STR1-SAFF03P5.jpg"]
 -> STR1-SAFF03P5.xlsx
  [71/80] p665870 ...C:\Users\Admin\Desktop\New folder\SICK_Products\STR1\STR1-SACM0PR8.xlsx
Saved: C:\Users\Admin\Desktop\New folder\SICK_Products\STR1\images\STR1-SACM0PR8.jpg (32.9 KB, 500x500)
__RESULT__["C:\\Users\\Admin\\Desktop\\New folder\\SICK_Products\\STR1\\images\\STR1-SACM0PR8.jpg"]
 -> STR1-SACM0PR8.xlsx
  [72/80] p498148 ...C:\Users\Admin\Desktop\New folder\SICK_Products\STR1\STR1-SASU10P8.xlsx
Saved: C:\Users\Admin\Desktop\New folder\SICK_Products\STR1\images\STR1-SASU10P8.jpg (29.7 KB, 500x500)
__RESULT__["C:\\Users\\Admin\\Desktop\\New folder\\SICK_Products\\STR1\\images\\STR1-SASU10P8.jpg"]
 -> STR1-SASU10P8.xlsx
  [73/80] p498152 ...C:\Users\Admin\Desktop\New folder\SICK_Products\STR1\STR1-SAFM10P8.xlsx
Saved: C:\Users\Admin\Desktop\New folder\SICK_Products\STR1\images\STR1-SAFM10P8.jpg (31.4 KB, 500x500)
__RESULT__["C:\\Users\\Admin\\Desktop\\New folder\\SICK_Products\\STR1\\images\\STR1-SAFM10P8.jpg"]
 -> STR1-SAFM10P8.xlsx
  [74/80] p416368 ...C:\Users\Admin\Desktop\New folder\SICK_Products\STR1\STR1-SASU0AC5.xlsx
Saved: C:\Users\Admin\Desktop\New folder\SICK_Products\STR1\images\STR1-SASU0AC5.jpg (29.7 KB, 500x500)
__RESULT__["C:\\Users\\Admin\\Desktop\\New folder\\SICK_Products\\STR1\\images\\STR1-SASU0AC5.jpg"]
 -> STR1-SASU0AC5.xlsx
  [75/80] p654052 ...C:\Users\Admin\Desktop\New folder\SICK_Products\STR1\STR1-SASU0AR5.xlsx
Saved: C:\Users\Admin\Desktop\New folder\SICK_Products\STR1\images\STR1-SASU0AR5.jpg (29.7 KB, 500x500)
__RESULT__["C:\\Users\\Admin\\Desktop\\New folder\\SICK_Products\\STR1\\images\\STR1-SASU0AR5.jpg"]
 -> STR1-SASU0AR5.xlsx
  [76/80] p498158 ...C:\Users\Admin\Desktop\New folder\SICK_Products\STR1\STR1-SAMM10P8.xlsx
Saved: C:\Users\Admin\Desktop\New folder\SICK_Products\STR1\images\STR1-SAMM10P8.jpg (30.0 KB, 500x500)
__RESULT__["C:\\Users\\Admin\\Desktop\\New folder\\SICK_Products\\STR1\\images\\STR1-SAMM10P8.jpg"]
 -> STR1-SAMM10P8.xlsx
  [77/80] p506149 ...C:\Users\Admin\Desktop\New folder\SICK_Products\STR1\STR1-SAXU10P5.xlsx
Saved: C:\Users\Admin\Desktop\New folder\SICK_Products\STR1\images\STR1-SAXU10P5.jpg (29.2 KB, 500x500)
__RESULT__["C:\\Users\\Admin\\Desktop\\New folder\\SICK_Products\\STR1\\images\\STR1-SAXU10P5.jpg"]
 -> STR1-SAXU10P5.xlsx
  [78/80] p591465 ...C:\Users\Admin\Desktop\New folder\SICK_Products\STR1\STR1-SAXM0AC8S01.xlsx
Saved: C:\Users\Admin\Desktop\New folder\SICK_Products\STR1\images\STR1-SAXM0AC8S01.jpg (29.2 KB, 500x500)
__RESULT__["C:\\Users\\Admin\\Desktop\\New folder\\SICK_Products\\STR1\\images\\STR1-SAXM0AC8S01.jpg"]
 -> STR1-SAXM0AC8S01.xlsx
  [79/80] p416370 ...C:\Users\Admin\Desktop\New folder\SICK_Products\STR1\STR1-SASU03P5.xlsx
Saved: C:\Users\Admin\Desktop\New folder\SICK_Products\STR1\images\STR1-SASU03P5.jpg (29.7 KB, 500x500)
__RESULT__["C:\\Users\\Admin\\Desktop\\New folder\\SICK_Products\\STR1\\images\\STR1-SASU03P5.jpg"]
 -> STR1-SASU03P5.xlsx
  [80/80] p498156 ...C:\Users\Admin\Desktop\New folder\SICK_Products\STR1\STR1-SAFF10P8.xlsx
Saved: C:\Users\Admin\Desktop\New folder\SICK_Products\STR1\images\STR1-SAFF10P8.jpg (31.4 KB, 500x500)
__RESULT__["C:\\Users\\Admin\\Desktop\\New folder\\SICK_Products\\STR1\\images\\STR1-SAFF10P8.jpg"]
 -> STR1-SAFF10P8.xlsx
  => Ket qua: 80 OK, 0 loi, 0 skip / 80 tong

============================================================
[23/643] Dong: i110P (expected: 3 SP)
Family: i110P | Code: g195506 | Method: FROM_CHECKLIST
============================================================
  Dang lay danh sach san pham tu category g195506...
  Tim thay 3 san pham.
  [1/3] p16407 ...C:\Users\Admin\Desktop\New folder\SICK_Products\i110P\i110-PA123.xlsx
Saved: C:\Users\Admin\Desktop\New folder\SICK_Products\i110P\images\i110-PA123.jpg (25.4 KB, 500x500)
__RESULT__["C:\\Users\\Admin\\Desktop\\New folder\\SICK_Products\\i110P\\images\\i110-PA123.jpg"]
 -> i110-PA123.xlsx
  [2/3] p16406 ...C:\Users\Admin\Desktop\New folder\SICK_Products\i110P\i110-PA223.xlsx
Saved: C:\Users\Admin\Desktop\New folder\SICK_Products\i110P\images\i110-PA223.jpg (25.4 KB, 500x500)
__RESULT__["C:\\Users\\Admin\\Desktop\\New folder\\SICK_Products\\i110P\\images\\i110-PA223.jpg"]
 -> i110-PA223.xlsx
  [3/3] p16405 ...C:\Users\Admin\Desktop\New folder\SICK_Products\i110P\i110-PA313.xlsx
Saved: C:\Users\Admin\Desktop\New folder\SICK_Products\i110P\images\i110-PA313.jpg (25.4 KB, 500x500)
__RESULT__["C:\\Users\\Admin\\Desktop\\New folder\\SICK_Products\\i110P\\images\\i110-PA313.jpg"]
 -> i110-PA313.xlsx
  => Ket qua: 3 OK, 0 loi, 0 skip / 3 tong

============================================================
[24/643] Dong: TR4 Direct (expected: 40 SP)
Family: TR4 Direct | Code: g226865 | Method: FROM_CHECKLIST
============================================================
  Dang lay danh sach san pham tu category g226865...
  CategoryCode=40, FamilyCode=79, Parent(rec)=40, UNION=79
  Tim thay 79 san pham.
  [1/79] p649508 ...C:\Users\Admin\Desktop\New folder\SICK_Products\TR4_Direct\TR4-SDM01CB.xlsx
Saved: C:\Users\Admin\Desktop\New folder\SICK_Products\TR4_Direct\images\TR4-SDM01CB.jpg (36.9 KB, 500x500)
__RESULT__["C:\\Users\\Admin\\Desktop\\New folder\\SICK_Products\\TR4_Direct\\images\\TR4-SDM01CB.jpg"]
 -> TR4-SDM01CB.xlsx
  [2/79] p649527 ...C:\Users\Admin\Desktop\New folder\SICK_Products\TR4_Direct\TR4-SFM03PB.xlsx
Saved: C:\Users\Admin\Desktop\New folder\SICK_Products\TR4_Direct\images\TR4-SFM03PB.jpg (25.4 KB, 500x500)
__RESULT__["C:\\Users\\Admin\\Desktop\\New folder\\SICK_Products\\TR4_Direct\\images\\TR4-SFM03PB.jpg"]
 -> TR4-SFM03PB.xlsx
  [3/79] p649503 ...C:\Users\Admin\Desktop\New folder\SICK_Products\TR4_Direct\TR4-SBM10PB.xlsx
Saved: C:\Users\Admin\Desktop\New folder\SICK_Products\TR4_Direct\images\TR4-SBM10PB.jpg (22.8 KB, 500x500)
__RESULT__["C:\\Users\\Admin\\Desktop\\New folder\\SICK_Products\\TR4_Direct\\images\\TR4-SBM10PB.jpg"]
 -> TR4-SBM10PB.xlsx
  [4/79] p649494 ...C:\Users\Admin\Desktop\New folder\SICK_Products\TR4_Direct\TR4-SAM03PB.xlsx
Saved: C:\Users\Admin\Desktop\New folder\SICK_Products\TR4_Direct\images\TR4-SAM03PB.jpg (22.2 KB, 500x500)
__RESULT__["C:\\Users\\Admin\\Desktop\\New folder\\SICK_Products\\TR4_Direct\\images\\TR4-SAM03PB.jpg"]
 -> TR4-SAM03PB.xlsx
  [5/79] p649523 ...C:\Users\Admin\Desktop\New folder\SICK_Products\TR4_Direct\TR4-SEU03PB.xlsx
Saved: C:\Users\Admin\Desktop\New folder\SICK_Products\TR4_Direct\images\TR4-SEU03PB.jpg (25.4 KB, 500x500)
__RESULT__["C:\\Users\\Admin\\Desktop\\New folder\\SICK_Products\\TR4_Direct\\images\\TR4-SEU03PB.jpg"]
 -> TR4-SEU03PB.xlsx
  [6/79] p649518 ...C:\Users\Admin\Desktop\New folder\SICK_Products\TR4_Direct\TR4-SEM03PB.xlsx
Saved: C:\Users\Admin\Desktop\New folder\SICK_Products\TR4_Direct\images\TR4-SEM03PB.jpg (25.4 KB, 500x500)
__RESULT__["C:\\Users\\Admin\\Desktop\\New folder\\SICK_Products\\TR4_Direct\\images\\TR4-SEM03PB.jpg"]
 -> TR4-SEM03PB.xlsx
  [7/79] p649526 ...C:\Users\Admin\Desktop\New folder\SICK_Products\TR4_Direct\TR4-SFM02CB.xlsx
Saved: C:\Users\Admin\Desktop\New folder\SICK_Products\TR4_Direct\images\TR4-SFM02CB.jpg (36.9 KB, 500x500)
__RESULT__["C:\\Users\\Admin\\Desktop\\New folder\\SICK_Products\\TR4_Direct\\images\\TR4-SFM02CB.jpg"]
 -> TR4-SFM02CB.xlsx
  [8/79] p649530 ...C:\Users\Admin\Desktop\New folder\SICK_Products\TR4_Direct\TR4-SFU02CB.xlsx
Saved: C:\Users\Admin\Desktop\New folder\SICK_Products\TR4_Direct\images\TR4-SFU02CB.jpg (35.9 KB, 500x500)
__RESULT__["C:\\Users\\Admin\\Desktop\\New folder\\SICK_Products\\TR4_Direct\\images\\TR4-SFU02CB.jpg"]
 -> TR4-SFU02CB.xlsx
  [9/79] p649511 ...C:\Users\Admin\Desktop\New folder\SICK_Products\TR4_Direct\TR4-SDM10PB.xlsx
Saved: C:\Users\Admin\Desktop\New folder\SICK_Products\TR4_Direct\images\TR4-SDM10PB.jpg (25.4 KB, 500x500)
__RESULT__["C:\\Users\\Admin\\Desktop\\New folder\\SICK_Products\\TR4_Direct\\images\\TR4-SDM10PB.jpg"]
 -> TR4-SDM10PB.xlsx
  [10/79] p649502 ...C:\Users\Admin\Desktop\New folder\SICK_Products\TR4_Direct\TR4-SBM03PB.xlsx
Saved: C:\Users\Admin\Desktop\New folder\SICK_Products\TR4_Direct\images\TR4-SBM03PB.jpg (22.8 KB, 500x500)
__RESULT__["C:\\Users\\Admin\\Desktop\\New folder\\SICK_Products\\TR4_Direct\\images\\TR4-SBM03PB.jpg"]
 -> TR4-SBM03PB.xlsx
  [11/79] p649492 ...C:\Users\Admin\Desktop\New folder\SICK_Products\TR4_Direct\TR4-SAM01CB.xlsx
Saved: C:\Users\Admin\Desktop\New folder\SICK_Products\TR4_Direct\images\TR4-SAM01CB.jpg (26.6 KB, 500x500)
__RESULT__["C:\\Users\\Admin\\Desktop\\New folder\\SICK_Products\\TR4_Direct\\images\\TR4-SAM01CB.jpg"]
 -> TR4-SAM01CB.xlsx
  [12/79] p649507 ...C:\Users\Admin\Desktop\New folder\SICK_Products\TR4_Direct\TR4-SBU10PB.xlsx
Saved: C:\Users\Admin\Desktop\New folder\SICK_Products\TR4_Direct\images\TR4-SBU10PB.jpg (23.1 KB, 500x500)
__RESULT__["C:\\Users\\Admin\\Desktop\\New folder\\SICK_Products\\TR4_Direct\\images\\TR4-SBU10PB.jpg"]
 -> TR4-SBU10PB.xlsx
  [13/79] p649512 ...C:\Users\Admin\Desktop\New folder\SICK_Products\TR4_Direct\TR4-SDU01CB.xlsx
Saved: C:\Users\Admin\Desktop\New folder\SICK_Products\TR4_Direct\images\TR4-SDU01CB.jpg (35.9 KB, 500x500)
__RESULT__["C:\\Users\\Admin\\Desktop\\New folder\\SICK_Products\\TR4_Direct\\images\\TR4-SDU01CB.jpg"]
 -> TR4-SDU01CB.xlsx
  [14/79] p649517 ...C:\Users\Admin\Desktop\New folder\SICK_Products\TR4_Direct\TR4-SEM02CB.xlsx
Saved: C:\Users\Admin\Desktop\New folder\SICK_Products\TR4_Direct\images\TR4-SEM02CB.jpg (36.9 KB, 500x500)
__RESULT__["C:\\Users\\Admin\\Desktop\\New folder\\SICK_Products\\TR4_Direct\\images\\TR4-SEM02CB.jpg"]
 -> TR4-SEM02CB.xlsx
  [15/79] p649524 ...C:\Users\Admin\Desktop\New folder\SICK_Products\TR4_Direct\TR4-SEU10PB.xlsx
Saved: C:\Users\Admin\Desktop\New folder\SICK_Products\TR4_Direct\images\TR4-SEU10PB.jpg (25.4 KB, 500x500)
__RESULT__["C:\\Users\\Admin\\Desktop\\New folder\\SICK_Products\\TR4_Direct\\images\\TR4-SEU10PB.jpg"]
 -> TR4-SEU10PB.xlsx
  [16/79] p649509 ...C:\Users\Admin\Desktop\New folder\SICK_Products\TR4_Direct\TR4-SDM02CB.xlsx
Saved: C:\Users\Admin\Desktop\New folder\SICK_Products\TR4_Direct\images\TR4-SDM02CB.jpg (36.9 KB, 500x500)
__RESULT__["C:\\Users\\Admin\\Desktop\\New folder\\SICK_Products\\TR4_Direct\\images\\TR4-SDM02CB.jpg"]
 -> TR4-SDM02CB.xlsx
  [17/79] p649495 ...C:\Users\Admin\Desktop\New folder\SICK_Products\TR4_Direct\TR4-SAM10PB.xlsx
Saved: C:\Users\Admin\Desktop\New folder\SICK_Products\TR4_Direct\images\TR4-SAM10PB.jpg (22.2 KB, 500x500)
__RESULT__["C:\\Users\\Admin\\Desktop\\New folder\\SICK_Products\\TR4_Direct\\images\\TR4-SAM10PB.jpg"]
 -> TR4-SAM10PB.xlsx
  [18/79] p649496 ...C:\Users\Admin\Desktop\New folder\SICK_Products\TR4_Direct\TR4-SAU01CB.xlsx
Saved: C:\Users\Admin\Desktop\New folder\SICK_Products\TR4_Direct\images\TR4-SAU01CB.jpg (26.1 KB, 500x500)
__RESULT__["C:\\Users\\Admin\\Desktop\\New folder\\SICK_Products\\TR4_Direct\\images\\TR4-SAU01CB.jpg"]
 -> TR4-SAU01CB.xlsx
  [19/79] p649506 ...C:\Users\Admin\Desktop\New folder\SICK_Products\TR4_Direct\TR4-SBU03PB.xlsx
Saved: C:\Users\Admin\Desktop\New folder\SICK_Products\TR4_Direct\images\TR4-SBU03PB.jpg (23.1 KB, 500x500)
__RESULT__["C:\\Users\\Admin\\Desktop\\New folder\\SICK_Products\\TR4_Direct\\images\\TR4-SBU03PB.jpg"]
 -> TR4-SBU03PB.xlsx
  [20/79] p649522 ...C:\Users\Admin\Desktop\New folder\SICK_Products\TR4_Direct\TR4-SEU02CB.xlsx
Saved: C:\Users\Admin\Desktop\New folder\SICK_Products\TR4_Direct\images\TR4-SEU02CB.jpg (35.9 KB, 500x500)
__RESULT__["C:\\Users\\Admin\\Desktop\\New folder\\SICK_Products\\TR4_Direct\\images\\TR4-SEU02CB.jpg"]
 -> TR4-SEU02CB.xlsx
  [21/79] p649498 ...C:\Users\Admin\Desktop\New folder\SICK_Products\TR4_Direct\TR4-SAU03PB.xlsx
Saved: C:\Users\Admin\Desktop\New folder\SICK_Products\TR4_Direct\images\TR4-SAU03PB.jpg (21.9 KB, 500x500)
__RESULT__["C:\\Users\\Admin\\Desktop\\New folder\\SICK_Products\\TR4_Direct\\images\\TR4-SAU03PB.jpg"]
 -> TR4-SAU03PB.xlsx
  [22/79] p649516 ...C:\Users\Admin\Desktop\New folder\SICK_Products\TR4_Direct\TR4-SEM01CB.xlsx
Saved: C:\Users\Admin\Desktop\New folder\SICK_Products\TR4_Direct\images\TR4-SEM01CB.jpg (36.9 KB, 500x500)
__RESULT__["C:\\Users\\Admin\\Desktop\\New folder\\SICK_Products\\TR4_Direct\\images\\TR4-SEM01CB.jpg"]
 -> TR4-SEM01CB.xlsx
  [23/79] p649505 ...C:\Users\Admin\Desktop\New folder\SICK_Products\TR4_Direct\TR4-SBU02CB.xlsx
Saved: C:\Users\Admin\Desktop\New folder\SICK_Products\TR4_Direct\images\TR4-SBU02CB.jpg (26.4 KB, 500x500)
__RESULT__["C:\\Users\\Admin\\Desktop\\New folder\\SICK_Products\\TR4_Direct\\images\\TR4-SBU02CB.jpg"]
 -> TR4-SBU02CB.xlsx
  [24/79] p649500 ...C:\Users\Admin\Desktop\New folder\SICK_Products\TR4_Direct\TR4-SBM01CB.xlsx
Saved: C:\Users\Admin\Desktop\New folder\SICK_Products\TR4_Direct\images\TR4-SBM01CB.jpg (26.4 KB, 500x500)
__RESULT__["C:\\Users\\Admin\\Desktop\\New folder\\SICK_Products\\TR4_Direct\\images\\TR4-SBM01CB.jpg"]
 -> TR4-SBM01CB.xlsx
  [25/79] p649528 ...C:\Users\Admin\Desktop\New folder\SICK_Products\TR4_Direct\TR4-SFM10PB.xlsx
Saved: C:\Users\Admin\Desktop\New folder\SICK_Products\TR4_Direct\images\TR4-SFM10PB.jpg (25.4 KB, 500x500)
__RESULT__["C:\\Users\\Admin\\Desktop\\New folder\\SICK_Products\\TR4_Direct\\images\\TR4-SFM10PB.jpg"]
 -> TR4-SFM10PB.xlsx
  [26/79] p649497 ...C:\Users\Admin\Desktop\New folder\SICK_Products\TR4_Direct\TR4-SAU02CB.xlsx
Saved: C:\Users\Admin\Desktop\New folder\SICK_Products\TR4_Direct\images\TR4-SAU02CB.jpg (26.1 KB, 500x500)
__RESULT__["C:\\Users\\Admin\\Desktop\\New folder\\SICK_Products\\TR4_Direct\\images\\TR4-SAU02CB.jpg"]
 -> TR4-SAU02CB.xlsx
  [27/79] p649499 ...C:\Users\Admin\Desktop\New folder\SICK_Products\TR4_Direct\TR4-SAU10PB.xlsx
Saved: C:\Users\Admin\Desktop\New folder\SICK_Products\TR4_Direct\images\TR4-SAU10PB.jpg (21.9 KB, 500x500)
__RESULT__["C:\\Users\\Admin\\Desktop\\New folder\\SICK_Products\\TR4_Direct\\images\\TR4-SAU10PB.jpg"]
 -> TR4-SAU10PB.xlsx
  [28/79] p649521 ...C:\Users\Admin\Desktop\New folder\SICK_Products\TR4_Direct\TR4-SEU01CB.xlsx
Saved: C:\Users\Admin\Desktop\New folder\SICK_Products\TR4_Direct\images\TR4-SEU01CB.jpg (35.9 KB, 500x500)
__RESULT__["C:\\Users\\Admin\\Desktop\\New folder\\SICK_Products\\TR4_Direct\\images\\TR4-SEU01CB.jpg"]
 -> TR4-SEU01CB.xlsx
  [29/79] p649504 ...C:\Users\Admin\Desktop\New folder\SICK_Products\TR4_Direct\TR4-SBU01CB.xlsx
Saved: C:\Users\Admin\Desktop\New folder\SICK_Products\TR4_Direct\images\TR4-SBU01CB.jpg (26.4 KB, 500x500)
__RESULT__["C:\\Users\\Admin\\Desktop\\New folder\\SICK_Products\\TR4_Direct\\images\\TR4-SBU01CB.jpg"]
 -> TR4-SBU01CB.xlsx
  [30/79] p649531 ...C:\Users\Admin\Desktop\New folder\SICK_Products\TR4_Direct\TR4-SFU03PB.xlsx
Saved: C:\Users\Admin\Desktop\New folder\SICK_Products\TR4_Direct\images\TR4-SFU03PB.jpg (25.4 KB, 500x500)
__RESULT__["C:\\Users\\Admin\\Desktop\\New folder\\SICK_Products\\TR4_Direct\\images\\TR4-SFU03PB.jpg"]
 -> TR4-SFU03PB.xlsx
  [31/79] p649514 ...C:\Users\Admin\Desktop\New folder\SICK_Products\TR4_Direct\TR4-SDU03PB.xlsx
Saved: C:\Users\Admin\Desktop\New folder\SICK_Products\TR4_Direct\images\TR4-SDU03PB.jpg (25.4 KB, 500x500)
__RESULT__["C:\\Users\\Admin\\Desktop\\New folder\\SICK_Products\\TR4_Direct\\images\\TR4-SDU03PB.jpg"]
 -> TR4-SDU03PB.xlsx
  [32/79] p649515 ...C:\Users\Admin\Desktop\New folder\SICK_Products\TR4_Direct\TR4-SDU10PB.xlsx
Saved: C:\Users\Admin\Desktop\New folder\SICK_Products\TR4_Direct\images\TR4-SDU10PB.jpg (25.4 KB, 500x500)
__RESULT__["C:\\Users\\Admin\\Desktop\\New folder\\SICK_Products\\TR4_Direct\\images\\TR4-SDU10PB.jpg"]
 -> TR4-SDU10PB.xlsx
  [33/79] p649532 ...C:\Users\Admin\Desktop\New folder\SICK_Products\TR4_Direct\TR4-SFU10PB.xlsx
Saved: C:\Users\Admin\Desktop\New folder\SICK_Products\TR4_Direct\images\TR4-SFU10PB.jpg (25.4 KB, 500x500)
__RESULT__["C:\\Users\\Admin\\Desktop\\New folder\\SICK_Products\\TR4_Direct\\images\\TR4-SFU10PB.jpg"]
 -> TR4-SFU10PB.xlsx
  [34/79] p649510 ...C:\Users\Admin\Desktop\New folder\SICK_Products\TR4_Direct\TR4-SDM03PB.xlsx
Saved: C:\Users\Admin\Desktop\New folder\SICK_Products\TR4_Direct\images\TR4-SDM03PB.jpg (25.4 KB, 500x500)
__RESULT__["C:\\Users\\Admin\\Desktop\\New folder\\SICK_Products\\TR4_Direct\\images\\TR4-SDM03PB.jpg"]
 -> TR4-SDM03PB.xlsx
  [35/79] p649525 ...C:\Users\Admin\Desktop\New folder\SICK_Products\TR4_Direct\TR4-SFM01CB.xlsx
Saved: C:\Users\Admin\Desktop\New folder\SICK_Products\TR4_Direct\images\TR4-SFM01CB.jpg (36.9 KB, 500x500)
__RESULT__["C:\\Users\\Admin\\Desktop\\New folder\\SICK_Products\\TR4_Direct\\images\\TR4-SFM01CB.jpg"]
 -> TR4-SFM01CB.xlsx
  [36/79] p649519 ...C:\Users\Admin\Desktop\New folder\SICK_Products\TR4_Direct\TR4-SEM10PB.xlsx
Saved: C:\Users\Admin\Desktop\New folder\SICK_Products\TR4_Direct\images\TR4-SEM10PB.jpg (25.4 KB, 500x500)
__RESULT__["C:\\Users\\Admin\\Desktop\\New folder\\SICK_Products\\TR4_Direct\\images\\TR4-SEM10PB.jpg"]
 -> TR4-SEM10PB.xlsx
  [37/79] p649529 ...C:\Users\Admin\Desktop\New folder\SICK_Products\TR4_Direct\TR4-SFU01CB.xlsx
Saved: C:\Users\Admin\Desktop\New folder\SICK_Products\TR4_Direct\images\TR4-SFU01CB.jpg (35.9 KB, 500x500)
__RESULT__["C:\\Users\\Admin\\Desktop\\New folder\\SICK_Products\\TR4_Direct\\images\\TR4-SFU01CB.jpg"]
 -> TR4-SFU01CB.xlsx
  [38/79] p649513 ...C:\Users\Admin\Desktop\New folder\SICK_Products\TR4_Direct\TR4-SDU02CB.xlsx
Saved: C:\Users\Admin\Desktop\New folder\SICK_Products\TR4_Direct\images\TR4-SDU02CB.jpg (35.9 KB, 500x500)
__RESULT__["C:\\Users\\Admin\\Desktop\\New folder\\SICK_Products\\TR4_Direct\\images\\TR4-SDU02CB.jpg"]
 -> TR4-SDU02CB.xlsx
  [39/79] p649493 ...C:\Users\Admin\Desktop\New folder\SICK_Products\TR4_Direct\TR4-SAM02CB.xlsx
Saved: C:\Users\Admin\Desktop\New folder\SICK_Products\TR4_Direct\images\TR4-SAM02CB.jpg (26.6 KB, 500x500)
__RESULT__["C:\\Users\\Admin\\Desktop\\New folder\\SICK_Products\\TR4_Direct\\images\\TR4-SAM02CB.jpg"]
 -> TR4-SAM02CB.xlsx
  [40/79] p649501 ...C:\Users\Admin\Desktop\New folder\SICK_Products\TR4_Direct\TR4-SBM02CB.xlsx
Saved: C:\Users\Admin\Desktop\New folder\SICK_Products\TR4_Direct\images\TR4-SBM02CB.jpg (26.4 KB, 500x500)
__RESULT__["C:\\Users\\Admin\\Desktop\\New folder\\SICK_Products\\TR4_Direct\\images\\TR4-SBM02CB.jpg"]
 -> TR4-SBM02CB.xlsx
  [41/79] p291669 ...C:\Users\Admin\Desktop\New folder\SICK_Products\TR4_Direct\TR4-SEM01C.xlsx
Saved: C:\Users\Admin\Desktop\New folder\SICK_Products\TR4_Direct\images\TR4-SEM01C.jpg (36.9 KB, 500x500)
__RESULT__["C:\\Users\\Admin\\Desktop\\New folder\\SICK_Products\\TR4_Direct\\images\\TR4-SEM01C.jpg"]
 -> TR4-SEM01C.xlsx
  [42/79] p291655 ...C:\Users\Admin\Desktop\New folder\SICK_Products\TR4_Direct\TR4-SBM03P.xlsx
Saved: C:\Users\Admin\Desktop\New folder\SICK_Products\TR4_Direct\images\TR4-SBM03P.jpg (22.8 KB, 500x500)
__RESULT__["C:\\Users\\Admin\\Desktop\\New folder\\SICK_Products\\TR4_Direct\\images\\TR4-SBM03P.jpg"]
 -> TR4-SBM03P.xlsx
  [43/79] p291651 ...C:\Users\Admin\Desktop\New folder\SICK_Products\TR4_Direct\TR4-SAM01C.xlsx
Saved: C:\Users\Admin\Desktop\New folder\SICK_Products\TR4_Direct\images\TR4-SAM01C.jpg (26.6 KB, 500x500)
__RESULT__["C:\\Users\\Admin\\Desktop\\New folder\\SICK_Products\\TR4_Direct\\images\\TR4-SAM01C.jpg"]
 -> TR4-SAM01C.xlsx
  [44/79] p354648 ...C:\Users\Admin\Desktop\New folder\SICK_Products\TR4_Direct\TR4-SAU02C.xlsx
Saved: C:\Users\Admin\Desktop\New folder\SICK_Products\TR4_Direct\images\TR4-SAU02C.jpg (26.1 KB, 500x500)
__RESULT__["C:\\Users\\Admin\\Desktop\\New folder\\SICK_Products\\TR4_Direct\\images\\TR4-SAU02C.jpg"]
 -> TR4-SAU02C.xlsx
  [45/79] p291661 ...C:\Users\Admin\Desktop\New folder\SICK_Products\TR4_Direct\TR4-SFM03P.xlsx
Saved: C:\Users\Admin\Desktop\New folder\SICK_Products\TR4_Direct\images\TR4-SFM03P.jpg (25.4 KB, 500x500)
__RESULT__["C:\\Users\\Admin\\Desktop\\New folder\\SICK_Products\\TR4_Direct\\images\\TR4-SFM03P.jpg"]
 -> TR4-SFM03P.xlsx
  [46/79] p291653 ...C:\Users\Admin\Desktop\New folder\SICK_Products\TR4_Direct\TR4-SAU10P.xlsx
Saved: C:\Users\Admin\Desktop\New folder\SICK_Products\TR4_Direct\images\TR4-SAU10P.jpg (21.9 KB, 500x500)
__RESULT__["C:\\Users\\Admin\\Desktop\\New folder\\SICK_Products\\TR4_Direct\\images\\TR4-SAU10P.jpg"]
 -> TR4-SAU10P.xlsx
  [47/79] p291666 ...C:\Users\Admin\Desktop\New folder\SICK_Products\TR4_Direct\TR4-SFU01C.xlsx
Saved: C:\Users\Admin\Desktop\New folder\SICK_Products\TR4_Direct\images\TR4-SFU01C.jpg (35.9 KB, 500x500)
__RESULT__["C:\\Users\\Admin\\Desktop\\New folder\\SICK_Products\\TR4_Direct\\images\\TR4-SFU01C.jpg"]
 -> TR4-SFU01C.xlsx
  [48/79] p291656 ...C:\Users\Admin\Desktop\New folder\SICK_Products\TR4_Direct\TR4-SBM10P.xlsx
Saved: C:\Users\Admin\Desktop\New folder\SICK_Products\TR4_Direct\images\TR4-SBM10P.jpg (22.8 KB, 500x500)
__RESULT__["C:\\Users\\Admin\\Desktop\\New folder\\SICK_Products\\TR4_Direct\\images\\TR4-SBM10P.jpg"]
 -> TR4-SBM10P.xlsx
  [49/79] p291664 ...C:\Users\Admin\Desktop\New folder\SICK_Products\TR4_Direct\TR4-SFU03P.xlsx
Saved: C:\Users\Admin\Desktop\New folder\SICK_Products\TR4_Direct\images\TR4-SFU03P.jpg (25.4 KB, 500x500)
__RESULT__["C:\\Users\\Admin\\Desktop\\New folder\\SICK_Products\\TR4_Direct\\images\\TR4-SFU03P.jpg"]
 -> TR4-SFU03P.xlsx
  [50/79] p291675 ...C:\Users\Admin\Desktop\New folder\SICK_Products\TR4_Direct\TR4-SDM01C.xlsx
Saved: C:\Users\Admin\Desktop\New folder\SICK_Products\TR4_Direct\images\TR4-SDM01C.jpg (36.9 KB, 500x500)
__RESULT__["C:\\Users\\Admin\\Desktop\\New folder\\SICK_Products\\TR4_Direct\\images\\TR4-SDM01C.jpg"]
 -> TR4-SDM01C.xlsx
  [51/79] p291672 ...C:\Users\Admin\Desktop\New folder\SICK_Products\TR4_Direct\TR4-SEU01C.xlsx
Saved: C:\Users\Admin\Desktop\New folder\SICK_Products\TR4_Direct\images\TR4-SEU01C.jpg (35.9 KB, 500x500)
__RESULT__["C:\\Users\\Admin\\Desktop\\New folder\\SICK_Products\\TR4_Direct\\images\\TR4-SEU01C.jpg"]
 -> TR4-SEU01C.xlsx
  [52/79] p354664 ...C:\Users\Admin\Desktop\New folder\SICK_Products\TR4_Direct\TR4-SDU02C.xlsx
Saved: C:\Users\Admin\Desktop\New folder\SICK_Products\TR4_Direct\images\TR4-SDU02C.jpg (35.9 KB, 500x500)
__RESULT__["C:\\Users\\Admin\\Desktop\\New folder\\SICK_Products\\TR4_Direct\\images\\TR4-SDU02C.jpg"]
 -> TR4-SDU02C.xlsx
  [53/79] p291658 ...C:\Users\Admin\Desktop\New folder\SICK_Products\TR4_Direct\TR4-SBU03P.xlsx
Saved: C:\Users\Admin\Desktop\New folder\SICK_Products\TR4_Direct\images\TR4-SBU03P.jpg (23.1 KB, 500x500)
__RESULT__["C:\\Users\\Admin\\Desktop\\New folder\\SICK_Products\\TR4_Direct\\images\\TR4-SBU03P.jpg"]
 -> TR4-SBU03P.xlsx
  [54/79] p291673 ...C:\Users\Admin\Desktop\New folder\SICK_Products\TR4_Direct\TR4-SDM03P.xlsx
Saved: C:\Users\Admin\Desktop\New folder\SICK_Products\TR4_Direct\images\TR4-SDM03P.jpg (25.4 KB, 500x500)
__RESULT__["C:\\Users\\Admin\\Desktop\\New folder\\SICK_Products\\TR4_Direct\\images\\TR4-SDM03P.jpg"]
 -> TR4-SDM03P.xlsx
  [55/79] p291671 ...C:\Users\Admin\Desktop\New folder\SICK_Products\TR4_Direct\TR4-SEU10P.xlsx
Saved: C:\Users\Admin\Desktop\New folder\SICK_Products\TR4_Direct\images\TR4-SEU10P.jpg (25.4 KB, 500x500)
__RESULT__["C:\\Users\\Admin\\Desktop\\New folder\\SICK_Products\\TR4_Direct\\images\\TR4-SEU10P.jpg"]
 -> TR4-SEU10P.xlsx
  [56/79] p354679 ...C:\Users\Admin\Desktop\New folder\SICK_Products\TR4_Direct\TR4-SFU02C.xlsx
Saved: C:\Users\Admin\Desktop\New folder\SICK_Products\TR4_Direct\images\TR4-SFU02C.jpg (35.9 KB, 500x500)
__RESULT__["C:\\Users\\Admin\\Desktop\\New folder\\SICK_Products\\TR4_Direct\\images\\TR4-SFU02C.jpg"]
 -> TR4-SFU02C.xlsx
  [57/79] p291650 ...C:\Users\Admin\Desktop\New folder\SICK_Products\TR4_Direct\TR4-SAM10P.xlsx
Saved: C:\Users\Admin\Desktop\New folder\SICK_Products\TR4_Direct\images\TR4-SAM10P.jpg (22.2 KB, 500x500)
__RESULT__["C:\\Users\\Admin\\Desktop\\New folder\\SICK_Products\\TR4_Direct\\images\\TR4-SAM10P.jpg"]
 -> TR4-SAM10P.xlsx
  [58/79] p291667 ...C:\Users\Admin\Desktop\New folder\SICK_Products\TR4_Direct\TR4-SEM03P.xlsx
Saved: C:\Users\Admin\Desktop\New folder\SICK_Products\TR4_Direct\images\TR4-SEM03P.jpg (25.4 KB, 500x500)
__RESULT__["C:\\Users\\Admin\\Desktop\\New folder\\SICK_Products\\TR4_Direct\\images\\TR4-SEM03P.jpg"]
 -> TR4-SEM03P.xlsx
  [59/79] p291659 ...C:\Users\Admin\Desktop\New folder\SICK_Products\TR4_Direct\TR4-SBU10P.xlsx
Saved: C:\Users\Admin\Desktop\New folder\SICK_Products\TR4_Direct\images\TR4-SBU10P.jpg (23.1 KB, 500x500)
__RESULT__["C:\\Users\\Admin\\Desktop\\New folder\\SICK_Products\\TR4_Direct\\images\\TR4-SBU10P.jpg"]
 -> TR4-SBU10P.xlsx
  [60/79] p291665 ...C:\Users\Admin\Desktop\New folder\SICK_Products\TR4_Direct\TR4-SFU10P.xlsx
Saved: C:\Users\Admin\Desktop\New folder\SICK_Products\TR4_Direct\images\TR4-SFU10P.jpg (25.4 KB, 500x500)
__RESULT__["C:\\Users\\Admin\\Desktop\\New folder\\SICK_Products\\TR4_Direct\\images\\TR4-SFU10P.jpg"]
 -> TR4-SFU10P.xlsx
  [61/79] p354669 ...C:\Users\Admin\Desktop\New folder\SICK_Products\TR4_Direct\TR4-SEU02C.xlsx
Saved: C:\Users\Admin\Desktop\New folder\SICK_Products\TR4_Direct\images\TR4-SEU02C.jpg (35.9 KB, 500x500)
__RESULT__["C:\\Users\\Admin\\Desktop\\New folder\\SICK_Products\\TR4_Direct\\images\\TR4-SEU02C.jpg"]
 -> TR4-SEU02C.xlsx
  [62/79] p291677 ...C:\Users\Admin\Desktop\New folder\SICK_Products\TR4_Direct\TR4-SDU10P.xlsx
Saved: C:\Users\Admin\Desktop\New folder\SICK_Products\TR4_Direct\images\TR4-SDU10P.jpg (25.4 KB, 500x500)
__RESULT__["C:\\Users\\Admin\\Desktop\\New folder\\SICK_Products\\TR4_Direct\\images\\TR4-SDU10P.jpg"]
 -> TR4-SDU10P.xlsx
  [63/79] p354649 ...C:\Users\Admin\Desktop\New folder\SICK_Products\TR4_Direct\TR4-SBM02C.xlsx
Saved: C:\Users\Admin\Desktop\New folder\SICK_Products\TR4_Direct\images\TR4-SBM02C.jpg (26.4 KB, 500x500)
__RESULT__["C:\\Users\\Admin\\Desktop\\New folder\\SICK_Products\\TR4_Direct\\images\\TR4-SBM02C.jpg"]
 -> TR4-SBM02C.xlsx
  [64/79] p354544 ...C:\Users\Admin\Desktop\New folder\SICK_Products\TR4_Direct\TR4-SAM02C.xlsx
Saved: C:\Users\Admin\Desktop\New folder\SICK_Products\TR4_Direct\images\TR4-SAM02C.jpg (26.6 KB, 500x500)
__RESULT__["C:\\Users\\Admin\\Desktop\\New folder\\SICK_Products\\TR4_Direct\\images\\TR4-SAM02C.jpg"]
 -> TR4-SAM02C.xlsx
  [65/79] p291668 ...C:\Users\Admin\Desktop\New folder\SICK_Products\TR4_Direct\TR4-SEM10P.xlsx
Saved: C:\Users\Admin\Desktop\New folder\SICK_Products\TR4_Direct\images\TR4-SEM10P.jpg (25.4 KB, 500x500)
__RESULT__["C:\\Users\\Admin\\Desktop\\New folder\\SICK_Products\\TR4_Direct\\images\\TR4-SEM10P.jpg"]
 -> TR4-SEM10P.xlsx
  [66/79] p291657 ...C:\Users\Admin\Desktop\New folder\SICK_Products\TR4_Direct\TR4-SBM01C.xlsx
Saved: C:\Users\Admin\Desktop\New folder\SICK_Products\TR4_Direct\images\TR4-SBM01C.jpg (26.4 KB, 500x500)
__RESULT__["C:\\Users\\Admin\\Desktop\\New folder\\SICK_Products\\TR4_Direct\\images\\TR4-SBM01C.jpg"]
 -> TR4-SBM01C.xlsx
  [67/79] p291676 ...C:\Users\Admin\Desktop\New folder\SICK_Products\TR4_Direct\TR4-SDU03P.xlsx
Saved: C:\Users\Admin\Desktop\New folder\SICK_Products\TR4_Direct\images\TR4-SDU03P.jpg (25.4 KB, 500x500)
__RESULT__["C:\\Users\\Admin\\Desktop\\New folder\\SICK_Products\\TR4_Direct\\images\\TR4-SDU03P.jpg"]
 -> TR4-SDU03P.xlsx
  [68/79] p291678 ...C:\Users\Admin\Desktop\New folder\SICK_Products\TR4_Direct\TR4-SDU01C.xlsx
Saved: C:\Users\Admin\Desktop\New folder\SICK_Products\TR4_Direct\images\TR4-SDU01C.jpg (35.9 KB, 500x500)
__RESULT__["C:\\Users\\Admin\\Desktop\\New folder\\SICK_Products\\TR4_Direct\\images\\TR4-SDU01C.jpg"]
 -> TR4-SDU01C.xlsx
  [69/79] p291652 ...C:\Users\Admin\Desktop\New folder\SICK_Products\TR4_Direct\TR4-SAU03P.xlsx
Saved: C:\Users\Admin\Desktop\New folder\SICK_Products\TR4_Direct\images\TR4-SAU03P.jpg (21.9 KB, 500x500)
__RESULT__["C:\\Users\\Admin\\Desktop\\New folder\\SICK_Products\\TR4_Direct\\images\\TR4-SAU03P.jpg"]
 -> TR4-SAU03P.xlsx
  [70/79] p291654 ...C:\Users\Admin\Desktop\New folder\SICK_Products\TR4_Direct\TR4-SAU01C.xlsx
Saved: C:\Users\Admin\Desktop\New folder\SICK_Products\TR4_Direct\images\TR4-SAU01C.jpg (26.1 KB, 500x500)
__RESULT__["C:\\Users\\Admin\\Desktop\\New folder\\SICK_Products\\TR4_Direct\\images\\TR4-SAU01C.jpg"]
 -> TR4-SAU01C.xlsx
  [71/79] p291663 ...C:\Users\Admin\Desktop\New folder\SICK_Products\TR4_Direct\TR4-SFM01C.xlsx
Saved: C:\Users\Admin\Desktop\New folder\SICK_Products\TR4_Direct\images\TR4-SFM01C.jpg (36.9 KB, 500x500)
__RESULT__["C:\\Users\\Admin\\Desktop\\New folder\\SICK_Products\\TR4_Direct\\images\\TR4-SFM01C.jpg"]
 -> TR4-SFM01C.xlsx
  [72/79] p354663 ...C:\Users\Admin\Desktop\New folder\SICK_Products\TR4_Direct\TR4-SDM02C.xlsx
Saved: C:\Users\Admin\Desktop\New folder\SICK_Products\TR4_Direct\images\TR4-SDM02C.jpg (36.9 KB, 500x500)
__RESULT__["C:\\Users\\Admin\\Desktop\\New folder\\SICK_Products\\TR4_Direct\\images\\TR4-SDM02C.jpg"]
 -> TR4-SDM02C.xlsx
  [73/79] p291660 ...C:\Users\Admin\Desktop\New folder\SICK_Products\TR4_Direct\TR4-SBU01C.xlsx
Saved: C:\Users\Admin\Desktop\New folder\SICK_Products\TR4_Direct\images\TR4-SBU01C.jpg (26.4 KB, 500x500)
__RESULT__["C:\\Users\\Admin\\Desktop\\New folder\\SICK_Products\\TR4_Direct\\images\\TR4-SBU01C.jpg"]
 -> TR4-SBU01C.xlsx
  [74/79] p291662 ...C:\Users\Admin\Desktop\New folder\SICK_Products\TR4_Direct\TR4-SFM10P.xlsx
Saved: C:\Users\Admin\Desktop\New folder\SICK_Products\TR4_Direct\images\TR4-SFM10P.jpg (25.4 KB, 500x500)
__RESULT__["C:\\Users\\Admin\\Desktop\\New folder\\SICK_Products\\TR4_Direct\\images\\TR4-SFM10P.jpg"]
 -> TR4-SFM10P.xlsx
  [75/79] p291647 ...C:\Users\Admin\Desktop\New folder\SICK_Products\TR4_Direct\TR4-SAM03P.xlsx
Saved: C:\Users\Admin\Desktop\New folder\SICK_Products\TR4_Direct\images\TR4-SAM03P.jpg (22.2 KB, 500x500)
__RESULT__["C:\\Users\\Admin\\Desktop\\New folder\\SICK_Products\\TR4_Direct\\images\\TR4-SAM03P.jpg"]
 -> TR4-SAM03P.xlsx
  [76/79] p354674 ...C:\Users\Admin\Desktop\New folder\SICK_Products\TR4_Direct\TR4-SFM02C.xlsx
Saved: C:\Users\Admin\Desktop\New folder\SICK_Products\TR4_Direct\images\TR4-SFM02C.jpg (36.9 KB, 500x500)
__RESULT__["C:\\Users\\Admin\\Desktop\\New folder\\SICK_Products\\TR4_Direct\\images\\TR4-SFM02C.jpg"]
 -> TR4-SFM02C.xlsx
  [77/79] p354662 ...C:\Users\Admin\Desktop\New folder\SICK_Products\TR4_Direct\TR4-SBU02C.xlsx
Saved: C:\Users\Admin\Desktop\New folder\SICK_Products\TR4_Direct\images\TR4-SBU02C.jpg (26.4 KB, 500x500)
__RESULT__["C:\\Users\\Admin\\Desktop\\New folder\\SICK_Products\\TR4_Direct\\images\\TR4-SBU02C.jpg"]
 -> TR4-SBU02C.xlsx
  [78/79] p291674 ...C:\Users\Admin\Desktop\New folder\SICK_Products\TR4_Direct\TR4-SDM10P.xlsx
Saved: C:\Users\Admin\Desktop\New folder\SICK_Products\TR4_Direct\images\TR4-SDM10P.jpg (25.4 KB, 500x500)
__RESULT__["C:\\Users\\Admin\\Desktop\\New folder\\SICK_Products\\TR4_Direct\\images\\TR4-SDM10P.jpg"]
 -> TR4-SDM10P.xlsx
  [79/79] p291670 ...C:\Users\Admin\Desktop\New folder\SICK_Products\TR4_Direct\TR4-SEU03P.xlsx
Saved: C:\Users\Admin\Desktop\New folder\SICK_Products\TR4_Direct\images\TR4-SEU03P.jpg (25.4 KB, 500x500)
__RESULT__["C:\\Users\\Admin\\Desktop\\New folder\\SICK_Products\\TR4_Direct\\images\\TR4-SEU03P.jpg"]
 -> TR4-SEU03P.xlsx
  => Ket qua: 79 OK, 0 loi, 0 skip / 79 tong

============================================================
[25/643] Dong: i150RP (expected: 3 SP)
Family: i150RP | Code: g195530 | Method: FROM_CHECKLIST
============================================================
  Dang lay danh sach san pham tu category g195530...
  Tim thay 3 san pham.
  [1/3] p64761 ...C:\Users\Admin\Desktop\New folder\SICK_Products\i150RP\i150-RP223.xlsx
Saved: C:\Users\Admin\Desktop\New folder\SICK_Products\i150RP\images\i150-RP223.jpg (26.0 KB, 500x500)
__RESULT__["C:\\Users\\Admin\\Desktop\\New folder\\SICK_Products\\i150RP\\images\\i150-RP223.jpg"]
 -> i150-RP223.xlsx
  [2/3] p338059 ...C:\Users\Admin\Desktop\New folder\SICK_Products\i150RP\i150-RP224.xlsx
Saved: C:\Users\Admin\Desktop\New folder\SICK_Products\i150RP\images\i150-RP224.jpg (27.6 KB, 500x500)
__RESULT__["C:\\Users\\Admin\\Desktop\\New folder\\SICK_Products\\i150RP\\images\\i150-RP224.jpg"]
 -> i150-RP224.xlsx
  [3/3] p64762 ...C:\Users\Admin\Desktop\New folder\SICK_Products\i150RP\i150-RP313.xlsx
Saved: C:\Users\Admin\Desktop\New folder\SICK_Products\i150RP\images\i150-RP313.jpg (26.0 KB, 500x500)
__RESULT__["C:\\Users\\Admin\\Desktop\\New folder\\SICK_Products\\i150RP\\images\\i150-RP313.jpg"]
 -> i150-RP313.xlsx
  => Ket qua: 3 OK, 0 loi, 0 skip / 3 tong

============================================================
[26/643] Dong: i14 Lock (expected: 2 SP)
Family: i14 Lock | Code: g195499 | Method: FROM_CHECKLIST
============================================================
  Dang lay danh sach san pham tu category g195499...
  Tim thay 2 san pham.
  [1/2] p12387 ...C:\Users\Admin\Desktop\New folder\SICK_Products\i14_Lock\i14-M0213_Lock.xlsx
Saved: C:\Users\Admin\Desktop\New folder\SICK_Products\i14_Lock\images\i14-M0213_Lock.jpg (38.7 KB, 500x500)
__RESULT__["C:\\Users\\Admin\\Desktop\\New folder\\SICK_Products\\i14_Lock\\images\\i14-M0213_Lock.jpg"]
 -> i14-M0213_Lock.xlsx
  [2/2] p12388 ...C:\Users\Admin\Desktop\New folder\SICK_Products\i14_Lock\i14-M0303_Lock.xlsx
Saved: C:\Users\Admin\Desktop\New folder\SICK_Products\i14_Lock\images\i14-M0303_Lock.jpg (38.7 KB, 500x500)
__RESULT__["C:\\Users\\Admin\\Desktop\\New folder\\SICK_Products\\i14_Lock\\images\\i14-M0303_Lock.jpg"]
 -> i14-M0303_Lock.xlsx
  => Ket qua: 2 OK, 0 loi, 0 skip / 2 tong

============================================================
[27/643] Dong: i17S (expected: 1 SP)
Family: i17S | Code: g195493 | Method: FROM_CHECKLIST
============================================================
  Dang lay danh sach san pham tu category g195493...
  Tim thay 1 san pham.
  [1/1] p12221 ...C:\Users\Admin\Desktop\New folder\SICK_Products\i17S\i17-SA213.xlsx
Saved: C:\Users\Admin\Desktop\New folder\SICK_Products\i17S\images\i17-SA213.jpg (30.6 KB, 500x500)
__RESULT__["C:\\Users\\Admin\\Desktop\\New folder\\SICK_Products\\i17S\\images\\i17-SA213.jpg"]
 -> i17-SA213.xlsx
  => Ket qua: 1 OK, 0 loi, 0 skip / 1 tong

============================================================
[28/643] Dong: i10R (expected: 1 SP)
Family: i10R | Code: g195505 | Method: FROM_CHECKLIST
============================================================
  Dang lay danh sach san pham tu category g195505...
  Tim thay 1 san pham.
  [1/1] p16403 ...C:\Users\Admin\Desktop\New folder\SICK_Products\i10R\i10-RA213.xlsx
Saved: C:\Users\Admin\Desktop\New folder\SICK_Products\i10R\images\i10-RA213.jpg (27.5 KB, 500x500)
__RESULT__["C:\\Users\\Admin\\Desktop\\New folder\\SICK_Products\\i10R\\images\\i10-RA213.jpg"]
 -> i10-RA213.xlsx
  => Ket qua: 1 OK, 0 loi, 0 skip / 1 tong

============================================================
[29/643] Dong: ES21 (expected: 21 SP)
Family: ES21 | Code: g195527 | Method: FROM_CHECKLIST
============================================================
  Dang lay danh sach san pham tu category g195527...
  Tim thay 21 san pham.
  [1/21] p79960 ...C:\Users\Admin\Desktop\New folder\SICK_Products\ES21\ES21-SA10E1.xlsx
Saved: C:\Users\Admin\Desktop\New folder\SICK_Products\ES21\images\ES21-SA10E1.jpg (36.3 KB, 500x500)
__RESULT__["C:\\Users\\Admin\\Desktop\\New folder\\SICK_Products\\ES21\\images\\ES21-SA10E1.jpg"]
 -> ES21-SA10E1.xlsx
  [2/21] p360089 ...C:\Users\Admin\Desktop\New folder\SICK_Products\ES21\ES21-SB14G1.xlsx
Saved: C:\Users\Admin\Desktop\New folder\SICK_Products\ES21\images\ES21-SB14G1.jpg (44.1 KB, 500x500)
__RESULT__["C:\\Users\\Admin\\Desktop\\New folder\\SICK_Products\\ES21\\images\\ES21-SB14G1.jpg"]
 -> ES21-SB14G1.xlsx
  [3/21] p81746 ...C:\Users\Admin\Desktop\New folder\SICK_Products\ES21\ES21-SB10G1.xlsx
Saved: C:\Users\Admin\Desktop\New folder\SICK_Products\ES21\images\ES21-SB10G1.jpg (43.0 KB, 500x500)
__RESULT__["C:\\Users\\Admin\\Desktop\\New folder\\SICK_Products\\ES21\\images\\ES21-SB10G1.jpg"]
 -> ES21-SB10G1.xlsx
  [4/21] p79972 ...C:\Users\Admin\Desktop\New folder\SICK_Products\ES21\ES21-CG2001.xlsx
Saved: C:\Users\Admin\Desktop\New folder\SICK_Products\ES21\images\ES21-CG2001.jpg (51.7 KB, 500x500)
__RESULT__["C:\\Users\\Admin\\Desktop\\New folder\\SICK_Products\\ES21\\images\\ES21-CG2001.jpg"]
 -> ES21-CG2001.xlsx
  [5/21] p319247 ...C:\Users\Admin\Desktop\New folder\SICK_Products\ES21\ES21-SB10E1.xlsx
Saved: C:\Users\Admin\Desktop\New folder\SICK_Products\ES21\images\ES21-SB10E1.jpg (38.0 KB, 500x500)
__RESULT__["C:\\Users\\Admin\\Desktop\\New folder\\SICK_Products\\ES21\\images\\ES21-SB10E1.jpg"]
 -> ES21-SB10E1.xlsx
  [6/21] p677057 ...C:\Users\Admin\Desktop\New folder\SICK_Products\ES21\ES21-MB16R5.xlsx
Saved: C:\Users\Admin\Desktop\New folder\SICK_Products\ES21\images\ES21-MB16R5.jpg (41.1 KB, 500x500)
__RESULT__["C:\\Users\\Admin\\Desktop\\New folder\\SICK_Products\\ES21\\images\\ES21-MB16R5.jpg"]
 -> ES21-MB16R5.xlsx
  [7/21] p187540 ...C:\Users\Admin\Desktop\New folder\SICK_Products\ES21\ES21-SA11H1.xlsx
Saved: C:\Users\Admin\Desktop\New folder\SICK_Products\ES21\images\ES21-SA11H1.jpg (36.3 KB, 500x500)
__RESULT__["C:\\Users\\Admin\\Desktop\\New folder\\SICK_Products\\ES21\\images\\ES21-SA11H1.jpg"]
 -> ES21-SA11H1.xlsx
  [8/21] p383144 ...C:\Users\Admin\Desktop\New folder\SICK_Products\ES21\ES21-SB13J1.xlsx
Saved: C:\Users\Admin\Desktop\New folder\SICK_Products\ES21\images\ES21-SB13J1.jpg (44.1 KB, 500x500)
__RESULT__["C:\\Users\\Admin\\Desktop\\New folder\\SICK_Products\\ES21\\images\\ES21-SB13J1.jpg"]
 -> ES21-SB13J1.xlsx
  [9/21] p79971 ...C:\Users\Admin\Desktop\New folder\SICK_Products\ES21\ES21-CG1001.xlsx
Saved: C:\Users\Admin\Desktop\New folder\SICK_Products\ES21\images\ES21-CG1001.jpg (45.9 KB, 500x500)
__RESULT__["C:\\Users\\Admin\\Desktop\\New folder\\SICK_Products\\ES21\\images\\ES21-CG1001.jpg"]
 -> ES21-CG1001.xlsx
  [10/21] p79964 ...C:\Users\Admin\Desktop\New folder\SICK_Products\ES21\ES21-AT1130.xlsx
Saved: C:\Users\Admin\Desktop\New folder\SICK_Products\ES21\images\ES21-AT1130.jpg (34.5 KB, 500x500)
__RESULT__["C:\\Users\\Admin\\Desktop\\New folder\\SICK_Products\\ES21\\images\\ES21-AT1130.jpg"]
 -> ES21-AT1130.xlsx
  [11/21] p79962 ...C:\Users\Admin\Desktop\New folder\SICK_Products\ES21\ES21-AT1110.xlsx
Saved: C:\Users\Admin\Desktop\New folder\SICK_Products\ES21\images\ES21-AT1110.jpg (36.3 KB, 500x500)
__RESULT__["C:\\Users\\Admin\\Desktop\\New folder\\SICK_Products\\ES21\\images\\ES21-AT1110.jpg"]
 -> ES21-AT1110.xlsx
  [12/21] p349546 ...C:\Users\Admin\Desktop\New folder\SICK_Products\ES21\ES21-SA13H1.xlsx
Saved: C:\Users\Admin\Desktop\New folder\SICK_Products\ES21\images\ES21-SA13H1.jpg (42.0 KB, 500x500)
__RESULT__["C:\\Users\\Admin\\Desktop\\New folder\\SICK_Products\\ES21\\images\\ES21-SA13H1.jpg"]
 -> ES21-SA13H1.xlsx
  [13/21] p677056 ...C:\Users\Admin\Desktop\New folder\SICK_Products\ES21\ES21-MB16S4.xlsx
Saved: C:\Users\Admin\Desktop\New folder\SICK_Products\ES21\images\ES21-MB16S4.jpg (41.1 KB, 500x500)
__RESULT__["C:\\Users\\Admin\\Desktop\\New folder\\SICK_Products\\ES21\\images\\ES21-MB16S4.jpg"]
 -> ES21-MB16S4.xlsx
  [14/21] p79961 ...C:\Users\Admin\Desktop\New folder\SICK_Products\ES21\ES21-SA10F1.xlsx
Saved: C:\Users\Admin\Desktop\New folder\SICK_Products\ES21\images\ES21-SA10F1.jpg (36.3 KB, 500x500)
__RESULT__["C:\\Users\\Admin\\Desktop\\New folder\\SICK_Products\\ES21\\images\\ES21-SA10F1.jpg"]
 -> ES21-SA10F1.xlsx
  [15/21] p79968 ...C:\Users\Admin\Desktop\New folder\SICK_Products\ES21\ES21-AT1150.xlsx
Saved: C:\Users\Admin\Desktop\New folder\SICK_Products\ES21\images\ES21-AT1150.jpg (34.5 KB, 500x500)
__RESULT__["C:\\Users\\Admin\\Desktop\\New folder\\SICK_Products\\ES21\\images\\ES21-AT1150.jpg"]
 -> ES21-AT1150.xlsx
  [16/21] p79974 ...C:\Users\Admin\Desktop\New folder\SICK_Products\ES21\ES21-CH2111.xlsx
Saved: C:\Users\Admin\Desktop\New folder\SICK_Products\ES21\images\ES21-CH2111.jpg (41.0 KB, 500x500)
__RESULT__["C:\\Users\\Admin\\Desktop\\New folder\\SICK_Products\\ES21\\images\\ES21-CH2111.jpg"]
 -> ES21-CH2111.xlsx
  [17/21] p187541 ...C:\Users\Admin\Desktop\New folder\SICK_Products\ES21\ES21-CH3001.xlsx
Saved: C:\Users\Admin\Desktop\New folder\SICK_Products\ES21\images\ES21-CH3001.jpg (67.8 KB, 500x500)
__RESULT__["C:\\Users\\Admin\\Desktop\\New folder\\SICK_Products\\ES21\\images\\ES21-CH3001.jpg"]
 -> ES21-CH3001.xlsx
  [18/21] p360090 ...C:\Users\Admin\Desktop\New folder\SICK_Products\ES21\ES21-SA14F1.xlsx
Saved: C:\Users\Admin\Desktop\New folder\SICK_Products\ES21\images\ES21-SA14F1.jpg (42.0 KB, 500x500)
__RESULT__["C:\\Users\\Admin\\Desktop\\New folder\\SICK_Products\\ES21\\images\\ES21-SA14F1.jpg"]
 -> ES21-SA14F1.xlsx
  [19/21] p79967 ...C:\Users\Admin\Desktop\New folder\SICK_Products\ES21\ES21-AT1140.xlsx
Saved: C:\Users\Admin\Desktop\New folder\SICK_Products\ES21\images\ES21-AT1140.jpg (32.0 KB, 500x500)
__RESULT__["C:\\Users\\Admin\\Desktop\\New folder\\SICK_Products\\ES21\\images\\ES21-AT1140.jpg"]
 -> ES21-AT1140.xlsx
  [20/21] p677055 ...C:\Users\Admin\Desktop\New folder\SICK_Products\ES21\ES21-MB16S2.xlsx
Saved: C:\Users\Admin\Desktop\New folder\SICK_Products\ES21\images\ES21-MB16S2.jpg (24.1 KB, 500x500)
__RESULT__["C:\\Users\\Admin\\Desktop\\New folder\\SICK_Products\\ES21\\images\\ES21-MB16S2.jpg"]
 -> ES21-MB16S2.xlsx
  [21/21] p79963 ...C:\Users\Admin\Desktop\New folder\SICK_Products\ES21\ES21-AT1120.xlsx
Saved: C:\Users\Admin\Desktop\New folder\SICK_Products\ES21\images\ES21-AT1120.jpg (33.4 KB, 500x500)
__RESULT__["C:\\Users\\Admin\\Desktop\\New folder\\SICK_Products\\ES21\\images\\ES21-AT1120.jpg"]
 -> ES21-AT1120.xlsx
  => Ket qua: 21 OK, 0 loi, 0 skip / 21 tong

============================================================
[30/643] Dong: i15 Lock (expected: 8 SP)
Family: i15 Lock | Code: g195500 | Method: FROM_CHECKLIST
============================================================
  Dang lay danh sach san pham tu category g195500...
  Tim thay 8 san pham.
  [1/8] p64749 ...C:\Users\Admin\Desktop\New folder\SICK_Products\i15_Lock\i15-EM0123_Lock.xlsx
Saved: C:\Users\Admin\Desktop\New folder\SICK_Products\i15_Lock\images\i15-EM0123_Lock.jpg (28.5 KB, 500x500)
__RESULT__["C:\\Users\\Admin\\Desktop\\New folder\\SICK_Products\\i15_Lock\\images\\i15-EM0123_Lock.jpg"]
 -> i15-EM0123_Lock.xlsx
  [2/8] p64746 ...C:\Users\Admin\Desktop\New folder\SICK_Products\i15_Lock\i15-MM0133_Lock.xlsx
Saved: C:\Users\Admin\Desktop\New folder\SICK_Products\i15_Lock\images\i15-MM0133_Lock.jpg (28.5 KB, 500x500)
__RESULT__["C:\\Users\\Admin\\Desktop\\New folder\\SICK_Products\\i15_Lock\\images\\i15-MM0133_Lock.jpg"]
 -> i15-MM0133_Lock.xlsx
  [3/8] p64745 ...C:\Users\Admin\Desktop\New folder\SICK_Products\i15_Lock\i15-MM0123_Lock.xlsx
Saved: C:\Users\Admin\Desktop\New folder\SICK_Products\i15_Lock\images\i15-MM0123_Lock.jpg (28.5 KB, 500x500)
__RESULT__["C:\\Users\\Admin\\Desktop\\New folder\\SICK_Products\\i15_Lock\\images\\i15-MM0123_Lock.jpg"]
 -> i15-MM0123_Lock.xlsx
  [4/8] p64750 ...C:\Users\Admin\Desktop\New folder\SICK_Products\i15_Lock\i15-EM0133_Lock.xlsx
Saved: C:\Users\Admin\Desktop\New folder\SICK_Products\i15_Lock\images\i15-EM0133_Lock.jpg (28.5 KB, 500x500)
__RESULT__["C:\\Users\\Admin\\Desktop\\New folder\\SICK_Products\\i15_Lock\\images\\i15-EM0133_Lock.jpg"]
 -> i15-EM0133_Lock.xlsx
  [5/8] p64753 ...C:\Users\Admin\Desktop\New folder\SICK_Products\i15_Lock\i15-EP0133_Lock.xlsx
Saved: C:\Users\Admin\Desktop\New folder\SICK_Products\i15_Lock\images\i15-EP0133_Lock.jpg (28.5 KB, 500x500)
__RESULT__["C:\\Users\\Admin\\Desktop\\New folder\\SICK_Products\\i15_Lock\\images\\i15-EP0133_Lock.jpg"]
 -> i15-EP0133_Lock.xlsx
  [6/8] p64752 ...C:\Users\Admin\Desktop\New folder\SICK_Products\i15_Lock\i15-EP0123_Lock.xlsx
Saved: C:\Users\Admin\Desktop\New folder\SICK_Products\i15_Lock\images\i15-EP0123_Lock.jpg (28.5 KB, 500x500)
__RESULT__["C:\\Users\\Admin\\Desktop\\New folder\\SICK_Products\\i15_Lock\\images\\i15-EP0123_Lock.jpg"]
 -> i15-EP0123_Lock.xlsx
  [7/8] p64748 ...C:\Users\Admin\Desktop\New folder\SICK_Products\i15_Lock\i15-MP0133_Lock.xlsx
Saved: C:\Users\Admin\Desktop\New folder\SICK_Products\i15_Lock\images\i15-MP0133_Lock.jpg (28.5 KB, 500x500)
__RESULT__["C:\\Users\\Admin\\Desktop\\New folder\\SICK_Products\\i15_Lock\\images\\i15-MP0133_Lock.jpg"]
 -> i15-MP0133_Lock.xlsx
  [8/8] p64747 ...C:\Users\Admin\Desktop\New folder\SICK_Products\i15_Lock\i15-MP0123_Lock.xlsx
Saved: C:\Users\Admin\Desktop\New folder\SICK_Products\i15_Lock\images\i15-MP0123_Lock.jpg (28.5 KB, 500x500)
__RESULT__["C:\\Users\\Admin\\Desktop\\New folder\\SICK_Products\\i15_Lock\\images\\i15-MP0123_Lock.jpg"]
 -> i15-MP0123_Lock.xlsx
  => Ket qua: 8 OK, 0 loi, 0 skip / 8 tong

============================================================
[31/643] Dong: i10P (expected: 1 SP)
Family: i10P | Code: g195504 | Method: FROM_CHECKLIST
============================================================
  Dang lay danh sach san pham tu category g195504...
  Tim thay 1 san pham.
  [1/1] p16404 ...C:\Users\Admin\Desktop\New folder\SICK_Products\i10P\i10-PA213.xlsx
Saved: C:\Users\Admin\Desktop\New folder\SICK_Products\i10P\images\i10-PA213.jpg (27.7 KB, 500x500)
__RESULT__["C:\\Users\\Admin\\Desktop\\New folder\\SICK_Products\\i10P\\images\\i10-PA213.jpg"]
 -> i10-PA213.xlsx
  => Ket qua: 1 OK, 0 loi, 0 skip / 1 tong

============================================================
[32/643] Dong: i12S (expected: 5 SP)
Family: i12S | Code: g195491 | Method: FROM_CHECKLIST
============================================================
  Dang lay danh sach san pham tu category g195491...
  Tim thay 5 san pham.
  [1/5] p12217 ...C:\Users\Admin\Desktop\New folder\SICK_Products\i12S\i12-SA113.xlsx
Saved: C:\Users\Admin\Desktop\New folder\SICK_Products\i12S\images\i12-SA113.jpg (25.6 KB, 500x500)
__RESULT__["C:\\Users\\Admin\\Desktop\\New folder\\SICK_Products\\i12S\\images\\i12-SA113.jpg"]
 -> i12-SA113.xlsx
  [2/5] p337965 ...C:\Users\Admin\Desktop\New folder\SICK_Products\i12S\i12-SB215.xlsx
Saved: C:\Users\Admin\Desktop\New folder\SICK_Products\i12S\images\i12-SB215.jpg (32.0 KB, 500x500)
__RESULT__["C:\\Users\\Admin\\Desktop\\New folder\\SICK_Products\\i12S\\images\\i12-SB215.jpg"]
 -> i12-SB215.xlsx
  [3/5] p12218 ...C:\Users\Admin\Desktop\New folder\SICK_Products\i12S\i12-SB213.xlsx
Saved: C:\Users\Admin\Desktop\New folder\SICK_Products\i12S\images\i12-SB213.jpg (29.9 KB, 500x500)
__RESULT__["C:\\Users\\Admin\\Desktop\\New folder\\SICK_Products\\i12S\\images\\i12-SB213.jpg"]
 -> i12-SB213.xlsx
  [4/5] p337963 ...C:\Users\Admin\Desktop\New folder\SICK_Products\i12S\i12-SA205.xlsx
Saved: C:\Users\Admin\Desktop\New folder\SICK_Products\i12S\images\i12-SA205.jpg (25.6 KB, 500x500)
__RESULT__["C:\\Users\\Admin\\Desktop\\New folder\\SICK_Products\\i12S\\images\\i12-SA205.jpg"]
 -> i12-SA205.xlsx
  [5/5] p37098 ...C:\Users\Admin\Desktop\New folder\SICK_Products\i12S\i12-SA203.xlsx
Saved: C:\Users\Admin\Desktop\New folder\SICK_Products\i12S\images\i12-SA203.jpg (25.6 KB, 500x500)
__RESULT__["C:\\Users\\Admin\\Desktop\\New folder\\SICK_Products\\i12S\\images\\i12-SA203.jpg"]
 -> i12-SA203.xlsx
  => Ket qua: 5 OK, 0 loi, 0 skip / 5 tong

============================================================
[33/643] Dong: IN4000 Standard (expected: 4 SP)
Family: IN4000 Standard | Code: g195523 | Method: FROM_CHECKLIST
============================================================
  Dang lay danh sach san pham tu category g195523...
  Tim thay 4 san pham.
  [1/4] p159140 ...C:\Users\Admin\Desktop\New folder\SICK_Products\IN4000_Standard\IN40-D0304K.xlsx
Saved: C:\Users\Admin\Desktop\New folder\SICK_Products\IN4000_Standard\images\IN40-D0304K.jpg (45.0 KB, 500x500)
__RESULT__["C:\\Users\\Admin\\Desktop\\New folder\\SICK_Products\\IN4000_Standard\\images\\IN40-D0304K.jpg"]
 -> IN40-D0304K.xlsx
  [2/4] p33255 ...C:\Users\Admin\Desktop\New folder\SICK_Products\IN4000_Standard\IN40-D0101K.xlsx
Saved: C:\Users\Admin\Desktop\New folder\SICK_Products\IN4000_Standard\images\IN40-D0101K.jpg (30.4 KB, 500x500)
__RESULT__["C:\\Users\\Admin\\Desktop\\New folder\\SICK_Products\\IN4000_Standard\\images\\IN40-D0101K.jpg"]
 -> IN40-D0101K.xlsx
  [3/4] p41311 ...C:\Users\Admin\Desktop\New folder\SICK_Products\IN4000_Standard\IN40-D0202K.xlsx
Saved: C:\Users\Admin\Desktop\New folder\SICK_Products\IN4000_Standard\images\IN40-D0202K.jpg (40.3 KB, 500x500)
__RESULT__["C:\\Users\\Admin\\Desktop\\New folder\\SICK_Products\\IN4000_Standard\\images\\IN40-D0202K.jpg"]
 -> IN40-D0202K.xlsx
  [4/4] p41312 ...C:\Users\Admin\Desktop\New folder\SICK_Products\IN4000_Standard\IN40-D0303K.xlsx
Saved: C:\Users\Admin\Desktop\New folder\SICK_Products\IN4000_Standard\images\IN40-D0303K.jpg (37.8 KB, 500x500)
__RESULT__["C:\\Users\\Admin\\Desktop\\New folder\\SICK_Products\\IN4000_Standard\\images\\IN40-D0303K.jpg"]
 -> IN40-D0303K.xlsx
  => Ket qua: 4 OK, 0 loi, 0 skip / 4 tong

============================================================
[34/643] Dong: i200 Lock (expected: 3 SP)
Family: i200 Lock | Code: g195502 | Method: FROM_CHECKLIST
============================================================
  Dang lay danh sach san pham tu category g195502...
  Tim thay 3 san pham.
  [1/3] p36214 ...C:\Users\Admin\Desktop\New folder\SICK_Products\i200_Lock\i200-E0323_Lock.xlsx
Saved: C:\Users\Admin\Desktop\New folder\SICK_Products\i200_Lock\images\i200-E0323_Lock.jpg (32.5 KB, 500x500)
__RESULT__["C:\\Users\\Admin\\Desktop\\New folder\\SICK_Products\\i200_Lock\\images\\i200-E0323_Lock.jpg"]
 -> i200-E0323_Lock.xlsx
  [2/3] p16396 ...C:\Users\Admin\Desktop\New folder\SICK_Products\i200_Lock\i200-M0413_Lock.xlsx
Saved: C:\Users\Admin\Desktop\New folder\SICK_Products\i200_Lock\images\i200-M0413_Lock.jpg (32.5 KB, 500x500)
__RESULT__["C:\\Users\\Admin\\Desktop\\New folder\\SICK_Products\\i200_Lock\\images\\i200-M0413_Lock.jpg"]
 -> i200-M0413_Lock.xlsx
  [3/3] p16395 ...C:\Users\Admin\Desktop\New folder\SICK_Products\i200_Lock\i200-M0323_Lock.xlsx
Saved: C:\Users\Admin\Desktop\New folder\SICK_Products\i200_Lock\images\i200-M0323_Lock.jpg (32.5 KB, 500x500)
__RESULT__["C:\\Users\\Admin\\Desktop\\New folder\\SICK_Products\\i200_Lock\\images\\i200-M0323_Lock.jpg"]
 -> i200-M0323_Lock.xlsx
  => Ket qua: 3 OK, 0 loi, 0 skip / 3 tong

============================================================
[35/643] Dong: i110RP (expected: 3 SP)
Family: i110RP | Code: g195529 | Method: FROM_CHECKLIST
============================================================
  Dang lay danh sach san pham tu category g195529...
  Tim thay 3 san pham.
  [1/3] p338056 ...C:\Users\Admin\Desktop\New folder\SICK_Products\i110RP\i110-RP224.xlsx
Saved: C:\Users\Admin\Desktop\New folder\SICK_Products\i110RP\images\i110-RP224.jpg (24.3 KB, 500x500)
__RESULT__["C:\\Users\\Admin\\Desktop\\New folder\\SICK_Products\\i110RP\\images\\i110-RP224.jpg"]
 -> i110-RP224.xlsx
  [2/3] p12588 ...C:\Users\Admin\Desktop\New folder\SICK_Products\i110RP\i110-RP223.xlsx
Saved: C:\Users\Admin\Desktop\New folder\SICK_Products\i110RP\images\i110-RP223.jpg (22.7 KB, 500x500)
__RESULT__["C:\\Users\\Admin\\Desktop\\New folder\\SICK_Products\\i110RP\\images\\i110-RP223.jpg"]
 -> i110-RP223.xlsx
  [3/3] p12587 ...C:\Users\Admin\Desktop\New folder\SICK_Products\i110RP\i110-RP313.xlsx
Saved: C:\Users\Admin\Desktop\New folder\SICK_Products\i110RP\images\i110-RP313.jpg (22.7 KB, 500x500)
__RESULT__["C:\\Users\\Admin\\Desktop\\New folder\\SICK_Products\\i110RP\\images\\i110-RP313.jpg"]
 -> i110-RP313.xlsx
  => Ket qua: 3 OK, 0 loi, 0 skip / 3 tong

============================================================
[36/643] Dong: i10H (expected: 2 SP)
Family: i10H | Code: g195509 | Method: FROM_CHECKLIST
============================================================
  Dang lay danh sach san pham tu category g195509...
  Tim thay 2 san pham.
  [1/2] p16367 ...C:\Users\Admin\Desktop\New folder\SICK_Products\i10H\i10-HB213.xlsx
Saved: C:\Users\Admin\Desktop\New folder\SICK_Products\i10H\images\i10-HB213.jpg (17.1 KB, 500x500)
__RESULT__["C:\\Users\\Admin\\Desktop\\New folder\\SICK_Products\\i10H\\images\\i10-HB213.jpg"]
 -> i10-HB213.xlsx
  [2/2] p16366 ...C:\Users\Admin\Desktop\New folder\SICK_Products\i10H\i10-HA113.xlsx
Saved: C:\Users\Admin\Desktop\New folder\SICK_Products\i10H\images\i10-HA113.jpg (21.0 KB, 500x500)
__RESULT__["C:\\Users\\Admin\\Desktop\\New folder\\SICK_Products\\i10H\\images\\i10-HA113.jpg"]
 -> i10-HA113.xlsx
  => Ket qua: 2 OK, 0 loi, 0 skip / 2 tong

============================================================
[37/643] Dong: IQB2S (expected: 3 SP)
Family: IQB2S | Code: g478954 | Method: FROM_CHECKLIST
============================================================
  Dang lay danh sach san pham tu category g478954...
  Tim thay 3 san pham.
  [1/3] p590446 ...C:\Users\Admin\Desktop\New folder\SICK_Products\IQB2S\IQB2S12-04B4DQ9.xlsx
Saved: C:\Users\Admin\Desktop\New folder\SICK_Products\IQB2S\images\IQB2S12-04B4DQ9.jpg (33.1 KB, 500x500)
__RESULT__["C:\\Users\\Admin\\Desktop\\New folder\\SICK_Products\\IQB2S\\images\\IQB2S12-04B4DQ9.jpg"]
 -> IQB2S12-04B4DQ9.xlsx
  [2/3] p590445 ...C:\Users\Admin\Desktop\New folder\SICK_Products\IQB2S\IQB2S12-04B4DW2.xlsx
Saved: C:\Users\Admin\Desktop\New folder\SICK_Products\IQB2S\images\IQB2S12-04B4DW2.jpg (40.0 KB, 500x500)
__RESULT__["C:\\Users\\Admin\\Desktop\\New folder\\SICK_Products\\IQB2S\\images\\IQB2S12-04B4DW2.jpg"]
 -> IQB2S12-04B4DW2.xlsx
  [3/3] p590444 ...C:\Users\Admin\Desktop\New folder\SICK_Products\IQB2S\IQB2S12-04B4DT0.xlsx
Saved: C:\Users\Admin\Desktop\New folder\SICK_Products\IQB2S\images\IQB2S12-04B4DT0.jpg (49.5 KB, 500x500)
__RESULT__["C:\\Users\\Admin\\Desktop\\New folder\\SICK_Products\\IQB2S\\images\\IQB2S12-04B4DT0.jpg"]
 -> IQB2S12-04B4DT0.xlsx
  => Ket qua: 3 OK, 0 loi, 0 skip / 3 tong

============================================================
[38/643] Dong: E100 (expected: 7 SP)
Family: E100 | Code: g195532 | Method: FROM_CHECKLIST
============================================================
  Dang lay danh sach san pham tu category g195532...
  Tim thay 7 san pham.
  [1/7] p12590 ...C:\Users\Admin\Desktop\New folder\SICK_Products\E100\E100-A2A22S10A.xlsx
Saved: C:\Users\Admin\Desktop\New folder\SICK_Products\E100\images\E100-A2A22S10A.jpg (22.2 KB, 500x500)
__RESULT__["C:\\Users\\Admin\\Desktop\\New folder\\SICK_Products\\E100\\images\\E100-A2A22S10A.jpg"]
 -> E100-A2A22S10A.xlsx
  [2/7] p12593 ...C:\Users\Admin\Desktop\New folder\SICK_Products\E100\E100-B2A22S10A.xlsx
Saved: C:\Users\Admin\Desktop\New folder\SICK_Products\E100\images\E100-B2A22S10A.jpg (23.7 KB, 500x500)
__RESULT__["C:\\Users\\Admin\\Desktop\\New folder\\SICK_Products\\E100\\images\\E100-B2A22S10A.jpg"]
 -> E100-B2A22S10A.xlsx
  [3/7] p12589 ...C:\Users\Admin\Desktop\New folder\SICK_Products\E100\E100-A2A22S05A.xlsx
Saved: C:\Users\Admin\Desktop\New folder\SICK_Products\E100\images\E100-A2A22S05A.jpg (22.2 KB, 500x500)
__RESULT__["C:\\Users\\Admin\\Desktop\\New folder\\SICK_Products\\E100\\images\\E100-A2A22S05A.jpg"]
 -> E100-A2A22S05A.xlsx
  [4/7] p12592 ...C:\Users\Admin\Desktop\New folder\SICK_Products\E100\E100-B2A22S05A.xlsx
Saved: C:\Users\Admin\Desktop\New folder\SICK_Products\E100\images\E100-B2A22S05A.jpg (23.7 KB, 500x500)
__RESULT__["C:\\Users\\Admin\\Desktop\\New folder\\SICK_Products\\E100\\images\\E100-B2A22S05A.jpg"]
 -> E100-B2A22S05A.xlsx
  [5/7] p62034 ...C:\Users\Admin\Desktop\New folder\SICK_Products\E100\E100-B2A22S25A.xlsx
Saved: C:\Users\Admin\Desktop\New folder\SICK_Products\E100\images\E100-B2A22S25A.jpg (23.7 KB, 500x500)
__RESULT__["C:\\Users\\Admin\\Desktop\\New folder\\SICK_Products\\E100\\images\\E100-B2A22S25A.jpg"]
 -> E100-B2A22S25A.xlsx
  [6/7] p299043 ...C:\Users\Admin\Desktop\New folder\SICK_Products\E100\E100-A2A22S25A.xlsx
Saved: C:\Users\Admin\Desktop\New folder\SICK_Products\E100\images\E100-A2A22S25A.jpg (22.2 KB, 500x500)
__RESULT__["C:\\Users\\Admin\\Desktop\\New folder\\SICK_Products\\E100\\images\\E100-A2A22S25A.jpg"]
 -> E100-A2A22S25A.xlsx
  [7/7] p12591 ...C:\Users\Admin\Desktop\New folder\SICK_Products\E100\E100-A2A22C05A.xlsx
Saved: C:\Users\Admin\Desktop\New folder\SICK_Products\E100\images\E100-A2A22C05A.jpg (22.2 KB, 500x500)
__RESULT__["C:\\Users\\Admin\\Desktop\\New folder\\SICK_Products\\E100\\images\\E100-A2A22C05A.jpg"]
 -> E100-A2A22C05A.xlsx
  => Ket qua: 7 OK, 0 loi, 0 skip / 7 tong

============================================================
[39/643] Dong: IN4000 Direct (expected: 2 SP)
Family: IN4000 Direct | Code: g195524 | Method: FROM_CHECKLIST
============================================================
  Dang lay danh sach san pham tu category g195524...
  Tim thay 2 san pham.
  [1/2] p315402 ...C:\Users\Admin\Desktop\New folder\SICK_Products\IN4000_Direct\IN40-E0109K.xlsx
Saved: C:\Users\Admin\Desktop\New folder\SICK_Products\IN4000_Direct\images\IN40-E0109K.jpg (30.4 KB, 500x500)
__RESULT__["C:\\Users\\Admin\\Desktop\\New folder\\SICK_Products\\IN4000_Direct\\images\\IN40-E0109K.jpg"]
 -> IN40-E0109K.xlsx
  [2/2] p71345 ...C:\Users\Admin\Desktop\New folder\SICK_Products\IN4000_Direct\IN40-E0101K.xlsx
Saved: C:\Users\Admin\Desktop\New folder\SICK_Products\IN4000_Direct\images\IN40-E0101K.jpg (30.4 KB, 500x500)
__RESULT__["C:\\Users\\Admin\\Desktop\\New folder\\SICK_Products\\IN4000_Direct\\images\\IN40-E0101K.jpg"]
 -> IN40-E0101K.xlsx
  => Ket qua: 2 OK, 0 loi, 0 skip / 2 tong

============================================================
[40/643] Dong: ER12 (expected: 5 SP)
Family: ER12 | Code: g291253 | Method: FROM_CHECKLIST
============================================================
  Dang lay danh sach san pham tu category g291253...
  Tim thay 5 san pham.
  [1/5] p678252 ...C:\Users\Admin\Desktop\New folder\SICK_Products\ER12\ER12-SE6F5.xlsx
Saved: C:\Users\Admin\Desktop\New folder\SICK_Products\ER12\images\ER12-SE6F5.jpg (23.7 KB, 500x500)
__RESULT__["C:\\Users\\Admin\\Desktop\\New folder\\SICK_Products\\ER12\\images\\ER12-SE6F5.jpg"]
 -> ER12-SE6F5.xlsx
  [2/5] p389956 ...C:\Users\Admin\Desktop\New folder\SICK_Products\ER12\ER12-SB3C5.xlsx
Saved: C:\Users\Admin\Desktop\New folder\SICK_Products\ER12\images\ER12-SB3C5.jpg (20.7 KB, 500x500)
__RESULT__["C:\\Users\\Admin\\Desktop\\New folder\\SICK_Products\\ER12\\images\\ER12-SB3C5.jpg"]
 -> ER12-SB3C5.xlsx
  [3/5] p560845 ...C:\Users\Admin\Desktop\New folder\SICK_Products\ER12\ER12-SD5E8.xlsx
Saved: C:\Users\Admin\Desktop\New folder\SICK_Products\ER12\images\ER12-SD5E8.jpg (23.8 KB, 500x500)
__RESULT__["C:\\Users\\Admin\\Desktop\\New folder\\SICK_Products\\ER12\\images\\ER12-SD5E8.jpg"]
 -> ER12-SD5E8.xlsx
  [4/5] p349545 ...C:\Users\Admin\Desktop\New folder\SICK_Products\ER12\ER12-SB3C4S01.xlsx
Saved: C:\Users\Admin\Desktop\New folder\SICK_Products\ER12\images\ER12-SB3C4S01.jpg (20.7 KB, 500x500)
__RESULT__["C:\\Users\\Admin\\Desktop\\New folder\\SICK_Products\\ER12\\images\\ER12-SB3C4S01.jpg"]
 -> ER12-SB3C4S01.xlsx
  [5/5] p339947 ...C:\Users\Admin\Desktop\New folder\SICK_Products\ER12\ER12-SB3C4.xlsx
Saved: C:\Users\Admin\Desktop\New folder\SICK_Products\ER12\images\ER12-SB3C4.jpg (20.7 KB, 500x500)
__RESULT__["C:\\Users\\Admin\\Desktop\\New folder\\SICK_Products\\ER12\\images\\ER12-SB3C4.jpg"]
 -> ER12-SB3C4.xlsx
  => Ket qua: 5 OK, 0 loi, 0 skip / 5 tong

============================================================
[41/643] Dong: MLP1 (expected: 6 SP)
Family: MLP1 | Code: g419454 | Method: FROM_CHECKLIST
============================================================
  Dang lay danh sach san pham tu category g419454...
  Tim thay 6 san pham.
  [1/6] p665025 ...C:\Users\Admin\Desktop\New folder\SICK_Products\MLP1\MLP1-SMUA0AC.xlsx
Saved: C:\Users\Admin\Desktop\New folder\SICK_Products\MLP1\images\MLP1-SMUA0AC.jpg (39.2 KB, 500x500)
__RESULT__["C:\\Users\\Admin\\Desktop\\New folder\\SICK_Products\\MLP1\\images\\MLP1-SMUA0AC.jpg"]
 -> MLP1-SMUA0AC.xlsx
  [2/6] p494250 ...C:\Users\Admin\Desktop\New folder\SICK_Products\MLP1\MLP1-SMMF0AC.xlsx
Saved: C:\Users\Admin\Desktop\New folder\SICK_Products\MLP1\images\MLP1-SMMF0AC.jpg (39.2 KB, 500x500)
__RESULT__["C:\\Users\\Admin\\Desktop\\New folder\\SICK_Products\\MLP1\\images\\MLP1-SMMF0AC.jpg"]
 -> MLP1-SMMF0AC.xlsx
  [3/6] p665023 ...C:\Users\Admin\Desktop\New folder\SICK_Products\MLP1\MLP1-SMUC0AC.xlsx
Saved: C:\Users\Admin\Desktop\New folder\SICK_Products\MLP1\images\MLP1-SMUC0AC.jpg (39.2 KB, 500x500)
__RESULT__["C:\\Users\\Admin\\Desktop\\New folder\\SICK_Products\\MLP1\\images\\MLP1-SMUC0AC.jpg"]
 -> MLP1-SMUC0AC.xlsx
  [4/6] p665024 ...C:\Users\Admin\Desktop\New folder\SICK_Products\MLP1\MLP1-SMUF0AC.xlsx
Saved: C:\Users\Admin\Desktop\New folder\SICK_Products\MLP1\images\MLP1-SMUF0AC.jpg (39.2 KB, 500x500)
__RESULT__["C:\\Users\\Admin\\Desktop\\New folder\\SICK_Products\\MLP1\\images\\MLP1-SMUF0AC.jpg"]
 -> MLP1-SMUF0AC.xlsx
  [5/6] p494248 ...C:\Users\Admin\Desktop\New folder\SICK_Products\MLP1\MLP1-SMMA0AC.xlsx
Saved: C:\Users\Admin\Desktop\New folder\SICK_Products\MLP1\images\MLP1-SMMA0AC.jpg (39.2 KB, 500x500)
__RESULT__["C:\\Users\\Admin\\Desktop\\New folder\\SICK_Products\\MLP1\\images\\MLP1-SMMA0AC.jpg"]
 -> MLP1-SMMA0AC.xlsx
  [6/6] p494247 ...C:\Users\Admin\Desktop\New folder\SICK_Products\MLP1\MLP1-SMMC0AC.xlsx
Saved: C:\Users\Admin\Desktop\New folder\SICK_Products\MLP1\images\MLP1-SMMC0AC.jpg (39.2 KB, 500x500)
__RESULT__["C:\\Users\\Admin\\Desktop\\New folder\\SICK_Products\\MLP1\\images\\MLP1-SMMC0AC.jpg"]
 -> MLP1-SMMC0AC.xlsx
  => Ket qua: 6 OK, 0 loi, 0 skip / 6 tong

============================================================
[42/643] Dong: i16S (expected: 3 SP)
Family: i16S | Code: g195492 | Method: FROM_CHECKLIST
============================================================
  Dang lay danh sach san pham tu category g195492...
  Tim thay 3 san pham.
  [1/3] p338053 ...C:\Users\Admin\Desktop\New folder\SICK_Products\i16S\i16-SA205.xlsx
Saved: C:\Users\Admin\Desktop\New folder\SICK_Products\i16S\images\i16-SA205.jpg (41.6 KB, 500x500)
__RESULT__["C:\\Users\\Admin\\Desktop\\New folder\\SICK_Products\\i16S\\images\\i16-SA205.jpg"]
 -> i16-SA205.xlsx
  [2/3] p12219 ...C:\Users\Admin\Desktop\New folder\SICK_Products\i16S\i16-SA203.xlsx
Saved: C:\Users\Admin\Desktop\New folder\SICK_Products\i16S\images\i16-SA203.jpg (30.3 KB, 500x500)
__RESULT__["C:\\Users\\Admin\\Desktop\\New folder\\SICK_Products\\i16S\\images\\i16-SA203.jpg"]
 -> i16-SA203.xlsx
  [3/3] p12220 ...C:\Users\Admin\Desktop\New folder\SICK_Products\i16S\i16-SA113.xlsx
Saved: C:\Users\Admin\Desktop\New folder\SICK_Products\i16S\images\i16-SA113.jpg (30.3 KB, 500x500)
__RESULT__["C:\\Users\\Admin\\Desktop\\New folder\\SICK_Products\\i16S\\images\\i16-SA113.jpg"]
 -> i16-SA113.xlsx
  => Ket qua: 3 OK, 0 loi, 0 skip / 3 tong

============================================================
[43/643] Dong: ES11 (expected: 3 SP)
Family: ES11 | Code: g289858 | Method: FROM_CHECKLIST
============================================================
  Dang lay danh sach san pham tu category g289858...
  Tim thay 3 san pham.
  [1/3] p339946 ...C:\Users\Admin\Desktop\New folder\SICK_Products\ES11\ES11-SC4D8.xlsx
Saved: C:\Users\Admin\Desktop\New folder\SICK_Products\ES11\images\ES11-SC4D8.jpg (26.6 KB, 500x500)
__RESULT__["C:\\Users\\Admin\\Desktop\\New folder\\SICK_Products\\ES11\\images\\ES11-SC4D8.jpg"]
 -> ES11-SC4D8.xlsx
  [2/3] p339944 ...C:\Users\Admin\Desktop\New folder\SICK_Products\ES11\ES11-SA1A4.xlsx
Saved: C:\Users\Admin\Desktop\New folder\SICK_Products\ES11\images\ES11-SA1A4.jpg (22.3 KB, 500x500)
__RESULT__["C:\\Users\\Admin\\Desktop\\New folder\\SICK_Products\\ES11\\images\\ES11-SA1A4.jpg"]
 -> ES11-SA1A4.xlsx
  [3/3] p339945 ...C:\Users\Admin\Desktop\New folder\SICK_Products\ES11\ES11-SA2B8.xlsx
Saved: C:\Users\Admin\Desktop\New folder\SICK_Products\ES11\images\ES11-SA2B8.jpg (22.7 KB, 500x500)
__RESULT__["C:\\Users\\Admin\\Desktop\\New folder\\SICK_Products\\ES11\\images\\ES11-SA2B8.jpg"]
 -> ES11-SA2B8.xlsx
  => Ket qua: 3 OK, 0 loi, 0 skip / 3 tong

============================================================
[44/643] Dong: i110S (expected: 3 SP)
Family: i110S | Code: g195495 | Method: FROM_CHECKLIST
============================================================
  Dang lay danh sach san pham tu category g195495...
  Tim thay 3 san pham.
  [1/3] p12225 ...C:\Users\Admin\Desktop\New folder\SICK_Products\i110S\i110-SA223.xlsx
Saved: C:\Users\Admin\Desktop\New folder\SICK_Products\i110S\images\i110-SA223.jpg (22.6 KB, 500x500)
__RESULT__["C:\\Users\\Admin\\Desktop\\New folder\\SICK_Products\\i110S\\images\\i110-SA223.jpg"]
 -> i110-SA223.xlsx
  [2/3] p338054 ...C:\Users\Admin\Desktop\New folder\SICK_Products\i110S\i110-SA225.xlsx
Saved: C:\Users\Admin\Desktop\New folder\SICK_Products\i110S\images\i110-SA225.jpg (29.9 KB, 500x500)
__RESULT__["C:\\Users\\Admin\\Desktop\\New folder\\SICK_Products\\i110S\\images\\i110-SA225.jpg"]
 -> i110-SA225.xlsx
  [3/3] p12224 ...C:\Users\Admin\Desktop\New folder\SICK_Products\i110S\i110-SA313.xlsx
Saved: C:\Users\Admin\Desktop\New folder\SICK_Products\i110S\images\i110-SA313.jpg (22.6 KB, 500x500)
__RESULT__["C:\\Users\\Admin\\Desktop\\New folder\\SICK_Products\\i110S\\images\\i110-SA313.jpg"]
 -> i110-SA313.xlsx
  => Ket qua: 3 OK, 0 loi, 0 skip / 3 tong

============================================================
[45/643] Dong: multiScan100-S (expected: 0 SP)
Family: multiScan100-S | Code: g585228 | Method: FROM_CHECKLIST
============================================================
  Dang lay danh sach san pham tu category g585228...
  Tim thay 2 san pham.
  [1/2] p682398 ...C:\Users\Admin\Desktop\New folder\SICK_Products\multiScan100-S\MULS1AAS-114322_multiScan165S.xlsx
Saved: C:\Users\Admin\Desktop\New folder\SICK_Products\multiScan100-S\images\MULS1AAS-114322_multiScan165S.jpg (37.9 KB, 500x500)
__RESULT__["C:\\Users\\Admin\\Desktop\\New folder\\SICK_Products\\multiScan100-S\\images\\MULS1AAS-114322_multiScan165S.jpg"]
 -> MULS1AAS-114322_multiScan165S.xlsx
  [2/2] p688121 ...C:\Users\Admin\Desktop\New folder\SICK_Products\multiScan100-S\MULS1AAS-114322_multiScan165S.xlsx
Saved: C:\Users\Admin\Desktop\New folder\SICK_Products\multiScan100-S\images\MULS1AAS-114322_multiScan165S.jpg (37.9 KB, 500x500)
__RESULT__["C:\\Users\\Admin\\Desktop\\New folder\\SICK_Products\\multiScan100-S\\images\\MULS1AAS-114322_multiScan165S.jpg"]
 -> MULS1AAS-114322_multiScan165S.xlsx
  => Ket qua: 2 OK, 0 loi, 0 skip / 2 tong

============================================================
[46/643] Dong: nanoScan3 (expected: 5 SP)
Family: nanoScan3 | Code: g507056 | Method: FROM_CHECKLIST
============================================================
  Dang lay danh sach san pham tu category g507056...
  Tim thay 5 san pham.
  [1/5] p653979 ...C:\Users\Admin\Desktop\New folder\SICK_Products\nanoScan3\NANS3-AAAZ30AN1.xlsx
Saved: C:\Users\Admin\Desktop\New folder\SICK_Products\nanoScan3\images\NANS3-AAAZ30AN1.jpg (48.6 KB, 500x500)
__RESULT__["C:\\Users\\Admin\\Desktop\\New folder\\SICK_Products\\nanoScan3\\images\\NANS3-AAAZ30AN1.jpg"]
 -> NANS3-AAAZ30AN1.xlsx
  [2/5] p653980 ...C:\Users\Admin\Desktop\New folder\SICK_Products\nanoScan3\NANS3-CAAZ30AN1.xlsx
Saved: C:\Users\Admin\Desktop\New folder\SICK_Products\nanoScan3\images\NANS3-CAAZ30AN1.jpg (48.6 KB, 500x500)
__RESULT__["C:\\Users\\Admin\\Desktop\\New folder\\SICK_Products\\nanoScan3\\images\\NANS3-CAAZ30AN1.jpg"]
 -> NANS3-CAAZ30AN1.xlsx
  [3/5] p675491 ...C:\Users\Admin\Desktop\New folder\SICK_Products\nanoScan3\NANS3-CAAZ30IZ1.xlsx
Saved: C:\Users\Admin\Desktop\New folder\SICK_Products\nanoScan3\images\NANS3-CAAZ30IZ1.jpg (48.7 KB, 500x500)
__RESULT__["C:\\Users\\Admin\\Desktop\\New folder\\SICK_Products\\nanoScan3\\images\\NANS3-CAAZ30IZ1.jpg"]
 -> NANS3-CAAZ30IZ1.xlsx
  [4/5] p675490 ...C:\Users\Admin\Desktop\New folder\SICK_Products\nanoScan3\NANS3-CAAZ30ZA1.xlsx
Saved: C:\Users\Admin\Desktop\New folder\SICK_Products\nanoScan3\images\NANS3-CAAZ30ZA1.jpg (48.7 KB, 500x500)
__RESULT__["C:\\Users\\Admin\\Desktop\\New folder\\SICK_Products\\nanoScan3\\images\\NANS3-CAAZ30ZA1.jpg"]
 -> NANS3-CAAZ30ZA1.xlsx
  [5/5] p675489 ...C:\Users\Admin\Desktop\New folder\SICK_Products\nanoScan3\NANS3-CAAZ30AA1.xlsx
Saved: C:\Users\Admin\Desktop\New folder\SICK_Products\nanoScan3\images\NANS3-CAAZ30AA1.jpg (48.7 KB, 500x500)
__RESULT__["C:\\Users\\Admin\\Desktop\\New folder\\SICK_Products\\nanoScan3\\images\\NANS3-CAAZ30AA1.jpg"]
 -> NANS3-CAAZ30AA1.xlsx
  => Ket qua: 5 OK, 0 loi, 0 skip / 5 tong

============================================================
[47/643] Dong: microScan3 (expected: 112 SP)
Family: microScan3 | Code: g295657 | Method: FROM_CHECKLIST
============================================================
  Dang lay danh sach san pham tu category g295657...
  CategoryCode=48, FamilyCode=156, Parent(rec)=112, UNION=156
  Tim thay 156 san pham.
  [1/156] p368946 ...C:\Users\Admin\Desktop\New folder\SICK_Products\microScan3\MICS3-AAAZ55AZ1P01.xlsx
Saved: C:\Users\Admin\Desktop\New folder\SICK_Products\microScan3\images\MICS3-AAAZ55AZ1P01.jpg (43.3 KB, 500x500)
__RESULT__["C:\\Users\\Admin\\Desktop\\New folder\\SICK_Products\\microScan3\\images\\MICS3-AAAZ55AZ1P01.jpg"]
 -> MICS3-AAAZ55AZ1P01.xlsx
  [2/156] p368945 ...C:\Users\Admin\Desktop\New folder\SICK_Products\microScan3\MICS3-AAAZ40AZ1P01.xlsx
Saved: C:\Users\Admin\Desktop\New folder\SICK_Products\microScan3\images\MICS3-AAAZ40AZ1P01.jpg (43.3 KB, 500x500)
__RESULT__["C:\\Users\\Admin\\Desktop\\New folder\\SICK_Products\\microScan3\\images\\MICS3-AAAZ40AZ1P01.jpg"]
 -> MICS3-AAAZ40AZ1P01.xlsx
  [3/156] p497845 ...C:\Users\Admin\Desktop\New folder\SICK_Products\microScan3\MICS3-ABAZ55IZ1P01.xlsx
Saved: C:\Users\Admin\Desktop\New folder\SICK_Products\microScan3\images\MICS3-ABAZ55IZ1P01.jpg (37.7 KB, 500x500)
__RESULT__["C:\\Users\\Admin\\Desktop\\New folder\\SICK_Products\\microScan3\\images\\MICS3-ABAZ55IZ1P01.jpg"]
 -> MICS3-ABAZ55IZ1P01.xlsx
  [4/156] p574155 ...C:\Users\Admin\Desktop\New folder\SICK_Products\microScan3\MICS3-CBAZ40PZ1P01.xlsx
Saved: C:\Users\Admin\Desktop\New folder\SICK_Products\microScan3\images\MICS3-CBAZ40PZ1P01.jpg (37.7 KB, 500x500)
__RESULT__["C:\\Users\\Admin\\Desktop\\New folder\\SICK_Products\\microScan3\\images\\MICS3-CBAZ40PZ1P01.jpg"]
 -> MICS3-CBAZ40PZ1P01.xlsx
  [5/156] p606746 ...C:\Users\Admin\Desktop\New folder\SICK_Products\microScan3\MICS3-ACAZ90PZ1P01.xlsx
Saved: C:\Users\Admin\Desktop\New folder\SICK_Products\microScan3\images\MICS3-ACAZ90PZ1P01.jpg (36.1 KB, 500x500)
__RESULT__["C:\\Users\\Admin\\Desktop\\New folder\\SICK_Products\\microScan3\\images\\MICS3-ACAZ90PZ1P01.jpg"]
 -> MICS3-ACAZ90PZ1P01.xlsx
  [6/156] p678415 ...C:\Users\Admin\Desktop\New folder\SICK_Products\microScan3\MICS3-CCAZ55AN1P01.xlsx
Saved: C:\Users\Admin\Desktop\New folder\SICK_Products\microScan3\images\MICS3-CCAZ55AN1P01.jpg (33.1 KB, 500x500)
__RESULT__["C:\\Users\\Admin\\Desktop\\New folder\\SICK_Products\\microScan3\\images\\MICS3-CCAZ55AN1P01.jpg"]
 -> MICS3-CCAZ55AN1P01.xlsx
  [7/156] p608644 ...C:\Users\Admin\Desktop\New folder\SICK_Products\microScan3\MICS3-ABAZ90ZA1P01.xlsx
Saved: C:\Users\Admin\Desktop\New folder\SICK_Products\microScan3\images\MICS3-ABAZ90ZA1P01.jpg (37.7 KB, 500x500)
__RESULT__["C:\\Users\\Admin\\Desktop\\New folder\\SICK_Products\\microScan3\\images\\MICS3-ABAZ90ZA1P01.jpg"]
 -> MICS3-ABAZ90ZA1P01.xlsx
  [8/156] p608646 ...C:\Users\Admin\Desktop\New folder\SICK_Products\microScan3\MICS3-CBAZ90ZA1P01.xlsx
Saved: C:\Users\Admin\Desktop\New folder\SICK_Products\microScan3\images\MICS3-CBAZ90ZA1P01.jpg (37.7 KB, 500x500)
__RESULT__["C:\\Users\\Admin\\Desktop\\New folder\\SICK_Products\\microScan3\\images\\MICS3-CBAZ90ZA1P01.jpg"]
 -> MICS3-CBAZ90ZA1P01.xlsx
  [9/156] p609145 ...C:\Users\Admin\Desktop\New folder\SICK_Products\microScan3\MICS3-ABAZ90IZ1P01.xlsx
Saved: C:\Users\Admin\Desktop\New folder\SICK_Products\microScan3\images\MICS3-ABAZ90IZ1P01.jpg (37.7 KB, 500x500)
__RESULT__["C:\\Users\\Admin\\Desktop\\New folder\\SICK_Products\\microScan3\\images\\MICS3-ABAZ90IZ1P01.jpg"]
 -> MICS3-ABAZ90IZ1P01.xlsx
  [10/156] p589145 ...C:\Users\Admin\Desktop\New folder\SICK_Products\microScan3\MICS3-AAAZ90AZ1P01.xlsx
Saved: C:\Users\Admin\Desktop\New folder\SICK_Products\microScan3\images\MICS3-AAAZ90AZ1P01.jpg (43.3 KB, 500x500)
__RESULT__["C:\\Users\\Admin\\Desktop\\New folder\\SICK_Products\\microScan3\\images\\MICS3-AAAZ90AZ1P01.jpg"]
 -> MICS3-AAAZ90AZ1P01.xlsx
  [11/156] p660219 ...C:\Users\Admin\Desktop\New folder\SICK_Products\microScan3\MICS3-CBAZ90EN1P01.xlsx
Saved: C:\Users\Admin\Desktop\New folder\SICK_Products\microScan3\images\MICS3-CBAZ90EN1P01.jpg (38.0 KB, 500x500)
__RESULT__["C:\\Users\\Admin\\Desktop\\New folder\\SICK_Products\\microScan3\\images\\MICS3-CBAZ90EN1P01.jpg"]
 -> MICS3-CBAZ90EN1P01.xlsx
  [12/156] p368967 ...C:\Users\Admin\Desktop\New folder\SICK_Products\microScan3\MICS3-CCAZ90AA1P01.xlsx
Saved: C:\Users\Admin\Desktop\New folder\SICK_Products\microScan3\images\MICS3-CCAZ90AA1P01.jpg (33.1 KB, 500x500)
__RESULT__["C:\\Users\\Admin\\Desktop\\New folder\\SICK_Products\\microScan3\\images\\MICS3-CCAZ90AA1P01.jpg"]
 -> MICS3-CCAZ90AA1P01.xlsx
  [13/156] p660216 ...C:\Users\Admin\Desktop\New folder\SICK_Products\microScan3\MICS3-ABAZ90EN1P01.xlsx
Saved: C:\Users\Admin\Desktop\New folder\SICK_Products\microScan3\images\MICS3-ABAZ90EN1P01.jpg (38.0 KB, 500x500)
__RESULT__["C:\\Users\\Admin\\Desktop\\New folder\\SICK_Products\\microScan3\\images\\MICS3-ABAZ90EN1P01.jpg"]
 -> MICS3-ABAZ90EN1P01.xlsx
  [14/156] p586545 ...C:\Users\Admin\Desktop\New folder\SICK_Products\microScan3\MICS3-CBAZ55ZA1P01.xlsx
Saved: C:\Users\Admin\Desktop\New folder\SICK_Products\microScan3\images\MICS3-CBAZ55ZA1P01.jpg (37.7 KB, 500x500)
__RESULT__["C:\\Users\\Admin\\Desktop\\New folder\\SICK_Products\\microScan3\\images\\MICS3-CBAZ55ZA1P01.jpg"]
 -> MICS3-CBAZ55ZA1P01.xlsx
  [15/156] p651016 ...C:\Users\Admin\Desktop\New folder\SICK_Products\microScan3\MICS3-ABAZ40PZ1P01.xlsx
Saved: C:\Users\Admin\Desktop\New folder\SICK_Products\microScan3\images\MICS3-ABAZ40PZ1P01.jpg (37.7 KB, 500x500)
__RESULT__["C:\\Users\\Admin\\Desktop\\New folder\\SICK_Products\\microScan3\\images\\MICS3-ABAZ40PZ1P01.jpg"]
 -> MICS3-ABAZ40PZ1P01.xlsx
  [16/156] p606744 ...C:\Users\Admin\Desktop\New folder\SICK_Products\microScan3\MICS3-CBAZ90PZ1P01.xlsx
Saved: C:\Users\Admin\Desktop\New folder\SICK_Products\microScan3\images\MICS3-CBAZ90PZ1P01.jpg (37.7 KB, 500x500)
__RESULT__["C:\\Users\\Admin\\Desktop\\New folder\\SICK_Products\\microScan3\\images\\MICS3-CBAZ90PZ1P01.jpg"]
 -> MICS3-CBAZ90PZ1P01.xlsx
  [17/156] p529644 ...C:\Users\Admin\Desktop\New folder\SICK_Products\microScan3\MICS3-ACAZ40PZ1P01.xlsx
Saved: C:\Users\Admin\Desktop\New folder\SICK_Products\microScan3\images\MICS3-ACAZ40PZ1P01.jpg (36.1 KB, 500x500)
__RESULT__["C:\\Users\\Admin\\Desktop\\New folder\\SICK_Products\\microScan3\\images\\MICS3-ACAZ40PZ1P01.jpg"]
 -> MICS3-ACAZ40PZ1P01.xlsx
  [18/156] p574156 ...C:\Users\Admin\Desktop\New folder\SICK_Products\microScan3\MICS3-CBAZ55PZ1P01.xlsx
Saved: C:\Users\Admin\Desktop\New folder\SICK_Products\microScan3\images\MICS3-CBAZ55PZ1P01.jpg (37.7 KB, 500x500)
__RESULT__["C:\\Users\\Admin\\Desktop\\New folder\\SICK_Products\\microScan3\\images\\MICS3-CBAZ55PZ1P01.jpg"]
 -> MICS3-CBAZ55PZ1P01.xlsx
  [19/156] p497844 ...C:\Users\Admin\Desktop\New folder\SICK_Products\microScan3\MICS3-ABAZ40IZ1P01.xlsx
Saved: C:\Users\Admin\Desktop\New folder\SICK_Products\microScan3\images\MICS3-ABAZ40IZ1P01.jpg (37.7 KB, 500x500)
__RESULT__["C:\\Users\\Admin\\Desktop\\New folder\\SICK_Products\\microScan3\\images\\MICS3-ABAZ40IZ1P01.jpg"]
 -> MICS3-ABAZ40IZ1P01.xlsx
  [20/156] p529645 ...C:\Users\Admin\Desktop\New folder\SICK_Products\microScan3\MICS3-ACAZ55PZ1P01.xlsx
Saved: C:\Users\Admin\Desktop\New folder\SICK_Products\microScan3\images\MICS3-ACAZ55PZ1P01.jpg (36.1 KB, 500x500)
__RESULT__["C:\\Users\\Admin\\Desktop\\New folder\\SICK_Products\\microScan3\\images\\MICS3-ACAZ55PZ1P01.jpg"]
 -> MICS3-ACAZ55PZ1P01.xlsx
  [21/156] p660217 ...C:\Users\Admin\Desktop\New folder\SICK_Products\microScan3\MICS3-CBAZ40EN1P01.xlsx
Saved: C:\Users\Admin\Desktop\New folder\SICK_Products\microScan3\images\MICS3-CBAZ40EN1P01.jpg (38.0 KB, 500x500)
__RESULT__["C:\\Users\\Admin\\Desktop\\New folder\\SICK_Products\\microScan3\\images\\MICS3-CBAZ40EN1P01.jpg"]
 -> MICS3-CBAZ40EN1P01.xlsx
  [22/156] p551144 ...C:\Users\Admin\Desktop\New folder\SICK_Products\microScan3\MICS3-AAAZ40BZ1P01.xlsx
Saved: C:\Users\Admin\Desktop\New folder\SICK_Products\microScan3\images\MICS3-AAAZ40BZ1P01.jpg (43.4 KB, 500x500)
__RESULT__["C:\\Users\\Admin\\Desktop\\New folder\\SICK_Products\\microScan3\\images\\MICS3-AAAZ40BZ1P01.jpg"]
 -> MICS3-AAAZ40BZ1P01.xlsx
  [23/156] p651050 ...C:\Users\Admin\Desktop\New folder\SICK_Products\microScan3\MICS3-CCAZ40PZ1P01.xlsx
Saved: C:\Users\Admin\Desktop\New folder\SICK_Products\microScan3\images\MICS3-CCAZ40PZ1P01.jpg (36.1 KB, 500x500)
__RESULT__["C:\\Users\\Admin\\Desktop\\New folder\\SICK_Products\\microScan3\\images\\MICS3-CCAZ40PZ1P01.jpg"]
 -> MICS3-CCAZ40PZ1P01.xlsx
  [24/156] p575157 ...C:\Users\Admin\Desktop\New folder\SICK_Products\microScan3\MICS3-CBAZ55IZ1P01.xlsx
Saved: C:\Users\Admin\Desktop\New folder\SICK_Products\microScan3\images\MICS3-CBAZ55IZ1P01.jpg (37.7 KB, 500x500)
__RESULT__["C:\\Users\\Admin\\Desktop\\New folder\\SICK_Products\\microScan3\\images\\MICS3-CBAZ55IZ1P01.jpg"]
 -> MICS3-CBAZ55IZ1P01.xlsx
  [25/156] p678416 ...C:\Users\Admin\Desktop\New folder\SICK_Products\microScan3\MICS3-CCAZ90AN1P01.xlsx
Saved: C:\Users\Admin\Desktop\New folder\SICK_Products\microScan3\images\MICS3-CCAZ90AN1P01.jpg (33.1 KB, 500x500)
__RESULT__["C:\\Users\\Admin\\Desktop\\New folder\\SICK_Products\\microScan3\\images\\MICS3-CCAZ90AN1P01.jpg"]
 -> MICS3-CCAZ90AN1P01.xlsx
  [26/156] p651017 ...C:\Users\Admin\Desktop\New folder\SICK_Products\microScan3\MICS3-ABAZ55PZ1P01.xlsx
Saved: C:\Users\Admin\Desktop\New folder\SICK_Products\microScan3\images\MICS3-ABAZ55PZ1P01.jpg (37.7 KB, 500x500)
__RESULT__["C:\\Users\\Admin\\Desktop\\New folder\\SICK_Products\\microScan3\\images\\MICS3-ABAZ55PZ1P01.jpg"]
 -> MICS3-ABAZ55PZ1P01.xlsx
  [27/156] p660218 ...C:\Users\Admin\Desktop\New folder\SICK_Products\microScan3\MICS3-CBAZ55EN1P01.xlsx
Saved: C:\Users\Admin\Desktop\New folder\SICK_Products\microScan3\images\MICS3-CBAZ55EN1P01.jpg (38.0 KB, 500x500)
__RESULT__["C:\\Users\\Admin\\Desktop\\New folder\\SICK_Products\\microScan3\\images\\MICS3-CBAZ55EN1P01.jpg"]
 -> MICS3-CBAZ55EN1P01.xlsx
  [28/156] p678414 ...C:\Users\Admin\Desktop\New folder\SICK_Products\microScan3\MICS3-CCAZ40AN1P01.xlsx
Saved: C:\Users\Admin\Desktop\New folder\SICK_Products\microScan3\images\MICS3-CCAZ40AN1P01.jpg (33.1 KB, 500x500)
__RESULT__["C:\\Users\\Admin\\Desktop\\New folder\\SICK_Products\\microScan3\\images\\MICS3-CCAZ40AN1P01.jpg"]
 -> MICS3-CCAZ40AN1P01.xlsx
  [29/156] p368965 ...C:\Users\Admin\Desktop\New folder\SICK_Products\microScan3\MICS3-CCAZ55AA1P01.xlsx
Saved: C:\Users\Admin\Desktop\New folder\SICK_Products\microScan3\images\MICS3-CCAZ55AA1P01.jpg (33.1 KB, 500x500)
__RESULT__["C:\\Users\\Admin\\Desktop\\New folder\\SICK_Products\\microScan3\\images\\MICS3-CCAZ55AA1P01.jpg"]
 -> MICS3-CCAZ55AA1P01.xlsx
  [30/156] p575156 ...C:\Users\Admin\Desktop\New folder\SICK_Products\microScan3\MICS3-CBAZ40IZ1P01.xlsx
Saved: C:\Users\Admin\Desktop\New folder\SICK_Products\microScan3\images\MICS3-CBAZ40IZ1P01.jpg (37.7 KB, 500x500)
__RESULT__["C:\\Users\\Admin\\Desktop\\New folder\\SICK_Products\\microScan3\\images\\MICS3-CBAZ40IZ1P01.jpg"]
 -> MICS3-CBAZ40IZ1P01.xlsx
  [31/156] p660214 ...C:\Users\Admin\Desktop\New folder\SICK_Products\microScan3\MICS3-ABAZ40EN1P01.xlsx
Saved: C:\Users\Admin\Desktop\New folder\SICK_Products\microScan3\images\MICS3-ABAZ40EN1P01.jpg (38.0 KB, 500x500)
__RESULT__["C:\\Users\\Admin\\Desktop\\New folder\\SICK_Products\\microScan3\\images\\MICS3-ABAZ40EN1P01.jpg"]
 -> MICS3-ABAZ40EN1P01.xlsx
  [32/156] p651014 ...C:\Users\Admin\Desktop\New folder\SICK_Products\microScan3\MICS3-ACAZ55LZ1P01.xlsx
Saved: C:\Users\Admin\Desktop\New folder\SICK_Products\microScan3\images\MICS3-ACAZ55LZ1P01.jpg (36.1 KB, 500x500)
__RESULT__["C:\\Users\\Admin\\Desktop\\New folder\\SICK_Products\\microScan3\\images\\MICS3-ACAZ55LZ1P01.jpg"]
 -> MICS3-ACAZ55LZ1P01.xlsx
  [33/156] p587045 ...C:\Users\Admin\Desktop\New folder\SICK_Products\microScan3\MICS3-ABAZ55ZA1P01.xlsx
Saved: C:\Users\Admin\Desktop\New folder\SICK_Products\microScan3\images\MICS3-ABAZ55ZA1P01.jpg (37.7 KB, 500x500)
__RESULT__["C:\\Users\\Admin\\Desktop\\New folder\\SICK_Products\\microScan3\\images\\MICS3-ABAZ55ZA1P01.jpg"]
 -> MICS3-ABAZ55ZA1P01.xlsx
  [34/156] p651052 ...C:\Users\Admin\Desktop\New folder\SICK_Products\microScan3\MICS3-CCAZ55PZ1P01.xlsx
Saved: C:\Users\Admin\Desktop\New folder\SICK_Products\microScan3\images\MICS3-CCAZ55PZ1P01.jpg (36.1 KB, 500x500)
__RESULT__["C:\\Users\\Admin\\Desktop\\New folder\\SICK_Products\\microScan3\\images\\MICS3-CCAZ55PZ1P01.jpg"]
 -> MICS3-CCAZ55PZ1P01.xlsx
  [35/156] p651013 ...C:\Users\Admin\Desktop\New folder\SICK_Products\microScan3\MICS3-ACAZ40LZ1P01.xlsx
Saved: C:\Users\Admin\Desktop\New folder\SICK_Products\microScan3\images\MICS3-ACAZ40LZ1P01.jpg (36.1 KB, 500x500)
__RESULT__["C:\\Users\\Admin\\Desktop\\New folder\\SICK_Products\\microScan3\\images\\MICS3-ACAZ40LZ1P01.jpg"]
 -> MICS3-ACAZ40LZ1P01.xlsx
  [36/156] p651053 ...C:\Users\Admin\Desktop\New folder\SICK_Products\microScan3\MICS3-CCAZ90LZ1P01.xlsx
Saved: C:\Users\Admin\Desktop\New folder\SICK_Products\microScan3\images\MICS3-CCAZ90LZ1P01.jpg (36.1 KB, 500x500)
__RESULT__["C:\\Users\\Admin\\Desktop\\New folder\\SICK_Products\\microScan3\\images\\MICS3-CCAZ90LZ1P01.jpg"]
 -> MICS3-CCAZ90LZ1P01.xlsx
  [37/156] p589654 ...C:\Users\Admin\Desktop\New folder\SICK_Products\microScan3\MICS3-AAAZ90BZ1P01.xlsx
Saved: C:\Users\Admin\Desktop\New folder\SICK_Products\microScan3\images\MICS3-AAAZ90BZ1P01.jpg (43.4 KB, 500x500)
__RESULT__["C:\\Users\\Admin\\Desktop\\New folder\\SICK_Products\\microScan3\\images\\MICS3-AAAZ90BZ1P01.jpg"]
 -> MICS3-AAAZ90BZ1P01.xlsx
  [38/156] p551145 ...C:\Users\Admin\Desktop\New folder\SICK_Products\microScan3\MICS3-AAAZ55BZ1P01.xlsx
Saved: C:\Users\Admin\Desktop\New folder\SICK_Products\microScan3\images\MICS3-AAAZ55BZ1P01.jpg (43.4 KB, 500x500)
__RESULT__["C:\\Users\\Admin\\Desktop\\New folder\\SICK_Products\\microScan3\\images\\MICS3-AAAZ55BZ1P01.jpg"]
 -> MICS3-AAAZ55BZ1P01.xlsx
  [39/156] p586544 ...C:\Users\Admin\Desktop\New folder\SICK_Products\microScan3\MICS3-CBAZ40ZA1P01.xlsx
Saved: C:\Users\Admin\Desktop\New folder\SICK_Products\microScan3\images\MICS3-CBAZ40ZA1P01.jpg (37.7 KB, 500x500)
__RESULT__["C:\\Users\\Admin\\Desktop\\New folder\\SICK_Products\\microScan3\\images\\MICS3-CBAZ40ZA1P01.jpg"]
 -> MICS3-CBAZ40ZA1P01.xlsx
  [40/156] p660215 ...C:\Users\Admin\Desktop\New folder\SICK_Products\microScan3\MICS3-ABAZ55EN1P01.xlsx
Saved: C:\Users\Admin\Desktop\New folder\SICK_Products\microScan3\images\MICS3-ABAZ55EN1P01.jpg (38.0 KB, 500x500)
__RESULT__["C:\\Users\\Admin\\Desktop\\New folder\\SICK_Products\\microScan3\\images\\MICS3-ABAZ55EN1P01.jpg"]
 -> MICS3-ABAZ55EN1P01.xlsx
  [41/156] p587044 ...C:\Users\Admin\Desktop\New folder\SICK_Products\microScan3\MICS3-ABAZ40ZA1P01.xlsx
Saved: C:\Users\Admin\Desktop\New folder\SICK_Products\microScan3\images\MICS3-ABAZ40ZA1P01.jpg (37.7 KB, 500x500)
__RESULT__["C:\\Users\\Admin\\Desktop\\New folder\\SICK_Products\\microScan3\\images\\MICS3-ABAZ40ZA1P01.jpg"]
 -> MICS3-ABAZ40ZA1P01.xlsx
  [42/156] p609147 ...C:\Users\Admin\Desktop\New folder\SICK_Products\microScan3\MICS3-CBAZ90IZ1P01.xlsx
Saved: C:\Users\Admin\Desktop\New folder\SICK_Products\microScan3\images\MICS3-CBAZ90IZ1P01.jpg (37.7 KB, 500x500)
__RESULT__["C:\\Users\\Admin\\Desktop\\New folder\\SICK_Products\\microScan3\\images\\MICS3-CBAZ90IZ1P01.jpg"]
 -> MICS3-CBAZ90IZ1P01.xlsx
  [43/156] p651015 ...C:\Users\Admin\Desktop\New folder\SICK_Products\microScan3\MICS3-ACAZ90LZ1P01.xlsx
Saved: C:\Users\Admin\Desktop\New folder\SICK_Products\microScan3\images\MICS3-ACAZ90LZ1P01.jpg (36.1 KB, 500x500)
__RESULT__["C:\\Users\\Admin\\Desktop\\New folder\\SICK_Products\\microScan3\\images\\MICS3-ACAZ90LZ1P01.jpg"]
 -> MICS3-ACAZ90LZ1P01.xlsx
  [44/156] p651051 ...C:\Users\Admin\Desktop\New folder\SICK_Products\microScan3\MICS3-CCAZ55LZ1P01.xlsx
Saved: C:\Users\Admin\Desktop\New folder\SICK_Products\microScan3\images\MICS3-CCAZ55LZ1P01.jpg (36.1 KB, 500x500)
__RESULT__["C:\\Users\\Admin\\Desktop\\New folder\\SICK_Products\\microScan3\\images\\MICS3-CCAZ55LZ1P01.jpg"]
 -> MICS3-CCAZ55LZ1P01.xlsx
  [45/156] p651054 ...C:\Users\Admin\Desktop\New folder\SICK_Products\microScan3\MICS3-CCAZ90PZ1P01.xlsx
Saved: C:\Users\Admin\Desktop\New folder\SICK_Products\microScan3\images\MICS3-CCAZ90PZ1P01.jpg (36.1 KB, 500x500)
__RESULT__["C:\\Users\\Admin\\Desktop\\New folder\\SICK_Products\\microScan3\\images\\MICS3-CCAZ90PZ1P01.jpg"]
 -> MICS3-CCAZ90PZ1P01.xlsx
  [46/156] p651018 ...C:\Users\Admin\Desktop\New folder\SICK_Products\microScan3\MICS3-ABAZ90PZ1P01.xlsx
Saved: C:\Users\Admin\Desktop\New folder\SICK_Products\microScan3\images\MICS3-ABAZ90PZ1P01.jpg (37.7 KB, 500x500)
__RESULT__["C:\\Users\\Admin\\Desktop\\New folder\\SICK_Products\\microScan3\\images\\MICS3-ABAZ90PZ1P01.jpg"]
 -> MICS3-ABAZ90PZ1P01.xlsx
  [47/156] p368969 ...C:\Users\Admin\Desktop\New folder\SICK_Products\microScan3\MICS3-CCAZ40AA1P01.xlsx
Saved: C:\Users\Admin\Desktop\New folder\SICK_Products\microScan3\images\MICS3-CCAZ40AA1P01.jpg (33.1 KB, 500x500)
__RESULT__["C:\\Users\\Admin\\Desktop\\New folder\\SICK_Products\\microScan3\\images\\MICS3-CCAZ40AA1P01.jpg"]
 -> MICS3-CCAZ40AA1P01.xlsx
  [48/156] p651049 ...C:\Users\Admin\Desktop\New folder\SICK_Products\microScan3\MICS3-CCAZ40LZ1P01.xlsx
Saved: C:\Users\Admin\Desktop\New folder\SICK_Products\microScan3\images\MICS3-CCAZ40LZ1P01.jpg (36.1 KB, 500x500)
__RESULT__["C:\\Users\\Admin\\Desktop\\New folder\\SICK_Products\\microScan3\\images\\MICS3-CCAZ40LZ1P01.jpg"]
 -> MICS3-CCAZ40LZ1P01.xlsx
  [49/156] p418945 ...C:\Users\Admin\Desktop\New folder\SICK_Products\microScan3\MICS3-AAAZ55AZ1.xlsx
Saved: C:\Users\Admin\Desktop\New folder\SICK_Products\microScan3\images\MICS3-AAAZ55AZ1.jpg (40.4 KB, 500x500)
__RESULT__["C:\\Users\\Admin\\Desktop\\New folder\\SICK_Products\\microScan3\\images\\MICS3-AAAZ55AZ1.jpg"]
 -> MICS3-AAAZ55AZ1.xlsx
  [50/156] p606745 ...C:\Users\Admin\Desktop\New folder\SICK_Products\microScan3\MICS3-CBAZ90PZ1.xlsx
Saved: C:\Users\Admin\Desktop\New folder\SICK_Products\microScan3\images\MICS3-CBAZ90PZ1.jpg (36.7 KB, 500x500)
__RESULT__["C:\\Users\\Admin\\Desktop\\New folder\\SICK_Products\\microScan3\\images\\MICS3-CBAZ90PZ1.jpg"]
 -> MICS3-CBAZ90PZ1.xlsx
  [51/156] p608647 ...C:\Users\Admin\Desktop\New folder\SICK_Products\microScan3\MICS3-CBAZ90ZA1.xlsx
Saved: C:\Users\Admin\Desktop\New folder\SICK_Products\microScan3\images\MICS3-CBAZ90ZA1.jpg (36.7 KB, 500x500)
__RESULT__["C:\\Users\\Admin\\Desktop\\New folder\\SICK_Products\\microScan3\\images\\MICS3-CBAZ90ZA1.jpg"]
 -> MICS3-CBAZ90ZA1.xlsx
  [52/156] p606747 ...C:\Users\Admin\Desktop\New folder\SICK_Products\microScan3\MICS3-ACAZ90PZ1.xlsx
Saved: C:\Users\Admin\Desktop\New folder\SICK_Products\microScan3\images\MICS3-ACAZ90PZ1.jpg (33.9 KB, 500x500)
__RESULT__["C:\\Users\\Admin\\Desktop\\New folder\\SICK_Products\\microScan3\\images\\MICS3-ACAZ90PZ1.jpg"]
 -> MICS3-ACAZ90PZ1.xlsx
  [53/156] p574157 ...C:\Users\Admin\Desktop\New folder\SICK_Products\microScan3\MICS3-CBAZ40PZ1.xlsx
Saved: C:\Users\Admin\Desktop\New folder\SICK_Products\microScan3\images\MICS3-CBAZ40PZ1.jpg (36.7 KB, 500x500)
__RESULT__["C:\\Users\\Admin\\Desktop\\New folder\\SICK_Products\\microScan3\\images\\MICS3-CBAZ40PZ1.jpg"]
 -> MICS3-CBAZ40PZ1.xlsx
  [54/156] p651063 ...C:\Users\Admin\Desktop\New folder\SICK_Products\microScan3\MICS3-ACAZ55LZ1.xlsx
Saved: C:\Users\Admin\Desktop\New folder\SICK_Products\microScan3\images\MICS3-ACAZ55LZ1.jpg (33.9 KB, 500x500)
__RESULT__["C:\\Users\\Admin\\Desktop\\New folder\\SICK_Products\\microScan3\\images\\MICS3-ACAZ55LZ1.jpg"]
 -> MICS3-ACAZ55LZ1.xlsx
  [55/156] p651065 ...C:\Users\Admin\Desktop\New folder\SICK_Products\microScan3\MICS3-CCAZ40LZ1.xlsx
Saved: C:\Users\Admin\Desktop\New folder\SICK_Products\microScan3\images\MICS3-CCAZ40LZ1.jpg (33.9 KB, 500x500)
__RESULT__["C:\\Users\\Admin\\Desktop\\New folder\\SICK_Products\\microScan3\\images\\MICS3-CCAZ40LZ1.jpg"]
 -> MICS3-CCAZ40LZ1.xlsx
  [56/156] p665049 ...C:\Users\Admin\Desktop\New folder\SICK_Products\microScan3\MICS3-CCAZ55AA1.xlsx
Saved: C:\Users\Admin\Desktop\New folder\SICK_Products\microScan3\images\MICS3-CCAZ55AA1.jpg (32.5 KB, 500x500)
__RESULT__["C:\\Users\\Admin\\Desktop\\New folder\\SICK_Products\\microScan3\\images\\MICS3-CCAZ55AA1.jpg"]
 -> MICS3-CCAZ55AA1.xlsx
  [57/156] p682439 ...C:\Users\Admin\Desktop\New folder\SICK_Products\microScan3\MICS3-CBAC55PZ1.xlsx
Saved: C:\Users\Admin\Desktop\New folder\SICK_Products\microScan3\images\MICS3-CBAC55PZ1.jpg (36.7 KB, 500x500)
__RESULT__["C:\\Users\\Admin\\Desktop\\New folder\\SICK_Products\\microScan3\\images\\MICS3-CBAC55PZ1.jpg"]
 -> MICS3-CBAC55PZ1.xlsx
  [58/156] p609148 ...C:\Users\Admin\Desktop\New folder\SICK_Products\microScan3\MICS3-CBAZ90IZ1.xlsx
Saved: C:\Users\Admin\Desktop\New folder\SICK_Products\microScan3\images\MICS3-CBAZ90IZ1.jpg (36.7 KB, 500x500)
__RESULT__["C:\\Users\\Admin\\Desktop\\New folder\\SICK_Products\\microScan3\\images\\MICS3-CBAZ90IZ1.jpg"]
 -> MICS3-CBAZ90IZ1.xlsx
  [59/156] p651064 ...C:\Users\Admin\Desktop\New folder\SICK_Products\microScan3\MICS3-ACAZ90LZ1.xlsx
Saved: C:\Users\Admin\Desktop\New folder\SICK_Products\microScan3\images\MICS3-ACAZ90LZ1.jpg (33.9 KB, 500x500)
__RESULT__["C:\\Users\\Admin\\Desktop\\New folder\\SICK_Products\\microScan3\\images\\MICS3-ACAZ90LZ1.jpg"]
 -> MICS3-ACAZ90LZ1.xlsx
  [60/156] p680564 ...C:\Users\Admin\Desktop\New folder\SICK_Products\microScan3\MICS3-CBAC90ZA1.xlsx
Saved: C:\Users\Admin\Desktop\New folder\SICK_Products\microScan3\images\MICS3-CBAC90ZA1.jpg (36.7 KB, 500x500)
__RESULT__["C:\\Users\\Admin\\Desktop\\New folder\\SICK_Products\\microScan3\\images\\MICS3-CBAC90ZA1.jpg"]
 -> MICS3-CBAC90ZA1.xlsx
  [61/156] p529646 ...C:\Users\Admin\Desktop\New folder\SICK_Products\microScan3\MICS3-ACAZ40PZ1.xlsx
Saved: C:\Users\Admin\Desktop\New folder\SICK_Products\microScan3\images\MICS3-ACAZ40PZ1.jpg (33.9 KB, 500x500)
__RESULT__["C:\\Users\\Admin\\Desktop\\New folder\\SICK_Products\\microScan3\\images\\MICS3-ACAZ40PZ1.jpg"]
 -> MICS3-ACAZ40PZ1.xlsx
  [62/156] p608645 ...C:\Users\Admin\Desktop\New folder\SICK_Products\microScan3\MICS3-ABAZ90ZA1.xlsx
Saved: C:\Users\Admin\Desktop\New folder\SICK_Products\microScan3\images\MICS3-ABAZ90ZA1.jpg (36.7 KB, 500x500)
__RESULT__["C:\\Users\\Admin\\Desktop\\New folder\\SICK_Products\\microScan3\\images\\MICS3-ABAZ90ZA1.jpg"]
 -> MICS3-ABAZ90ZA1.xlsx
  [63/156] p680572 ...C:\Users\Admin\Desktop\New folder\SICK_Products\microScan3\MICS3-CBAC90PZ1.xlsx
Saved: C:\Users\Admin\Desktop\New folder\SICK_Products\microScan3\images\MICS3-CBAC90PZ1.jpg (36.7 KB, 500x500)
__RESULT__["C:\\Users\\Admin\\Desktop\\New folder\\SICK_Products\\microScan3\\images\\MICS3-CBAC90PZ1.jpg"]
 -> MICS3-CBAC90PZ1.xlsx
  [64/156] p660225 ...C:\Users\Admin\Desktop\New folder\SICK_Products\microScan3\MICS3-CBAZ90EN1.xlsx
Saved: C:\Users\Admin\Desktop\New folder\SICK_Products\microScan3\images\MICS3-CBAZ90EN1.jpg (37.3 KB, 500x500)
__RESULT__["C:\\Users\\Admin\\Desktop\\New folder\\SICK_Products\\microScan3\\images\\MICS3-CBAZ90EN1.jpg"]
 -> MICS3-CBAZ90EN1.xlsx
  [65/156] p589146 ...C:\Users\Admin\Desktop\New folder\SICK_Products\microScan3\MICS3-AAAZ90AZ1.xlsx
Saved: C:\Users\Admin\Desktop\New folder\SICK_Products\microScan3\images\MICS3-AAAZ90AZ1.jpg (40.4 KB, 500x500)
__RESULT__["C:\\Users\\Admin\\Desktop\\New folder\\SICK_Products\\microScan3\\images\\MICS3-AAAZ90AZ1.jpg"]
 -> MICS3-AAAZ90AZ1.xlsx
  [66/156] p497954 ...C:\Users\Admin\Desktop\New folder\SICK_Products\microScan3\MICS3-ABAZ55IZ1.xlsx
Saved: C:\Users\Admin\Desktop\New folder\SICK_Products\microScan3\images\MICS3-ABAZ55IZ1.jpg (36.7 KB, 500x500)
__RESULT__["C:\\Users\\Admin\\Desktop\\New folder\\SICK_Products\\microScan3\\images\\MICS3-ABAZ55IZ1.jpg"]
 -> MICS3-ABAZ55IZ1.xlsx
  [67/156] p651070 ...C:\Users\Admin\Desktop\New folder\SICK_Products\microScan3\MICS3-CCAZ90PZ1.xlsx
Saved: C:\Users\Admin\Desktop\New folder\SICK_Products\microScan3\images\MICS3-CCAZ90PZ1.jpg (33.9 KB, 500x500)
__RESULT__["C:\\Users\\Admin\\Desktop\\New folder\\SICK_Products\\microScan3\\images\\MICS3-CCAZ90PZ1.jpg"]
 -> MICS3-CCAZ90PZ1.xlsx
  [68/156] p651061 ...C:\Users\Admin\Desktop\New folder\SICK_Products\microScan3\MICS3-ABAZ90PZ1.xlsx
Saved: C:\Users\Admin\Desktop\New folder\SICK_Products\microScan3\images\MICS3-ABAZ90PZ1.jpg (36.7 KB, 500x500)
__RESULT__["C:\\Users\\Admin\\Desktop\\New folder\\SICK_Products\\microScan3\\images\\MICS3-ABAZ90PZ1.jpg"]
 -> MICS3-ABAZ90PZ1.xlsx
  [69/156] p575159 ...C:\Users\Admin\Desktop\New folder\SICK_Products\microScan3\MICS3-CBAZ55IZ1.xlsx
Saved: C:\Users\Admin\Desktop\New folder\SICK_Products\microScan3\images\MICS3-CBAZ55IZ1.jpg (36.7 KB, 500x500)
__RESULT__["C:\\Users\\Admin\\Desktop\\New folder\\SICK_Products\\microScan3\\images\\MICS3-CBAZ55IZ1.jpg"]
 -> MICS3-CBAZ55IZ1.xlsx
  [70/156] p682418 ...C:\Users\Admin\Desktop\New folder\SICK_Products\microScan3\MICS3-CCAC40AA1.xlsx
Saved: C:\Users\Admin\Desktop\New folder\SICK_Products\microScan3\images\MICS3-CCAC40AA1.jpg (32.5 KB, 500x500)
__RESULT__["C:\\Users\\Admin\\Desktop\\New folder\\SICK_Products\\microScan3\\images\\MICS3-CCAC40AA1.jpg"]
 -> MICS3-CCAC40AA1.xlsx
  [71/156] p678418 ...C:\Users\Admin\Desktop\New folder\SICK_Products\microScan3\MICS3-CCAZ55AN1.xlsx
Saved: C:\Users\Admin\Desktop\New folder\SICK_Products\microScan3\images\MICS3-CCAZ55AN1.jpg (32.5 KB, 500x500)
__RESULT__["C:\\Users\\Admin\\Desktop\\New folder\\SICK_Products\\microScan3\\images\\MICS3-CCAZ55AN1.jpg"]
 -> MICS3-CCAZ55AN1.xlsx
  [72/156] p660221 ...C:\Users\Admin\Desktop\New folder\SICK_Products\microScan3\MICS3-ABAZ55EN1.xlsx
Saved: C:\Users\Admin\Desktop\New folder\SICK_Products\microScan3\images\MICS3-ABAZ55EN1.jpg (37.3 KB, 500x500)
__RESULT__["C:\\Users\\Admin\\Desktop\\New folder\\SICK_Products\\microScan3\\images\\MICS3-ABAZ55EN1.jpg"]
 -> MICS3-ABAZ55EN1.xlsx
  [73/156] p651067 ...C:\Users\Admin\Desktop\New folder\SICK_Products\microScan3\MICS3-CCAZ55LZ1.xlsx
Saved: C:\Users\Admin\Desktop\New folder\SICK_Products\microScan3\images\MICS3-CCAZ55LZ1.jpg (33.9 KB, 500x500)
__RESULT__["C:\\Users\\Admin\\Desktop\\New folder\\SICK_Products\\microScan3\\images\\MICS3-CCAZ55LZ1.jpg"]
 -> MICS3-CCAZ55LZ1.xlsx
  [74/156] p651060 ...C:\Users\Admin\Desktop\New folder\SICK_Products\microScan3\MICS3-ABAZ55PZ1.xlsx
Saved: C:\Users\Admin\Desktop\New folder\SICK_Products\microScan3\images\MICS3-ABAZ55PZ1.jpg (36.7 KB, 500x500)
__RESULT__["C:\\Users\\Admin\\Desktop\\New folder\\SICK_Products\\microScan3\\images\\MICS3-ABAZ55PZ1.jpg"]
 -> MICS3-ABAZ55PZ1.xlsx
  [75/156] p418944 ...C:\Users\Admin\Desktop\New folder\SICK_Products\microScan3\MICS3-AAAZ40AZ1.xlsx
Saved: C:\Users\Admin\Desktop\New folder\SICK_Products\microScan3\images\MICS3-AAAZ40AZ1.jpg (40.4 KB, 500x500)
__RESULT__["C:\\Users\\Admin\\Desktop\\New folder\\SICK_Products\\microScan3\\images\\MICS3-AAAZ40AZ1.jpg"]
 -> MICS3-AAAZ40AZ1.xlsx
  [76/156] p587046 ...C:\Users\Admin\Desktop\New folder\SICK_Products\microScan3\MICS3-ABAZ40ZA1.xlsx
Saved: C:\Users\Admin\Desktop\New folder\SICK_Products\microScan3\images\MICS3-ABAZ40ZA1.jpg (36.7 KB, 500x500)
__RESULT__["C:\\Users\\Admin\\Desktop\\New folder\\SICK_Products\\microScan3\\images\\MICS3-ABAZ40ZA1.jpg"]
 -> MICS3-ABAZ40ZA1.xlsx
  [77/156] p682415 ...C:\Users\Admin\Desktop\New folder\SICK_Products\microScan3\MICS3-CBAC55ZA1.xlsx
Saved: C:\Users\Admin\Desktop\New folder\SICK_Products\microScan3\images\MICS3-CBAC55ZA1.jpg (36.7 KB, 500x500)
__RESULT__["C:\\Users\\Admin\\Desktop\\New folder\\SICK_Products\\microScan3\\images\\MICS3-CBAC55ZA1.jpg"]
 -> MICS3-CBAC55ZA1.xlsx
  [78/156] p651059 ...C:\Users\Admin\Desktop\New folder\SICK_Products\microScan3\MICS3-ABAZ40PZ1.xlsx
Saved: C:\Users\Admin\Desktop\New folder\SICK_Products\microScan3\images\MICS3-ABAZ40PZ1.jpg (36.7 KB, 500x500)
__RESULT__["C:\\Users\\Admin\\Desktop\\New folder\\SICK_Products\\microScan3\\images\\MICS3-ABAZ40PZ1.jpg"]
 -> MICS3-ABAZ40PZ1.xlsx
  [79/156] p665050 ...C:\Users\Admin\Desktop\New folder\SICK_Products\microScan3\MICS3-CCAZ90AA1.xlsx
Saved: C:\Users\Admin\Desktop\New folder\SICK_Products\microScan3\images\MICS3-CCAZ90AA1.jpg (32.5 KB, 500x500)
__RESULT__["C:\\Users\\Admin\\Desktop\\New folder\\SICK_Products\\microScan3\\images\\MICS3-CCAZ90AA1.jpg"]
 -> MICS3-CCAZ90AA1.xlsx
  [80/156] p682445 ...C:\Users\Admin\Desktop\New folder\SICK_Products\microScan3\MICS3-CBAC55EN1.xlsx
Saved: C:\Users\Admin\Desktop\New folder\SICK_Products\microScan3\images\MICS3-CBAC55EN1.jpg (37.3 KB, 500x500)
__RESULT__["C:\\Users\\Admin\\Desktop\\New folder\\SICK_Products\\microScan3\\images\\MICS3-CBAC55EN1.jpg"]
 -> MICS3-CBAC55EN1.xlsx
  [81/156] p660222 ...C:\Users\Admin\Desktop\New folder\SICK_Products\microScan3\MICS3-ABAZ90EN1.xlsx
Saved: C:\Users\Admin\Desktop\New folder\SICK_Products\microScan3\images\MICS3-ABAZ90EN1.jpg (37.3 KB, 500x500)
__RESULT__["C:\\Users\\Admin\\Desktop\\New folder\\SICK_Products\\microScan3\\images\\MICS3-ABAZ90EN1.jpg"]
 -> MICS3-ABAZ90EN1.xlsx
  [82/156] p660223 ...C:\Users\Admin\Desktop\New folder\SICK_Products\microScan3\MICS3-CBAZ40EN1.xlsx
Saved: C:\Users\Admin\Desktop\New folder\SICK_Products\microScan3\images\MICS3-CBAZ40EN1.jpg (37.3 KB, 500x500)
__RESULT__["C:\\Users\\Admin\\Desktop\\New folder\\SICK_Products\\microScan3\\images\\MICS3-CBAZ40EN1.jpg"]
 -> MICS3-CBAZ40EN1.xlsx
  [83/156] p678419 ...C:\Users\Admin\Desktop\New folder\SICK_Products\microScan3\MICS3-CCAZ90AN1.xlsx
Saved: C:\Users\Admin\Desktop\New folder\SICK_Products\microScan3\images\MICS3-CCAZ90AN1.jpg (32.5 KB, 500x500)
__RESULT__["C:\\Users\\Admin\\Desktop\\New folder\\SICK_Products\\microScan3\\images\\MICS3-CCAZ90AN1.jpg"]
 -> MICS3-CCAZ90AN1.xlsx
  [84/156] p680567 ...C:\Users\Admin\Desktop\New folder\SICK_Products\microScan3\MICS3-CCAC90AA1.xlsx
Saved: C:\Users\Admin\Desktop\New folder\SICK_Products\microScan3\images\MICS3-CCAC90AA1.jpg (32.5 KB, 500x500)
__RESULT__["C:\\Users\\Admin\\Desktop\\New folder\\SICK_Products\\microScan3\\images\\MICS3-CCAC90AA1.jpg"]
 -> MICS3-CCAC90AA1.xlsx
  [85/156] p665048 ...C:\Users\Admin\Desktop\New folder\SICK_Products\microScan3\MICS3-CCAZ40AA1.xlsx
Saved: C:\Users\Admin\Desktop\New folder\SICK_Products\microScan3\images\MICS3-CCAZ40AA1.jpg (32.5 KB, 500x500)
__RESULT__["C:\\Users\\Admin\\Desktop\\New folder\\SICK_Products\\microScan3\\images\\MICS3-CCAZ40AA1.jpg"]
 -> MICS3-CCAZ40AA1.xlsx
  [86/156] p651066 ...C:\Users\Admin\Desktop\New folder\SICK_Products\microScan3\MICS3-CCAZ40PZ1.xlsx
Saved: C:\Users\Admin\Desktop\New folder\SICK_Products\microScan3\images\MICS3-CCAZ40PZ1.jpg (33.9 KB, 500x500)
__RESULT__["C:\\Users\\Admin\\Desktop\\New folder\\SICK_Products\\microScan3\\images\\MICS3-CCAZ40PZ1.jpg"]
 -> MICS3-CCAZ40PZ1.xlsx
  [87/156] p551146 ...C:\Users\Admin\Desktop\New folder\SICK_Products\microScan3\MICS3-AAAZ40BZ1.xlsx
Saved: C:\Users\Admin\Desktop\New folder\SICK_Products\microScan3\images\MICS3-AAAZ40BZ1.jpg (40.4 KB, 500x500)
__RESULT__["C:\\Users\\Admin\\Desktop\\New folder\\SICK_Products\\microScan3\\images\\MICS3-AAAZ40BZ1.jpg"]
 -> MICS3-AAAZ40BZ1.xlsx
  [88/156] p586546 ...C:\Users\Admin\Desktop\New folder\SICK_Products\microScan3\MICS3-CBAZ40ZA1.xlsx
Saved: C:\Users\Admin\Desktop\New folder\SICK_Products\microScan3\images\MICS3-CBAZ40ZA1.jpg (36.7 KB, 500x500)
__RESULT__["C:\\Users\\Admin\\Desktop\\New folder\\SICK_Products\\microScan3\\images\\MICS3-CBAZ40ZA1.jpg"]
 -> MICS3-CBAZ40ZA1.xlsx
  [89/156] p682426 ...C:\Users\Admin\Desktop\New folder\SICK_Products\microScan3\MICS3-CBAC40IZ1.xlsx
Saved: C:\Users\Admin\Desktop\New folder\SICK_Products\microScan3\images\MICS3-CBAC40IZ1.jpg (36.7 KB, 500x500)
__RESULT__["C:\\Users\\Admin\\Desktop\\New folder\\SICK_Products\\microScan3\\images\\MICS3-CBAC40IZ1.jpg"]
 -> MICS3-CBAC40IZ1.xlsx
  [90/156] p660224 ...C:\Users\Admin\Desktop\New folder\SICK_Products\microScan3\MICS3-CBAZ55EN1.xlsx
Saved: C:\Users\Admin\Desktop\New folder\SICK_Products\microScan3\images\MICS3-CBAZ55EN1.jpg (37.3 KB, 500x500)
__RESULT__["C:\\Users\\Admin\\Desktop\\New folder\\SICK_Products\\microScan3\\images\\MICS3-CBAZ55EN1.jpg"]
 -> MICS3-CBAZ55EN1.xlsx
  [91/156] p682411 ...C:\Users\Admin\Desktop\New folder\SICK_Products\microScan3\MICS3-AAAC90AZ1.xlsx
Saved: C:\Users\Admin\Desktop\New folder\SICK_Products\microScan3\images\MICS3-AAAC90AZ1.jpg (40.4 KB, 500x500)
__RESULT__["C:\\Users\\Admin\\Desktop\\New folder\\SICK_Products\\microScan3\\images\\MICS3-AAAC90AZ1.jpg"]
 -> MICS3-AAAC90AZ1.xlsx
  [92/156] p682429 ...C:\Users\Admin\Desktop\New folder\SICK_Products\microScan3\MICS3-CBAC55IZ1.xlsx
Saved: C:\Users\Admin\Desktop\New folder\SICK_Products\microScan3\images\MICS3-CBAC55IZ1.jpg (36.7 KB, 500x500)
__RESULT__["C:\\Users\\Admin\\Desktop\\New folder\\SICK_Products\\microScan3\\images\\MICS3-CBAC55IZ1.jpg"]
 -> MICS3-CBAC55IZ1.xlsx
  [93/156] p682423 ...C:\Users\Admin\Desktop\New folder\SICK_Products\microScan3\MICS3-CCAC55AA1.xlsx
Saved: C:\Users\Admin\Desktop\New folder\SICK_Products\microScan3\images\MICS3-CCAC55AA1.jpg (32.5 KB, 500x500)
__RESULT__["C:\\Users\\Admin\\Desktop\\New folder\\SICK_Products\\microScan3\\images\\MICS3-CCAC55AA1.jpg"]
 -> MICS3-CCAC55AA1.xlsx
  [94/156] p574158 ...C:\Users\Admin\Desktop\New folder\SICK_Products\microScan3\MICS3-CBAZ55PZ1.xlsx
Saved: C:\Users\Admin\Desktop\New folder\SICK_Products\microScan3\images\MICS3-CBAZ55PZ1.jpg (36.7 KB, 500x500)
__RESULT__["C:\\Users\\Admin\\Desktop\\New folder\\SICK_Products\\microScan3\\images\\MICS3-CBAZ55PZ1.jpg"]
 -> MICS3-CBAZ55PZ1.xlsx
  [95/156] p529647 ...C:\Users\Admin\Desktop\New folder\SICK_Products\microScan3\MICS3-ACAZ55PZ1.xlsx
Saved: C:\Users\Admin\Desktop\New folder\SICK_Products\microScan3\images\MICS3-ACAZ55PZ1.jpg (33.9 KB, 500x500)
__RESULT__["C:\\Users\\Admin\\Desktop\\New folder\\SICK_Products\\microScan3\\images\\MICS3-ACAZ55PZ1.jpg"]
 -> MICS3-ACAZ55PZ1.xlsx
  [96/156] p587047 ...C:\Users\Admin\Desktop\New folder\SICK_Products\microScan3\MICS3-ABAZ55ZA1.xlsx
Saved: C:\Users\Admin\Desktop\New folder\SICK_Products\microScan3\images\MICS3-ABAZ55ZA1.jpg (36.7 KB, 500x500)
__RESULT__["C:\\Users\\Admin\\Desktop\\New folder\\SICK_Products\\microScan3\\images\\MICS3-ABAZ55ZA1.jpg"]
 -> MICS3-ABAZ55ZA1.xlsx
  [97/156] p609146 ...C:\Users\Admin\Desktop\New folder\SICK_Products\microScan3\MICS3-ABAZ90IZ1.xlsx
Saved: C:\Users\Admin\Desktop\New folder\SICK_Products\microScan3\images\MICS3-ABAZ90IZ1.jpg (36.7 KB, 500x500)
__RESULT__["C:\\Users\\Admin\\Desktop\\New folder\\SICK_Products\\microScan3\\images\\MICS3-ABAZ90IZ1.jpg"]
 -> MICS3-ABAZ90IZ1.xlsx
  [98/156] p589655 ...C:\Users\Admin\Desktop\New folder\SICK_Products\microScan3\MICS3-AAAZ90BZ1.xlsx
Saved: C:\Users\Admin\Desktop\New folder\SICK_Products\microScan3\images\MICS3-AAAZ90BZ1.jpg (40.4 KB, 500x500)
__RESULT__["C:\\Users\\Admin\\Desktop\\New folder\\SICK_Products\\microScan3\\images\\MICS3-AAAZ90BZ1.jpg"]
 -> MICS3-AAAZ90BZ1.xlsx
  [99/156] p651062 ...C:\Users\Admin\Desktop\New folder\SICK_Products\microScan3\MICS3-ACAZ40LZ1.xlsx
Saved: C:\Users\Admin\Desktop\New folder\SICK_Products\microScan3\images\MICS3-ACAZ40LZ1.jpg (33.9 KB, 500x500)
__RESULT__["C:\\Users\\Admin\\Desktop\\New folder\\SICK_Products\\microScan3\\images\\MICS3-ACAZ40LZ1.jpg"]
 -> MICS3-ACAZ40LZ1.xlsx
  [100/156] p551147 ...C:\Users\Admin\Desktop\New folder\SICK_Products\microScan3\MICS3-AAAZ55BZ1.xlsx
Saved: C:\Users\Admin\Desktop\New folder\SICK_Products\microScan3\images\MICS3-AAAZ55BZ1.jpg (40.4 KB, 500x500)
__RESULT__["C:\\Users\\Admin\\Desktop\\New folder\\SICK_Products\\microScan3\\images\\MICS3-AAAZ55BZ1.jpg"]
 -> MICS3-AAAZ55BZ1.xlsx
  [101/156] p651068 ...C:\Users\Admin\Desktop\New folder\SICK_Products\microScan3\MICS3-CCAZ55PZ1.xlsx
Saved: C:\Users\Admin\Desktop\New folder\SICK_Products\microScan3\images\MICS3-CCAZ55PZ1.jpg (33.9 KB, 500x500)
__RESULT__["C:\\Users\\Admin\\Desktop\\New folder\\SICK_Products\\microScan3\\images\\MICS3-CCAZ55PZ1.jpg"]
 -> MICS3-CCAZ55PZ1.xlsx
  [102/156] p678417 ...C:\Users\Admin\Desktop\New folder\SICK_Products\microScan3\MICS3-CCAZ40AN1.xlsx
Saved: C:\Users\Admin\Desktop\New folder\SICK_Products\microScan3\images\MICS3-CCAZ40AN1.jpg (32.5 KB, 500x500)
__RESULT__["C:\\Users\\Admin\\Desktop\\New folder\\SICK_Products\\microScan3\\images\\MICS3-CCAZ40AN1.jpg"]
 -> MICS3-CCAZ40AN1.xlsx
  [103/156] p660220 ...C:\Users\Admin\Desktop\New folder\SICK_Products\microScan3\MICS3-ABAZ40EN1.xlsx
Saved: C:\Users\Admin\Desktop\New folder\SICK_Products\microScan3\images\MICS3-ABAZ40EN1.jpg (37.3 KB, 500x500)
__RESULT__["C:\\Users\\Admin\\Desktop\\New folder\\SICK_Products\\microScan3\\images\\MICS3-ABAZ40EN1.jpg"]
 -> MICS3-ABAZ40EN1.xlsx
  [104/156] p682432 ...C:\Users\Admin\Desktop\New folder\SICK_Products\microScan3\MICS3-CBAC40PZ1.xlsx
Saved: C:\Users\Admin\Desktop\New folder\SICK_Products\microScan3\images\MICS3-CBAC40PZ1.jpg (36.7 KB, 500x500)
__RESULT__["C:\\Users\\Admin\\Desktop\\New folder\\SICK_Products\\microScan3\\images\\MICS3-CBAC40PZ1.jpg"]
 -> MICS3-CBAC40PZ1.xlsx
  [105/156] p586547 ...C:\Users\Admin\Desktop\New folder\SICK_Products\microScan3\MICS3-CBAZ55ZA1.xlsx
Saved: C:\Users\Admin\Desktop\New folder\SICK_Products\microScan3\images\MICS3-CBAZ55ZA1.jpg (36.7 KB, 500x500)
__RESULT__["C:\\Users\\Admin\\Desktop\\New folder\\SICK_Products\\microScan3\\images\\MICS3-CBAZ55ZA1.jpg"]
 -> MICS3-CBAZ55ZA1.xlsx
  [106/156] p497953 ...C:\Users\Admin\Desktop\New folder\SICK_Products\microScan3\MICS3-ABAZ40IZ1.xlsx
Saved: C:\Users\Admin\Desktop\New folder\SICK_Products\microScan3\images\MICS3-ABAZ40IZ1.jpg (36.7 KB, 500x500)
__RESULT__["C:\\Users\\Admin\\Desktop\\New folder\\SICK_Products\\microScan3\\images\\MICS3-ABAZ40IZ1.jpg"]
 -> MICS3-ABAZ40IZ1.xlsx
  [107/156] p682442 ...C:\Users\Admin\Desktop\New folder\SICK_Products\microScan3\MICS3-CBAC40EN1.xlsx
Saved: C:\Users\Admin\Desktop\New folder\SICK_Products\microScan3\images\MICS3-CBAC40EN1.jpg (37.3 KB, 500x500)
__RESULT__["C:\\Users\\Admin\\Desktop\\New folder\\SICK_Products\\microScan3\\images\\MICS3-CBAC40EN1.jpg"]
 -> MICS3-CBAC40EN1.xlsx
  [108/156] p680575 ...C:\Users\Admin\Desktop\New folder\SICK_Products\microScan3\MICS3-CBAC90EN1.xlsx
Saved: C:\Users\Admin\Desktop\New folder\SICK_Products\microScan3\images\MICS3-CBAC90EN1.jpg (37.3 KB, 500x500)
__RESULT__["C:\\Users\\Admin\\Desktop\\New folder\\SICK_Products\\microScan3\\images\\MICS3-CBAC90EN1.jpg"]
 -> MICS3-CBAC90EN1.xlsx
  [109/156] p682414 ...C:\Users\Admin\Desktop\New folder\SICK_Products\microScan3\MICS3-CBAC40ZA1.xlsx
Saved: C:\Users\Admin\Desktop\New folder\SICK_Products\microScan3\images\MICS3-CBAC40ZA1.jpg (36.7 KB, 500x500)
__RESULT__["C:\\Users\\Admin\\Desktop\\New folder\\SICK_Products\\microScan3\\images\\MICS3-CBAC40ZA1.jpg"]
 -> MICS3-CBAC40ZA1.xlsx
  [110/156] p575158 ...C:\Users\Admin\Desktop\New folder\SICK_Products\microScan3\MICS3-CBAZ40IZ1.xlsx
Saved: C:\Users\Admin\Desktop\New folder\SICK_Products\microScan3\images\MICS3-CBAZ40IZ1.jpg (36.7 KB, 500x500)
__RESULT__["C:\\Users\\Admin\\Desktop\\New folder\\SICK_Products\\microScan3\\images\\MICS3-CBAZ40IZ1.jpg"]
 -> MICS3-CBAZ40IZ1.xlsx
  [111/156] p680569 ...C:\Users\Admin\Desktop\New folder\SICK_Products\microScan3\MICS3-CBAC90IZ1.xlsx
Saved: C:\Users\Admin\Desktop\New folder\SICK_Products\microScan3\images\MICS3-CBAC90IZ1.jpg (36.7 KB, 500x500)
__RESULT__["C:\\Users\\Admin\\Desktop\\New folder\\SICK_Products\\microScan3\\images\\MICS3-CBAC90IZ1.jpg"]
 -> MICS3-CBAC90IZ1.xlsx
  [112/156] p651069 ...C:\Users\Admin\Desktop\New folder\SICK_Products\microScan3\MICS3-CCAZ90LZ1.xlsx
Saved: C:\Users\Admin\Desktop\New folder\SICK_Products\microScan3\images\MICS3-CCAZ90LZ1.jpg (33.9 KB, 500x500)
__RESULT__["C:\\Users\\Admin\\Desktop\\New folder\\SICK_Products\\microScan3\\images\\MICS3-CCAZ90LZ1.jpg"]
 -> MICS3-CCAZ90LZ1.xlsx
  [113/156] p682434 ...C:\Users\Admin\Desktop\New folder\SICK_Products\microScan3\MICS3-CBAC40PZ1P03.xlsx
Saved: C:\Users\Admin\Desktop\New folder\SICK_Products\microScan3\images\MICS3-CBAC40PZ1P03.jpg (37.7 KB, 500x500)
__RESULT__["C:\\Users\\Admin\\Desktop\\New folder\\SICK_Products\\microScan3\\images\\MICS3-CBAC40PZ1P03.jpg"]
 -> MICS3-CBAC40PZ1P03.xlsx
  [114/156] p682427 ...C:\Users\Admin\Desktop\New folder\SICK_Products\microScan3\MICS3-CBAC40IZ1P01.xlsx
Saved: C:\Users\Admin\Desktop\New folder\SICK_Products\microScan3\images\MICS3-CBAC40IZ1P01.jpg (37.7 KB, 500x500)
__RESULT__["C:\\Users\\Admin\\Desktop\\New folder\\SICK_Products\\microScan3\\images\\MICS3-CBAC40IZ1P01.jpg"]
 -> MICS3-CBAC40IZ1P01.xlsx
  [115/156] p653541 ...C:\Users\Admin\Desktop\New folder\SICK_Products\microScan3\MICS3-ACAZ90PZ1P03.xlsx
Saved: C:\Users\Admin\Desktop\New folder\SICK_Products\microScan3\images\MICS3-ACAZ90PZ1P03.jpg (36.1 KB, 500x500)
__RESULT__["C:\\Users\\Admin\\Desktop\\New folder\\SICK_Products\\microScan3\\images\\MICS3-ACAZ90PZ1P03.jpg"]
 -> MICS3-ACAZ90PZ1P03.xlsx
  [116/156] p682446 ...C:\Users\Admin\Desktop\New folder\SICK_Products\microScan3\MICS3-CBAC55EN1P01.xlsx
Saved: C:\Users\Admin\Desktop\New folder\SICK_Products\microScan3\images\MICS3-CBAC55EN1P01.jpg (38.0 KB, 500x500)
__RESULT__["C:\\Users\\Admin\\Desktop\\New folder\\SICK_Products\\microScan3\\images\\MICS3-CBAC55EN1P01.jpg"]
 -> MICS3-CBAC55EN1P01.xlsx
  [117/156] p682413 ...C:\Users\Admin\Desktop\New folder\SICK_Products\microScan3\MICS3-CBAC40ZA1P03.xlsx
Saved: C:\Users\Admin\Desktop\New folder\SICK_Products\microScan3\images\MICS3-CBAC40ZA1P03.jpg (37.7 KB, 500x500)
__RESULT__["C:\\Users\\Admin\\Desktop\\New folder\\SICK_Products\\microScan3\\images\\MICS3-CBAC40ZA1P03.jpg"]
 -> MICS3-CBAC40ZA1P03.xlsx
  [118/156] p682425 ...C:\Users\Admin\Desktop\New folder\SICK_Products\microScan3\MICS3-CCAC55AA1P03.xlsx
Saved: C:\Users\Admin\Desktop\New folder\SICK_Products\microScan3\images\MICS3-CCAC55AA1P03.jpg (33.1 KB, 500x500)
__RESULT__["C:\\Users\\Admin\\Desktop\\New folder\\SICK_Products\\microScan3\\images\\MICS3-CCAC55AA1P03.jpg"]
 -> MICS3-CCAC55AA1P03.xlsx
  [119/156] p653538 ...C:\Users\Admin\Desktop\New folder\SICK_Products\microScan3\MICS3-CBAZ55PZ1P03.xlsx
Saved: C:\Users\Admin\Desktop\New folder\SICK_Products\microScan3\images\MICS3-CBAZ55PZ1P03.jpg (37.7 KB, 500x500)
__RESULT__["C:\\Users\\Admin\\Desktop\\New folder\\SICK_Products\\microScan3\\images\\MICS3-CBAZ55PZ1P03.jpg"]
 -> MICS3-CBAZ55PZ1P03.xlsx
  [120/156] p680573 ...C:\Users\Admin\Desktop\New folder\SICK_Products\microScan3\MICS3-CBAC90PZ1P01.xlsx
Saved: C:\Users\Admin\Desktop\New folder\SICK_Products\microScan3\images\MICS3-CBAC90PZ1P01.jpg (37.7 KB, 500x500)
__RESULT__["C:\\Users\\Admin\\Desktop\\New folder\\SICK_Products\\microScan3\\images\\MICS3-CBAC90PZ1P01.jpg"]
 -> MICS3-CBAC90PZ1P01.xlsx
  [121/156] p682433 ...C:\Users\Admin\Desktop\New folder\SICK_Products\microScan3\MICS3-CBAC40PZ1P01.xlsx
Saved: C:\Users\Admin\Desktop\New folder\SICK_Products\microScan3\images\MICS3-CBAC40PZ1P01.jpg (37.7 KB, 500x500)
__RESULT__["C:\\Users\\Admin\\Desktop\\New folder\\SICK_Products\\microScan3\\images\\MICS3-CBAC40PZ1P01.jpg"]
 -> MICS3-CBAC40PZ1P01.xlsx
  [122/156] p682424 ...C:\Users\Admin\Desktop\New folder\SICK_Products\microScan3\MICS3-CCAC55AA1P01.xlsx
Saved: C:\Users\Admin\Desktop\New folder\SICK_Products\microScan3\images\MICS3-CCAC55AA1P01.jpg (33.1 KB, 500x500)
__RESULT__["C:\\Users\\Admin\\Desktop\\New folder\\SICK_Products\\microScan3\\images\\MICS3-CCAC55AA1P01.jpg"]
 -> MICS3-CCAC55AA1P01.xlsx
  [123/156] p680566 ...C:\Users\Admin\Desktop\New folder\SICK_Products\microScan3\MICS3-CBAC90ZA1P03.xlsx
Saved: C:\Users\Admin\Desktop\New folder\SICK_Products\microScan3\images\MICS3-CBAC90ZA1P03.jpg (37.7 KB, 500x500)
__RESULT__["C:\\Users\\Admin\\Desktop\\New folder\\SICK_Products\\microScan3\\images\\MICS3-CBAC90ZA1P03.jpg"]
 -> MICS3-CBAC90ZA1P03.xlsx
  [124/156] p653540 ...C:\Users\Admin\Desktop\New folder\SICK_Products\microScan3\MICS3-ACAZ55PZ1P03.xlsx
Saved: C:\Users\Admin\Desktop\New folder\SICK_Products\microScan3\images\MICS3-ACAZ55PZ1P03.jpg (36.1 KB, 500x500)
__RESULT__["C:\\Users\\Admin\\Desktop\\New folder\\SICK_Products\\microScan3\\images\\MICS3-ACAZ55PZ1P03.jpg"]
 -> MICS3-ACAZ55PZ1P03.xlsx
  [125/156] p680574 ...C:\Users\Admin\Desktop\New folder\SICK_Products\microScan3\MICS3-CBAC90PZ1P03.xlsx
Saved: C:\Users\Admin\Desktop\New folder\SICK_Products\microScan3\images\MICS3-CBAC90PZ1P03.jpg (37.7 KB, 500x500)
__RESULT__["C:\\Users\\Admin\\Desktop\\New folder\\SICK_Products\\microScan3\\images\\MICS3-CBAC90PZ1P03.jpg"]
 -> MICS3-CBAC90PZ1P03.xlsx
  [126/156] p682419 ...C:\Users\Admin\Desktop\New folder\SICK_Products\microScan3\MICS3-CCAC40AA1P01.xlsx
Saved: C:\Users\Admin\Desktop\New folder\SICK_Products\microScan3\images\MICS3-CCAC40AA1P01.jpg (33.1 KB, 500x500)
__RESULT__["C:\\Users\\Admin\\Desktop\\New folder\\SICK_Products\\microScan3\\images\\MICS3-CCAC40AA1P01.jpg"]
 -> MICS3-CCAC40AA1P01.xlsx
  [127/156] p682410 ...C:\Users\Admin\Desktop\New folder\SICK_Products\microScan3\MICS3-AAAC90AZ1P01.xlsx
Saved: C:\Users\Admin\Desktop\New folder\SICK_Products\microScan3\images\MICS3-AAAC90AZ1P01.jpg (43.3 KB, 500x500)
__RESULT__["C:\\Users\\Admin\\Desktop\\New folder\\SICK_Products\\microScan3\\images\\MICS3-AAAC90AZ1P01.jpg"]
 -> MICS3-AAAC90AZ1P01.xlsx
  [128/156] p682412 ...C:\Users\Admin\Desktop\New folder\SICK_Products\microScan3\MICS3-CBAC40ZA1P01.xlsx
Saved: C:\Users\Admin\Desktop\New folder\SICK_Products\microScan3\images\MICS3-CBAC40ZA1P01.jpg (37.7 KB, 500x500)
__RESULT__["C:\\Users\\Admin\\Desktop\\New folder\\SICK_Products\\microScan3\\images\\MICS3-CBAC40ZA1P01.jpg"]
 -> MICS3-CBAC40ZA1P01.xlsx
  [129/156] p653536 ...C:\Users\Admin\Desktop\New folder\SICK_Products\microScan3\MICS3-ABAZ90ZA1P03.xlsx
Saved: C:\Users\Admin\Desktop\New folder\SICK_Products\microScan3\images\MICS3-ABAZ90ZA1P03.jpg (37.7 KB, 500x500)
__RESULT__["C:\\Users\\Admin\\Desktop\\New folder\\SICK_Products\\microScan3\\images\\MICS3-ABAZ90ZA1P03.jpg"]
 -> MICS3-ABAZ90ZA1P03.xlsx
  [130/156] p680576 ...C:\Users\Admin\Desktop\New folder\SICK_Products\microScan3\MICS3-CBAC90EN1P01.xlsx
Saved: C:\Users\Admin\Desktop\New folder\SICK_Products\microScan3\images\MICS3-CBAC90EN1P01.jpg (38.0 KB, 500x500)
__RESULT__["C:\\Users\\Admin\\Desktop\\New folder\\SICK_Products\\microScan3\\images\\MICS3-CBAC90EN1P01.jpg"]
 -> MICS3-CBAC90EN1P01.xlsx
  [131/156] p653534 ...C:\Users\Admin\Desktop\New folder\SICK_Products\microScan3\MICS3-ABAZ40ZA1P03.xlsx
Saved: C:\Users\Admin\Desktop\New folder\SICK_Products\microScan3\images\MICS3-ABAZ40ZA1P03.jpg (37.7 KB, 500x500)
__RESULT__["C:\\Users\\Admin\\Desktop\\New folder\\SICK_Products\\microScan3\\images\\MICS3-ABAZ40ZA1P03.jpg"]
 -> MICS3-ABAZ40ZA1P03.xlsx
  [132/156] p682416 ...C:\Users\Admin\Desktop\New folder\SICK_Products\microScan3\MICS3-CBAC55ZA1P01.xlsx
Saved: C:\Users\Admin\Desktop\New folder\SICK_Products\microScan3\images\MICS3-CBAC55ZA1P01.jpg (37.7 KB, 500x500)
__RESULT__["C:\\Users\\Admin\\Desktop\\New folder\\SICK_Products\\microScan3\\images\\MICS3-CBAC55ZA1P01.jpg"]
 -> MICS3-CBAC55ZA1P01.xlsx
  [133/156] p682430 ...C:\Users\Admin\Desktop\New folder\SICK_Products\microScan3\MICS3-CBAC55IZ1P01.xlsx
Saved: C:\Users\Admin\Desktop\New folder\SICK_Products\microScan3\images\MICS3-CBAC55IZ1P01.jpg (37.7 KB, 500x500)
__RESULT__["C:\\Users\\Admin\\Desktop\\New folder\\SICK_Products\\microScan3\\images\\MICS3-CBAC55IZ1P01.jpg"]
 -> MICS3-CBAC55IZ1P01.xlsx
  [134/156] p653537 ...C:\Users\Admin\Desktop\New folder\SICK_Products\microScan3\MICS3-CBAZ90ZA1P03.xlsx
Saved: C:\Users\Admin\Desktop\New folder\SICK_Products\microScan3\images\MICS3-CBAZ90ZA1P03.jpg (37.7 KB, 500x500)
__RESULT__["C:\\Users\\Admin\\Desktop\\New folder\\SICK_Products\\microScan3\\images\\MICS3-CBAZ90ZA1P03.jpg"]
 -> MICS3-CBAZ90ZA1P03.xlsx
  [135/156] p682420 ...C:\Users\Admin\Desktop\New folder\SICK_Products\microScan3\MICS3-CCAC40AA1P03.xlsx
Saved: C:\Users\Admin\Desktop\New folder\SICK_Products\microScan3\images\MICS3-CCAC40AA1P03.jpg (33.1 KB, 500x500)
__RESULT__["C:\\Users\\Admin\\Desktop\\New folder\\SICK_Products\\microScan3\\images\\MICS3-CCAC40AA1P03.jpg"]
 -> MICS3-CCAC40AA1P03.xlsx
  [136/156] p653535 ...C:\Users\Admin\Desktop\New folder\SICK_Products\microScan3\MICS3-CBAZ55ZA1P03.xlsx
Saved: C:\Users\Admin\Desktop\New folder\SICK_Products\microScan3\images\MICS3-CBAZ55ZA1P03.jpg (37.7 KB, 500x500)
__RESULT__["C:\\Users\\Admin\\Desktop\\New folder\\SICK_Products\\microScan3\\images\\MICS3-CBAZ55ZA1P03.jpg"]
 -> MICS3-CBAZ55ZA1P03.xlsx
  [137/156] p680568 ...C:\Users\Admin\Desktop\New folder\SICK_Products\microScan3\MICS3-CCAC90AA1P01.xlsx
Saved: C:\Users\Admin\Desktop\New folder\SICK_Products\microScan3\images\MICS3-CCAC90AA1P01.jpg (33.1 KB, 500x500)
__RESULT__["C:\\Users\\Admin\\Desktop\\New folder\\SICK_Products\\microScan3\\images\\MICS3-CCAC90AA1P01.jpg"]
 -> MICS3-CCAC90AA1P01.xlsx
  [138/156] p681426 ...C:\Users\Admin\Desktop\New folder\SICK_Products\microScan3\MICS3-CCAZ90AA1P03.xlsx
Saved: C:\Users\Admin\Desktop\New folder\SICK_Products\microScan3\images\MICS3-CCAZ90AA1P03.jpg (33.1 KB, 500x500)
__RESULT__["C:\\Users\\Admin\\Desktop\\New folder\\SICK_Products\\microScan3\\images\\MICS3-CCAZ90AA1P03.jpg"]
 -> MICS3-CCAZ90AA1P03.xlsx
  [139/156] p682447 ...C:\Users\Admin\Desktop\New folder\SICK_Products\microScan3\MICS3-CBAC55EN1P03.xlsx
Saved: C:\Users\Admin\Desktop\New folder\SICK_Products\microScan3\images\MICS3-CBAC55EN1P03.jpg (38.0 KB, 500x500)
__RESULT__["C:\\Users\\Admin\\Desktop\\New folder\\SICK_Products\\microScan3\\images\\MICS3-CBAC55EN1P03.jpg"]
 -> MICS3-CBAC55EN1P03.xlsx
  [140/156] p682428 ...C:\Users\Admin\Desktop\New folder\SICK_Products\microScan3\MICS3-CBAC40IZ1P03.xlsx
Saved: C:\Users\Admin\Desktop\New folder\SICK_Products\microScan3\images\MICS3-CBAC40IZ1P03.jpg (37.7 KB, 500x500)
__RESULT__["C:\\Users\\Admin\\Desktop\\New folder\\SICK_Products\\microScan3\\images\\MICS3-CBAC40IZ1P03.jpg"]
 -> MICS3-CBAC40IZ1P03.xlsx
  [141/156] p682417 ...C:\Users\Admin\Desktop\New folder\SICK_Products\microScan3\MICS3-CBAC55ZA1P03.xlsx
Saved: C:\Users\Admin\Desktop\New folder\SICK_Products\microScan3\images\MICS3-CBAC55ZA1P03.jpg (37.7 KB, 500x500)
__RESULT__["C:\\Users\\Admin\\Desktop\\New folder\\SICK_Products\\microScan3\\images\\MICS3-CBAC55ZA1P03.jpg"]
 -> MICS3-CBAC55ZA1P03.xlsx
  [142/156] p680570 ...C:\Users\Admin\Desktop\New folder\SICK_Products\microScan3\MICS3-CBAC90IZ1P01.xlsx
Saved: C:\Users\Admin\Desktop\New folder\SICK_Products\microScan3\images\MICS3-CBAC90IZ1P01.jpg (37.7 KB, 500x500)
__RESULT__["C:\\Users\\Admin\\Desktop\\New folder\\SICK_Products\\microScan3\\images\\MICS3-CBAC90IZ1P01.jpg"]
 -> MICS3-CBAC90IZ1P01.xlsx
  [143/156] p680571 ...C:\Users\Admin\Desktop\New folder\SICK_Products\microScan3\MICS3-CBAC90IZ1P03.xlsx
Saved: C:\Users\Admin\Desktop\New folder\SICK_Products\microScan3\images\MICS3-CBAC90IZ1P03.jpg (37.7 KB, 500x500)
__RESULT__["C:\\Users\\Admin\\Desktop\\New folder\\SICK_Products\\microScan3\\images\\MICS3-CBAC90IZ1P03.jpg"]
 -> MICS3-CBAC90IZ1P03.xlsx
  [144/156] p682444 ...C:\Users\Admin\Desktop\New folder\SICK_Products\microScan3\MICS3-CBAC40EN1P03.xlsx
Saved: C:\Users\Admin\Desktop\New folder\SICK_Products\microScan3\images\MICS3-CBAC40EN1P03.jpg (38.0 KB, 500x500)
__RESULT__["C:\\Users\\Admin\\Desktop\\New folder\\SICK_Products\\microScan3\\images\\MICS3-CBAC40EN1P03.jpg"]
 -> MICS3-CBAC40EN1P03.xlsx
  [145/156] p680565 ...C:\Users\Admin\Desktop\New folder\SICK_Products\microScan3\MICS3-CBAC90ZA1P01.xlsx
Saved: C:\Users\Admin\Desktop\New folder\SICK_Products\microScan3\images\MICS3-CBAC90ZA1P01.jpg (37.7 KB, 500x500)
__RESULT__["C:\\Users\\Admin\\Desktop\\New folder\\SICK_Products\\microScan3\\images\\MICS3-CBAC90ZA1P01.jpg"]
 -> MICS3-CBAC90ZA1P01.xlsx
  [146/156] p653533 ...C:\Users\Admin\Desktop\New folder\SICK_Products\microScan3\MICS3-CBAZ90IZ1P03.xlsx
Saved: C:\Users\Admin\Desktop\New folder\SICK_Products\microScan3\images\MICS3-CBAZ90IZ1P03.jpg (37.7 KB, 500x500)
__RESULT__["C:\\Users\\Admin\\Desktop\\New folder\\SICK_Products\\microScan3\\images\\MICS3-CBAZ90IZ1P03.jpg"]
 -> MICS3-CBAZ90IZ1P03.xlsx
  [147/156] p682431 ...C:\Users\Admin\Desktop\New folder\SICK_Products\microScan3\MICS3-CBAC55IZ1P03.xlsx
Saved: C:\Users\Admin\Desktop\New folder\SICK_Products\microScan3\images\MICS3-CBAC55IZ1P03.jpg (37.7 KB, 500x500)
__RESULT__["C:\\Users\\Admin\\Desktop\\New folder\\SICK_Products\\microScan3\\images\\MICS3-CBAC55IZ1P03.jpg"]
 -> MICS3-CBAC55IZ1P03.xlsx
  [148/156] p682440 ...C:\Users\Admin\Desktop\New folder\SICK_Products\microScan3\MICS3-CBAC55PZ1P01.xlsx
Saved: C:\Users\Admin\Desktop\New folder\SICK_Products\microScan3\images\MICS3-CBAC55PZ1P01.jpg (37.7 KB, 500x500)
__RESULT__["C:\\Users\\Admin\\Desktop\\New folder\\SICK_Products\\microScan3\\images\\MICS3-CBAC55PZ1P01.jpg"]
 -> MICS3-CBAC55PZ1P01.xlsx
  [149/156] p680963 ...C:\Users\Admin\Desktop\New folder\SICK_Products\microScan3\MICS3-CCAZ55AA1P03.xlsx
Saved: C:\Users\Admin\Desktop\New folder\SICK_Products\microScan3\images\MICS3-CCAZ55AA1P03.jpg (33.1 KB, 500x500)
__RESULT__["C:\\Users\\Admin\\Desktop\\New folder\\SICK_Products\\microScan3\\images\\MICS3-CCAZ55AA1P03.jpg"]
 -> MICS3-CCAZ55AA1P03.xlsx
  [150/156] p653539 ...C:\Users\Admin\Desktop\New folder\SICK_Products\microScan3\MICS3-CBAZ90PZ1P03.xlsx
Saved: C:\Users\Admin\Desktop\New folder\SICK_Products\microScan3\images\MICS3-CBAZ90PZ1P03.jpg (37.7 KB, 500x500)
__RESULT__["C:\\Users\\Admin\\Desktop\\New folder\\SICK_Products\\microScan3\\images\\MICS3-CBAZ90PZ1P03.jpg"]
 -> MICS3-CBAZ90PZ1P03.xlsx
  [151/156] p681427 ...C:\Users\Admin\Desktop\New folder\SICK_Products\microScan3\MICS3-CCAZ90AN1P03.xlsx
Saved: C:\Users\Admin\Desktop\New folder\SICK_Products\microScan3\images\MICS3-CCAZ90AN1P03.jpg (33.1 KB, 500x500)
__RESULT__["C:\\Users\\Admin\\Desktop\\New folder\\SICK_Products\\microScan3\\images\\MICS3-CCAZ90AN1P03.jpg"]
 -> MICS3-CCAZ90AN1P03.xlsx
  [152/156] p681429 ...C:\Users\Admin\Desktop\New folder\SICK_Products\microScan3\MICS3-CBAC90EN1P03.xlsx
Saved: C:\Users\Admin\Desktop\New folder\SICK_Products\microScan3\images\MICS3-CBAC90EN1P03.jpg (38.0 KB, 500x500)
__RESULT__["C:\\Users\\Admin\\Desktop\\New folder\\SICK_Products\\microScan3\\images\\MICS3-CBAC90EN1P03.jpg"]
 -> MICS3-CBAC90EN1P03.xlsx
  [153/156] p681428 ...C:\Users\Admin\Desktop\New folder\SICK_Products\microScan3\MICS3-CCAC90AA1P03.xlsx
Saved: C:\Users\Admin\Desktop\New folder\SICK_Products\microScan3\images\MICS3-CCAC90AA1P03.jpg (33.1 KB, 500x500)
__RESULT__["C:\\Users\\Admin\\Desktop\\New folder\\SICK_Products\\microScan3\\images\\MICS3-CCAC90AA1P03.jpg"]
 -> MICS3-CCAC90AA1P03.xlsx
  [154/156] p682443 ...C:\Users\Admin\Desktop\New folder\SICK_Products\microScan3\MICS3-CBAC40EN1P01.xlsx
Saved: C:\Users\Admin\Desktop\New folder\SICK_Products\microScan3\images\MICS3-CBAC40EN1P01.jpg (38.0 KB, 500x500)
__RESULT__["C:\\Users\\Admin\\Desktop\\New folder\\SICK_Products\\microScan3\\images\\MICS3-CBAC40EN1P01.jpg"]
 -> MICS3-CBAC40EN1P01.xlsx
  [155/156] p653532 ...C:\Users\Admin\Desktop\New folder\SICK_Products\microScan3\MICS3-CBAZ40IZ1P03.xlsx
Saved: C:\Users\Admin\Desktop\New folder\SICK_Products\microScan3\images\MICS3-CBAZ40IZ1P03.jpg (37.7 KB, 500x500)
__RESULT__["C:\\Users\\Admin\\Desktop\\New folder\\SICK_Products\\microScan3\\images\\MICS3-CBAZ40IZ1P03.jpg"]
 -> MICS3-CBAZ40IZ1P03.xlsx
  [156/156] p682441 ...C:\Users\Admin\Desktop\New folder\SICK_Products\microScan3\MICS3-CBAC55PZ1P03.xlsx
Saved: C:\Users\Admin\Desktop\New folder\SICK_Products\microScan3\images\MICS3-CBAC55PZ1P03.jpg (37.7 KB, 500x500)
__RESULT__["C:\\Users\\Admin\\Desktop\\New folder\\SICK_Products\\microScan3\\images\\MICS3-CBAC55PZ1P03.jpg"]
 -> MICS3-CBAC55PZ1P03.xlsx
  => Ket qua: 156 OK, 0 loi, 0 skip / 156 tong

============================================================
[48/643] Dong: TiM-S (expected: 3 SP)
Family: TiM-S | Code: g502253 | Method: FROM_CHECKLIST
============================================================
  Dang lay danh sach san pham tu category g502253...
  Tim thay 3 san pham.
  [1/3] p563066 ...C:\Users\Admin\Desktop\New folder\SICK_Products\TiM-S\TIM361S-2134101.xlsx
Saved: C:\Users\Admin\Desktop\New folder\SICK_Products\TiM-S\images\TIM361S-2134101.jpg (34.1 KB, 500x500)
__RESULT__["C:\\Users\\Admin\\Desktop\\New folder\\SICK_Products\\TiM-S\\images\\TIM361S-2134101.jpg"]
 -> TIM361S-2134101.xlsx
  [2/3] p594149 ...C:\Users\Admin\Desktop\New folder\SICK_Products\TiM-S\TIM781S-2174104.xlsx
Saved: C:\Users\Admin\Desktop\New folder\SICK_Products\TiM-S\images\TIM781S-2174104.jpg (34.1 KB, 500x500)
__RESULT__["C:\\Users\\Admin\\Desktop\\New folder\\SICK_Products\\TiM-S\\images\\TIM781S-2174104.jpg"]
 -> TIM781S-2174104.xlsx
  [3/3] p660929 ...C:\Users\Admin\Desktop\New folder\SICK_Products\TiM-S\TIM771S-2174104.xlsx
Saved: C:\Users\Admin\Desktop\New folder\SICK_Products\TiM-S\images\TIM771S-2174104.jpg (34.1 KB, 500x500)
__RESULT__["C:\\Users\\Admin\\Desktop\\New folder\\SICK_Products\\TiM-S\\images\\TIM771S-2174104.jpg"]
 -> TIM771S-2174104.xlsx
  => Ket qua: 3 OK, 0 loi, 0 skip / 3 tong

============================================================
[49/643] Dong: outdoorScan3 (expected: 12 SP)
Family: outdoorScan3 | Code: g503552 | Method: FROM_CHECKLIST
============================================================
  Dang lay danh sach san pham tu category g503552...
  CategoryCode=6, FamilyCode=12, Parent(rec)=12, UNION=12
  Tim thay 12 san pham.
  [1/12] p672137 ...C:\Users\Admin\Desktop\New folder\SICK_Products\outdoorScan3\airWiper_Kit_outdoorScan3_Core_I_O.xlsx
Saved: C:\Users\Admin\Desktop\New folder\SICK_Products\outdoorScan3\images\airWiper_Kit_outdoorScan3_Core_I_O.jpg (43.8 KB, 500x500)
__RESULT__["C:\\Users\\Admin\\Desktop\\New folder\\SICK_Products\\outdoorScan3\\images\\airWiper_Kit_outdoorScan3_Core_I_O.jpg"]
 -> airWiper_Kit_outdoorScan3_Core_I_O.xlsx
  [2/12] p672170 ...C:\Users\Admin\Desktop\New folder\SICK_Products\outdoorScan3\airWiper_Kit_outdoorScan3_Pro_EtherNet_IP_.xlsx
Saved: C:\Users\Admin\Desktop\New folder\SICK_Products\outdoorScan3\images\airWiper_Kit_outdoorScan3_Pro_EtherNet_IP.jpg (40.5 KB, 500x500)
__RESULT__["C:\\Users\\Admin\\Desktop\\New folder\\SICK_Products\\outdoorScan3\\images\\airWiper_Kit_outdoorScan3_Pro_EtherNet_IP.jpg"]
 -> airWiper_Kit_outdoorScan3_Pro_EtherNet_IP_.xlsx
  [3/12] p673388 ...C:\Users\Admin\Desktop\New folder\SICK_Products\outdoorScan3\MICS3-CBUZ40PZ1P01.xlsx
Saved: C:\Users\Admin\Desktop\New folder\SICK_Products\outdoorScan3\images\MICS3-CBUZ40PZ1P01.jpg (39.8 KB, 500x500)
__RESULT__["C:\\Users\\Admin\\Desktop\\New folder\\SICK_Products\\outdoorScan3\\images\\MICS3-CBUZ40PZ1P01.jpg"]
 -> MICS3-CBUZ40PZ1P01.xlsx
  [4/12] p603544 ...C:\Users\Admin\Desktop\New folder\SICK_Products\outdoorScan3\MICS3-AAUZ40AZ1P01.xlsx
Saved: C:\Users\Admin\Desktop\New folder\SICK_Products\outdoorScan3\images\MICS3-AAUZ40AZ1P01.jpg (43.9 KB, 500x500)
__RESULT__["C:\\Users\\Admin\\Desktop\\New folder\\SICK_Products\\outdoorScan3\\images\\MICS3-AAUZ40AZ1P01.jpg"]
 -> MICS3-AAUZ40AZ1P01.xlsx
  [5/12] p617046 ...C:\Users\Admin\Desktop\New folder\SICK_Products\outdoorScan3\MICS3-CBUZ40IZ1P01.xlsx
Saved: C:\Users\Admin\Desktop\New folder\SICK_Products\outdoorScan3\images\MICS3-CBUZ40IZ1P01.jpg (39.8 KB, 500x500)
__RESULT__["C:\\Users\\Admin\\Desktop\\New folder\\SICK_Products\\outdoorScan3\\images\\MICS3-CBUZ40IZ1P01.jpg"]
 -> MICS3-CBUZ40IZ1P01.xlsx
  [6/12] p673514 ...C:\Users\Admin\Desktop\New folder\SICK_Products\outdoorScan3\airWiper_Kit_outdoorScan3_Pro_PROFINET.xlsx
Saved: C:\Users\Admin\Desktop\New folder\SICK_Products\outdoorScan3\images\airWiper_Kit_outdoorScan3_Pro_PROFINET.jpg (40.5 KB, 500x500)
__RESULT__["C:\\Users\\Admin\\Desktop\\New folder\\SICK_Products\\outdoorScan3\\images\\airWiper_Kit_outdoorScan3_Pro_PROFINET.jpg"]
 -> airWiper_Kit_outdoorScan3_Pro_PROFINET.xlsx
  [7/12] p672500 ...C:\Users\Admin\Desktop\New folder\SICK_Products\outdoorScan3\airWiper_Kit_outdoorScan3_Core_I_O.xlsx
Saved: C:\Users\Admin\Desktop\New folder\SICK_Products\outdoorScan3\images\airWiper_Kit_outdoorScan3_Core_I_O.jpg (43.7 KB, 500x500)
__RESULT__["C:\\Users\\Admin\\Desktop\\New folder\\SICK_Products\\outdoorScan3\\images\\airWiper_Kit_outdoorScan3_Core_I_O.jpg"]
 -> airWiper_Kit_outdoorScan3_Core_I_O.xlsx
  [8/12] p673515 ...C:\Users\Admin\Desktop\New folder\SICK_Products\outdoorScan3\airWiper_Kit_outdoorScan3_Pro_PROFINET.xlsx
Saved: C:\Users\Admin\Desktop\New folder\SICK_Products\outdoorScan3\images\airWiper_Kit_outdoorScan3_Pro_PROFINET.jpg (40.5 KB, 500x500)
__RESULT__["C:\\Users\\Admin\\Desktop\\New folder\\SICK_Products\\outdoorScan3\\images\\airWiper_Kit_outdoorScan3_Pro_PROFINET.jpg"]
 -> airWiper_Kit_outdoorScan3_Pro_PROFINET.xlsx
  [9/12] p673389 ...C:\Users\Admin\Desktop\New folder\SICK_Products\outdoorScan3\MICS3-CBUZ40PZ1.xlsx
Saved: C:\Users\Admin\Desktop\New folder\SICK_Products\outdoorScan3\images\MICS3-CBUZ40PZ1.jpg (39.3 KB, 500x500)
__RESULT__["C:\\Users\\Admin\\Desktop\\New folder\\SICK_Products\\outdoorScan3\\images\\MICS3-CBUZ40PZ1.jpg"]
 -> MICS3-CBUZ40PZ1.xlsx
  [10/12] p672498 ...C:\Users\Admin\Desktop\New folder\SICK_Products\outdoorScan3\airWiper_Kit_outdoorScan3_Pro_EtherNet_IP_.xlsx
Saved: C:\Users\Admin\Desktop\New folder\SICK_Products\outdoorScan3\images\airWiper_Kit_outdoorScan3_Pro_EtherNet_IP.jpg (40.5 KB, 500x500)
__RESULT__["C:\\Users\\Admin\\Desktop\\New folder\\SICK_Products\\outdoorScan3\\images\\airWiper_Kit_outdoorScan3_Pro_EtherNet_IP.jpg"]
 -> airWiper_Kit_outdoorScan3_Pro_EtherNet_IP_.xlsx
  [11/12] p603845 ...C:\Users\Admin\Desktop\New folder\SICK_Products\outdoorScan3\MICS3-AAUZ40AZ1.xlsx
Saved: C:\Users\Admin\Desktop\New folder\SICK_Products\outdoorScan3\images\MICS3-AAUZ40AZ1.jpg (42.1 KB, 500x500)
__RESULT__["C:\\Users\\Admin\\Desktop\\New folder\\SICK_Products\\outdoorScan3\\images\\MICS3-AAUZ40AZ1.jpg"]
 -> MICS3-AAUZ40AZ1.xlsx
  [12/12] p617047 ...C:\Users\Admin\Desktop\New folder\SICK_Products\outdoorScan3\MICS3-CBUZ40IZ1.xlsx
Saved: C:\Users\Admin\Desktop\New folder\SICK_Products\outdoorScan3\images\MICS3-CBUZ40IZ1.jpg (39.3 KB, 500x500)
__RESULT__["C:\\Users\\Admin\\Desktop\\New folder\\SICK_Products\\outdoorScan3\\images\\MICS3-CBUZ40IZ1.jpg"]
 -> MICS3-CBUZ40IZ1.xlsx
  => Ket qua: 12 OK, 0 loi, 0 skip / 12 tong

============================================================
[50/643] Dong: S300 (expected: 8 SP)
Family: S300 | Code: g187227 | Method: FROM_CHECKLIST
============================================================
  Dang lay danh sach san pham tu category g187227...
  CategoryCode=8, FamilyCode=9, Parent(rec)=8, UNION=9
  Tim thay 9 san pham.
  [1/9] p295851 ...C:\Users\Admin\Desktop\New folder\SICK_Products\S300\S30B-3011CA.xlsx
Saved: C:\Users\Admin\Desktop\New folder\SICK_Products\S300\images\S30B-3011CA.jpg (38.2 KB, 500x500)
__RESULT__["C:\\Users\\Admin\\Desktop\\New folder\\SICK_Products\\S300\\images\\S30B-3011CA.jpg"]
 -> S30B-3011CA.xlsx
  [2/9] p295853 ...C:\Users\Admin\Desktop\New folder\SICK_Products\S300\S30B-3011BA.xlsx
Saved: C:\Users\Admin\Desktop\New folder\SICK_Products\S300\images\S30B-3011BA.jpg (38.2 KB, 500x500)
__RESULT__["C:\\Users\\Admin\\Desktop\\New folder\\SICK_Products\\S300\\images\\S30B-3011BA.jpg"]
 -> S30B-3011BA.xlsx
  [3/9] p295846 ...C:\Users\Admin\Desktop\New folder\SICK_Products\S300\S30B-3011GB.xlsx
Saved: C:\Users\Admin\Desktop\New folder\SICK_Products\S300\images\S30B-3011GB.jpg (38.2 KB, 500x500)
__RESULT__["C:\\Users\\Admin\\Desktop\\New folder\\SICK_Products\\S300\\images\\S30B-3011GB.jpg"]
 -> S30B-3011GB.xlsx
  [4/9] p53844 ...C:\Users\Admin\Desktop\New folder\SICK_Products\S300\S30B-2011CA.xlsx
Saved: C:\Users\Admin\Desktop\New folder\SICK_Products\S300\images\S30B-2011CA.jpg (38.2 KB, 500x500)
__RESULT__["C:\\Users\\Admin\\Desktop\\New folder\\SICK_Products\\S300\\images\\S30B-2011CA.jpg"]
 -> S30B-2011CA.xlsx
  [5/9] p295849 ...C:\Users\Admin\Desktop\New folder\SICK_Products\S300\S30B-3011DA.xlsx
Saved: C:\Users\Admin\Desktop\New folder\SICK_Products\S300\images\S30B-3011DA.jpg (38.2 KB, 500x500)
__RESULT__["C:\\Users\\Admin\\Desktop\\New folder\\SICK_Products\\S300\\images\\S30B-3011DA.jpg"]
 -> S30B-3011DA.xlsx
  [6/9] p53845 ...C:\Users\Admin\Desktop\New folder\SICK_Products\S300\S30B-2011BA.xlsx
Saved: C:\Users\Admin\Desktop\New folder\SICK_Products\S300\images\S30B-2011BA.jpg (38.2 KB, 500x500)
__RESULT__["C:\\Users\\Admin\\Desktop\\New folder\\SICK_Products\\S300\\images\\S30B-2011BA.jpg"]
 -> S30B-2011BA.xlsx
  [7/9] p53843 ...C:\Users\Admin\Desktop\New folder\SICK_Products\S300\S30B-2011DA.xlsx
Saved: C:\Users\Admin\Desktop\New folder\SICK_Products\S300\images\S30B-2011DA.jpg (38.2 KB, 500x500)
__RESULT__["C:\\Users\\Admin\\Desktop\\New folder\\SICK_Products\\S300\\images\\S30B-2011DA.jpg"]
 -> S30B-2011DA.xlsx
  [8/9] p295845 ...C:\Users\Admin\Desktop\New folder\SICK_Products\S300\S30B-2011GB.xlsx
Saved: C:\Users\Admin\Desktop\New folder\SICK_Products\S300\images\S30B-2011GB.jpg (38.2 KB, 500x500)
__RESULT__["C:\\Users\\Admin\\Desktop\\New folder\\SICK_Products\\S300\\images\\S30B-2011GB.jpg"]
 -> S30B-2011GB.xlsx
  [9/9] p89141 ...C:\Users\Admin\Desktop\New folder\SICK_Products\S300\S30B-2011GA.xlsx
Saved: C:\Users\Admin\Desktop\New folder\SICK_Products\S300\images\S30B-2011GA.jpg (38.2 KB, 500x500)
__RESULT__["C:\\Users\\Admin\\Desktop\\New folder\\SICK_Products\\S300\\images\\S30B-2011GA.jpg"]
 -> S30B-2011GA.xlsx
  => Ket qua: 9 OK, 0 loi, 0 skip / 9 tong

============================================================
[51/643] Dong: S300 Mini (expected: 5 SP)
Family: S300 Mini | Code: g187243 | Method: FROM_CHECKLIST
============================================================
  Dang lay danh sach san pham tu category g187243...
  Tim thay 5 san pham.
  [1/5] p254140 ...C:\Users\Admin\Desktop\New folder\SICK_Products\S300_Mini\S32B-2011BA.xlsx
Saved: C:\Users\Admin\Desktop\New folder\SICK_Products\S300_Mini\images\S32B-2011BA.jpg (42.3 KB, 500x500)
__RESULT__["C:\\Users\\Admin\\Desktop\\New folder\\SICK_Products\\S300_Mini\\images\\S32B-2011BA.jpg"]
 -> S32B-2011BA.xlsx
  [2/5] p295745 ...C:\Users\Admin\Desktop\New folder\SICK_Products\S300_Mini\S32B-3011EA.xlsx
Saved: C:\Users\Admin\Desktop\New folder\SICK_Products\S300_Mini\images\S32B-3011EA.jpg (42.3 KB, 500x500)
__RESULT__["C:\\Users\\Admin\\Desktop\\New folder\\SICK_Products\\S300_Mini\\images\\S32B-3011EA.jpg"]
 -> S32B-3011EA.xlsx
  [3/5] p295744 ...C:\Users\Admin\Desktop\New folder\SICK_Products\S300_Mini\S32B-3011BA.xlsx
Saved: C:\Users\Admin\Desktop\New folder\SICK_Products\S300_Mini\images\S32B-3011BA.jpg (42.3 KB, 500x500)
__RESULT__["C:\\Users\\Admin\\Desktop\\New folder\\SICK_Products\\S300_Mini\\images\\S32B-3011BA.jpg"]
 -> S32B-3011BA.xlsx
  [4/5] p254141 ...C:\Users\Admin\Desktop\New folder\SICK_Products\S300_Mini\S32B-2011EA.xlsx
Saved: C:\Users\Admin\Desktop\New folder\SICK_Products\S300_Mini\images\S32B-2011EA.jpg (42.3 KB, 500x500)
__RESULT__["C:\\Users\\Admin\\Desktop\\New folder\\SICK_Products\\S300_Mini\\images\\S32B-2011EA.jpg"]
 -> S32B-2011EA.xlsx
  [5/5] p362185 ...C:\Users\Admin\Desktop\New folder\SICK_Products\S300_Mini\S32B-0011BA.xlsx
Saved: C:\Users\Admin\Desktop\New folder\SICK_Products\S300_Mini\images\S32B-0011BA.jpg (42.3 KB, 500x500)
__RESULT__["C:\\Users\\Admin\\Desktop\\New folder\\SICK_Products\\S300_Mini\\images\\S32B-0011BA.jpg"]
 -> S32B-0011BA.xlsx
  => Ket qua: 5 OK, 0 loi, 0 skip / 5 tong

============================================================
[52/643] Dong: safeRS3 (expected: 7 SP)
Family: safeRS3 | Code: g546518 | Method: FROM_CHECKLIST
============================================================
  Dang lay danh sach san pham tu category g546518...
  CategoryCode=7, FamilyCode=8, Parent(rec)=7, UNION=8
  Tim thay 8 san pham.
  [1/8] p688427 ...C:\Users\Admin\Desktop\New folder\SICK_Products\safeRS3\SRA3-AAC100ZIUI.xlsx
Saved: C:\Users\Admin\Desktop\New folder\SICK_Products\safeRS3\images\SRA3-AAC100ZIUI.jpg (51.7 KB, 500x500)
__RESULT__["C:\\Users\\Admin\\Desktop\\New folder\\SICK_Products\\safeRS3\\images\\SRA3-AAC100ZIUI.jpg"]
 -> SRA3-AAC100ZIUI.xlsx
  [2/8] p671980 ...C:\Users\Admin\Desktop\New folder\SICK_Products\safeRS3\SRA3-AAC100ZANI.xlsx
Saved: C:\Users\Admin\Desktop\New folder\SICK_Products\safeRS3\images\SRA3-AAC100ZANI.jpg (49.2 KB, 500x500)
__RESULT__["C:\\Users\\Admin\\Desktop\\New folder\\SICK_Products\\safeRS3\\images\\SRA3-AAC100ZANI.jpg"]
 -> SRA3-AAC100ZANI.xlsx
  [3/8] p680663 ...C:\Users\Admin\Desktop\New folder\SICK_Products\safeRS3\SRA3-AAC100ZEUI.xlsx
Saved: C:\Users\Admin\Desktop\New folder\SICK_Products\safeRS3\images\SRA3-AAC100ZEUI.jpg (51.7 KB, 500x500)
__RESULT__["C:\\Users\\Admin\\Desktop\\New folder\\SICK_Products\\safeRS3\\images\\SRA3-AAC100ZEUI.jpg"]
 -> SRA3-AAC100ZEUI.xlsx
  [4/8] p671981 ...C:\Users\Admin\Desktop\New folder\SICK_Products\safeRS3\SRA3-AAC100ZPUI.xlsx
Saved: C:\Users\Admin\Desktop\New folder\SICK_Products\safeRS3\images\SRA3-AAC100ZPUI.jpg (51.7 KB, 500x500)
__RESULT__["C:\\Users\\Admin\\Desktop\\New folder\\SICK_Products\\safeRS3\\images\\SRA3-AAC100ZPUI.jpg"]
 -> SRA3-AAC100ZPUI.xlsx
  [5/8] p688426 ...C:\Users\Admin\Desktop\New folder\SICK_Products\safeRS3\SRA3-AAR190CKZI.xlsx
Saved: C:\Users\Admin\Desktop\New folder\SICK_Products\safeRS3\images\SRA3-AAR190CKZI.jpg (34.0 KB, 500x500)
__RESULT__["C:\\Users\\Admin\\Desktop\\New folder\\SICK_Products\\safeRS3\\images\\SRA3-AAR190CKZI.jpg"]
 -> SRA3-AAR190CKZI.xlsx
  [6/8] p674155 ...C:\Users\Admin\Desktop\New folder\SICK_Products\safeRS3\SRA3-AAR190BKZI.xlsx
Saved: C:\Users\Admin\Desktop\New folder\SICK_Products\safeRS3\images\SRA3-AAR190BKZI.jpg (33.7 KB, 500x500)
__RESULT__["C:\\Users\\Admin\\Desktop\\New folder\\SICK_Products\\safeRS3\\images\\SRA3-AAR190BKZI.jpg"]
 -> SRA3-AAR190BKZI.xlsx
  [7/8] p671977 ...C:\Users\Admin\Desktop\New folder\SICK_Products\safeRS3\SRA3-AAR150BKZI.xlsx
Saved: C:\Users\Admin\Desktop\New folder\SICK_Products\safeRS3\images\SRA3-AAR150BKZI.jpg (33.7 KB, 500x500)
__RESULT__["C:\\Users\\Admin\\Desktop\\New folder\\SICK_Products\\safeRS3\\images\\SRA3-AAR150BKZI.jpg"]
 -> SRA3-AAR150BKZI.xlsx
  [8/8] p655281 ...C:\Users\Admin\Desktop\New folder\SICK_Products\safeRS3\SRA2-AAC140AANI.xlsx
Saved: C:\Users\Admin\Desktop\New folder\SICK_Products\safeRS3\images\SRA2-AAC140AANI.jpg (52.2 KB, 500x500)
__RESULT__["C:\\Users\\Admin\\Desktop\\New folder\\SICK_Products\\safeRS3\\images\\SRA2-AAC140AANI.jpg"]
 -> SRA2-AAC140AANI.xlsx
  => Ket qua: 8 OK, 0 loi, 0 skip / 8 tong

============================================================
[53/643] Dong: Flexi Loop (expected: 11 SP)
Family: Flexi Loop | Code: g298952 | Method: FROM_CHECKLIST
============================================================
  Dang lay danh sach san pham tu category g298952...
  Tim thay 11 san pham.
  [1/11] p362092 ...C:\Users\Admin\Desktop\New folder\SICK_Products\Flexi_Loop\FLA-YCON00001.xlsx
Saved: C:\Users\Admin\Desktop\New folder\SICK_Products\Flexi_Loop\images\FLA-YCON00001.jpg (45.0 KB, 500x500)
__RESULT__["C:\\Users\\Admin\\Desktop\\New folder\\SICK_Products\\Flexi_Loop\\images\\FLA-YCON00001.jpg"]
 -> FLA-YCON00001.xlsx
  [2/11] p342544 ...C:\Users\Admin\Desktop\New folder\SICK_Products\Flexi_Loop\FLN-OSSD1000105.xlsx
Saved: C:\Users\Admin\Desktop\New folder\SICK_Products\Flexi_Loop\images\FLN-OSSD1000105.jpg (41.3 KB, 500x500)
__RESULT__["C:\\Users\\Admin\\Desktop\\New folder\\SICK_Products\\Flexi_Loop\\images\\FLN-OSSD1000105.jpg"]
 -> FLN-OSSD1000105.xlsx
  [3/11] p362093 ...C:\Users\Admin\Desktop\New folder\SICK_Products\Flexi_Loop\FLA-YCON00002.xlsx
Saved: C:\Users\Admin\Desktop\New folder\SICK_Products\Flexi_Loop\images\FLA-YCON00002.jpg (45.0 KB, 500x500)
__RESULT__["C:\\Users\\Admin\\Desktop\\New folder\\SICK_Products\\Flexi_Loop\\images\\FLA-YCON00002.jpg"]
 -> FLA-YCON00002.xlsx
  [4/11] p346064 ...C:\Users\Admin\Desktop\New folder\SICK_Products\Flexi_Loop\FLT-TERM00001.xlsx
Saved: C:\Users\Admin\Desktop\New folder\SICK_Products\Flexi_Loop\images\FLT-TERM00001.jpg (25.6 KB, 500x500)
__RESULT__["C:\\Users\\Admin\\Desktop\\New folder\\SICK_Products\\Flexi_Loop\\images\\FLT-TERM00001.jpg"]
 -> FLT-TERM00001.xlsx
  [5/11] p346063 ...C:\Users\Admin\Desktop\New folder\SICK_Products\Flexi_Loop\FLA-PWRI00001.xlsx
Saved: C:\Users\Admin\Desktop\New folder\SICK_Products\Flexi_Loop\images\FLA-PWRI00001.jpg (40.0 KB, 500x500)
__RESULT__["C:\\Users\\Admin\\Desktop\\New folder\\SICK_Products\\Flexi_Loop\\images\\FLA-PWRI00001.jpg"]
 -> FLA-PWRI00001.xlsx
  [6/11] p342547 ...C:\Users\Admin\Desktop\New folder\SICK_Products\Flexi_Loop\FLN-EMSS1100108.xlsx
Saved: C:\Users\Admin\Desktop\New folder\SICK_Products\Flexi_Loop\images\FLN-EMSS1100108.jpg (42.0 KB, 500x500)
__RESULT__["C:\\Users\\Admin\\Desktop\\New folder\\SICK_Products\\Flexi_Loop\\images\\FLN-EMSS1100108.jpg"]
 -> FLN-EMSS1100108.xlsx
  [7/11] p373244 ...C:\Users\Admin\Desktop\New folder\SICK_Products\Flexi_Loop\FLA-MSTR00001.xlsx
Saved: C:\Users\Admin\Desktop\New folder\SICK_Products\Flexi_Loop\images\FLA-MSTR00001.jpg (46.3 KB, 500x500)
__RESULT__["C:\\Users\\Admin\\Desktop\\New folder\\SICK_Products\\Flexi_Loop\\images\\FLA-MSTR00001.jpg"]
 -> FLA-MSTR00001.xlsx
  [8/11] p402844 ...C:\Users\Admin\Desktop\New folder\SICK_Products\Flexi_Loop\FLA-DIAG00001.xlsx
Saved: C:\Users\Admin\Desktop\New folder\SICK_Products\Flexi_Loop\images\FLA-DIAG00001.jpg (46.4 KB, 500x500)
__RESULT__["C:\\Users\\Admin\\Desktop\\New folder\\SICK_Products\\Flexi_Loop\\images\\FLA-DIAG00001.jpg"]
 -> FLA-DIAG00001.xlsx
  [9/11] p342546 ...C:\Users\Admin\Desktop\New folder\SICK_Products\Flexi_Loop\FLN-EMSS0000105.xlsx
Saved: C:\Users\Admin\Desktop\New folder\SICK_Products\Flexi_Loop\images\FLN-EMSS0000105.jpg (40.8 KB, 500x500)
__RESULT__["C:\\Users\\Admin\\Desktop\\New folder\\SICK_Products\\Flexi_Loop\\images\\FLN-EMSS0000105.jpg"]
 -> FLN-EMSS0000105.xlsx
  [10/11] p373245 ...C:\Users\Admin\Desktop\New folder\SICK_Products\Flexi_Loop\FLA-MSTR00002.xlsx
Saved: C:\Users\Admin\Desktop\New folder\SICK_Products\Flexi_Loop\images\FLA-MSTR00002.jpg (48.8 KB, 500x500)
__RESULT__["C:\\Users\\Admin\\Desktop\\New folder\\SICK_Products\\Flexi_Loop\\images\\FLA-MSTR00002.jpg"]
 -> FLA-MSTR00002.xlsx
  [11/11] p342545 ...C:\Users\Admin\Desktop\New folder\SICK_Products\Flexi_Loop\FLN-OSSD1100108.xlsx
Saved: C:\Users\Admin\Desktop\New folder\SICK_Products\Flexi_Loop\images\FLN-OSSD1100108.jpg (42.7 KB, 500x500)
__RESULT__["C:\\Users\\Admin\\Desktop\\New folder\\SICK_Products\\Flexi_Loop\\images\\FLN-OSSD1100108.jpg"]
 -> FLN-OSSD1100108.xlsx
  => Ket qua: 11 OK, 0 loi, 0 skip / 11 tong

============================================================
[54/643] Dong: ReLy (expected: 10 SP)
Family: ReLy | Code: g441754 | Method: FROM_CHECKLIST
============================================================
  Dang lay danh sach san pham tu category g441754...
  Tim thay 10 san pham.
  [1/10] p538945 ...C:\Users\Admin\Desktop\New folder\SICK_Products\ReLy\RLY3-EMSS100.xlsx
Saved: C:\Users\Admin\Desktop\New folder\SICK_Products\ReLy\images\RLY3-EMSS100.jpg (25.2 KB, 500x500)
__RESULT__["C:\\Users\\Admin\\Desktop\\New folder\\SICK_Products\\ReLy\\images\\RLY3-EMSS100.jpg"]
 -> RLY3-EMSS100.xlsx
  [2/10] p515345 ...C:\Users\Admin\Desktop\New folder\SICK_Products\ReLy\RLY3-OSSD200.xlsx
Saved: C:\Users\Admin\Desktop\New folder\SICK_Products\ReLy\images\RLY3-OSSD200.jpg (25.2 KB, 500x500)
__RESULT__["C:\\Users\\Admin\\Desktop\\New folder\\SICK_Products\\ReLy\\images\\RLY3-OSSD200.jpg"]
 -> RLY3-OSSD200.xlsx
  [3/10] p538944 ...C:\Users\Admin\Desktop\New folder\SICK_Products\ReLy\RLY3-OSSD100.xlsx
Saved: C:\Users\Admin\Desktop\New folder\SICK_Products\ReLy\images\RLY3-OSSD100.jpg (25.4 KB, 500x500)
__RESULT__["C:\\Users\\Admin\\Desktop\\New folder\\SICK_Products\\ReLy\\images\\RLY3-OSSD100.jpg"]
 -> RLY3-OSSD100.xlsx
  [4/10] p655672 ...C:\Users\Admin\Desktop\New folder\SICK_Products\ReLy\RLY3-EMSS300.xlsx
Saved: C:\Users\Admin\Desktop\New folder\SICK_Products\ReLy\images\RLY3-EMSS300.jpg (26.2 KB, 500x500)
__RESULT__["C:\\Users\\Admin\\Desktop\\New folder\\SICK_Products\\ReLy\\images\\RLY3-EMSS300.jpg"]
 -> RLY3-EMSS300.xlsx
  [5/10] p655586 ...C:\Users\Admin\Desktop\New folder\SICK_Products\ReLy\RLY3-TIME100.xlsx
Saved: C:\Users\Admin\Desktop\New folder\SICK_Products\ReLy\images\RLY3-TIME100.jpg (26.3 KB, 500x500)
__RESULT__["C:\\Users\\Admin\\Desktop\\New folder\\SICK_Products\\ReLy\\images\\RLY3-TIME100.jpg"]
 -> RLY3-TIME100.xlsx
  [6/10] p655585 ...C:\Users\Admin\Desktop\New folder\SICK_Products\ReLy\RLY3-OSSD400.xlsx
Saved: C:\Users\Admin\Desktop\New folder\SICK_Products\ReLy\images\RLY3-OSSD400.jpg (28.1 KB, 500x500)
__RESULT__["C:\\Users\\Admin\\Desktop\\New folder\\SICK_Products\\ReLy\\images\\RLY3-OSSD400.jpg"]
 -> RLY3-OSSD400.xlsx
  [7/10] p655584 ...C:\Users\Admin\Desktop\New folder\SICK_Products\ReLy\RLY3-OSSD300.xlsx
Saved: C:\Users\Admin\Desktop\New folder\SICK_Products\ReLy\images\RLY3-OSSD300.jpg (26.5 KB, 500x500)
__RESULT__["C:\\Users\\Admin\\Desktop\\New folder\\SICK_Products\\ReLy\\images\\RLY3-OSSD300.jpg"]
 -> RLY3-OSSD300.xlsx
  [8/10] p666012 ...C:\Users\Admin\Desktop\New folder\SICK_Products\ReLy\RLY3-MULT100.xlsx
Saved: C:\Users\Admin\Desktop\New folder\SICK_Products\ReLy\images\RLY3-MULT100.jpg (27.5 KB, 500x500)
__RESULT__["C:\\Users\\Admin\\Desktop\\New folder\\SICK_Products\\ReLy\\images\\RLY3-MULT100.jpg"]
 -> RLY3-MULT100.xlsx
  [9/10] p538946 ...C:\Users\Admin\Desktop\New folder\SICK_Products\ReLy\RLY3-HAND100.xlsx
Saved: C:\Users\Admin\Desktop\New folder\SICK_Products\ReLy\images\RLY3-HAND100.jpg (25.2 KB, 500x500)
__RESULT__["C:\\Users\\Admin\\Desktop\\New folder\\SICK_Products\\ReLy\\images\\RLY3-HAND100.jpg"]
 -> RLY3-HAND100.xlsx
  [10/10] p666013 ...C:\Users\Admin\Desktop\New folder\SICK_Products\ReLy\RLY3-LOOP100.xlsx
Saved: C:\Users\Admin\Desktop\New folder\SICK_Products\ReLy\images\RLY3-LOOP100.jpg (27.4 KB, 500x500)
__RESULT__["C:\\Users\\Admin\\Desktop\\New folder\\SICK_Products\\ReLy\\images\\RLY3-LOOP100.jpg"]
 -> RLY3-LOOP100.xlsx
  => Ket qua: 10 OK, 0 loi, 0 skip / 10 tong

============================================================
[55/643] Dong: scanGrid2 (expected: 2 SP)
Family: scanGrid2 | Code: g555619 | Method: FROM_CHECKLIST
============================================================
  Dang lay danh sach san pham tu category g555619...
  Tim thay 2 san pham.
  [1/2] p660953 ...C:\Users\Admin\Desktop\New folder\SICK_Products\scanGrid2\SG2-AAA00011IA0000.xlsx
Saved: C:\Users\Admin\Desktop\New folder\SICK_Products\scanGrid2\images\SG2-AAA00011IA0000.jpg (26.6 KB, 500x500)
__RESULT__["C:\\Users\\Admin\\Desktop\\New folder\\SICK_Products\\scanGrid2\\images\\SG2-AAA00011IA0000.jpg"]
 -> SG2-AAA00011IA0000.xlsx
  [2/2] p662594 ...C:\Users\Admin\Desktop\New folder\SICK_Products\scanGrid2\SG2-AAA00011CB0000.xlsx
Saved: C:\Users\Admin\Desktop\New folder\SICK_Products\scanGrid2\images\SG2-AAA00011CB0000.jpg (26.7 KB, 500x500)
__RESULT__["C:\\Users\\Admin\\Desktop\\New folder\\SICK_Products\\scanGrid2\\images\\SG2-AAA00011CB0000.jpg"]
 -> SG2-AAA00011CB0000.xlsx
  => Ket qua: 2 OK, 0 loi, 0 skip / 2 tong

============================================================
[56/643] Dong: TTK70-S (expected: 2 SP)
Family: TTK70-S | Code: g605863 | Method: FROM_CHECKLIST
============================================================
  Dang lay danh sach san pham tu category g605863...
  Tim thay 2 san pham.
  [1/2] p624833 ...C:\Users\Admin\Desktop\New folder\SICK_Products\TTK70-S\TTK70S-HXJ0-K02.xlsx
Saved: C:\Users\Admin\Desktop\New folder\SICK_Products\TTK70-S\images\TTK70S-HXJ0-K02.jpg (28.9 KB, 500x500)
__RESULT__["C:\\Users\\Admin\\Desktop\\New folder\\SICK_Products\\TTK70-S\\images\\TTK70S-HXJ0-K02.jpg"]
 -> TTK70S-HXJ0-K02.xlsx
  [2/2] p624832 ...C:\Users\Admin\Desktop\New folder\SICK_Products\TTK70-S\TTK70S-HXA0-K02.xlsx
Saved: C:\Users\Admin\Desktop\New folder\SICK_Products\TTK70-S\images\TTK70S-HXA0-K02.jpg (21.1 KB, 500x500)
__RESULT__["C:\\Users\\Admin\\Desktop\\New folder\\SICK_Products\\TTK70-S\\images\\TTK70S-HXA0-K02.jpg"]
 -> TTK70S-HXA0-K02.xlsx
  => Ket qua: 2 OK, 0 loi, 0 skip / 2 tong

============================================================
[57/643] Dong: STL70-S (expected: 1 SP)
Family: STL70-S | Code: g605861 | Method: FROM_CHECKLIST
============================================================
  Dang lay danh sach san pham tu category g605861...
  Tim thay 1 san pham.
  [1/1] p676396 ...C:\Users\Admin\Desktop\New folder\SICK_Products\STL70-S\STL70-2HA8.xlsx
Saved: C:\Users\Admin\Desktop\New folder\SICK_Products\STL70-S\images\STL70-2HA8.jpg (23.3 KB, 500x500)
__RESULT__["C:\\Users\\Admin\\Desktop\\New folder\\SICK_Products\\STL70-S\\images\\STL70-2HA8.jpg"]
 -> STL70-2HA8.xlsx
  => Ket qua: 1 OK, 0 loi, 0 skip / 1 tong

============================================================
[58/643] Dong: TTK50-S (expected: 2 SP)
Family: TTK50-S | Code: g605862 | Method: FROM_CHECKLIST
============================================================
  Dang lay danh sach san pham tu category g605862...
  Tim thay 2 san pham.
  [1/2] p624835 ...C:\Users\Admin\Desktop\New folder\SICK_Products\TTK50-S\TTK50S-HXJ0-K02.xlsx
Saved: C:\Users\Admin\Desktop\New folder\SICK_Products\TTK50-S\images\TTK50S-HXJ0-K02.jpg (25.8 KB, 500x500)
__RESULT__["C:\\Users\\Admin\\Desktop\\New folder\\SICK_Products\\TTK50-S\\images\\TTK50S-HXJ0-K02.jpg"]
 -> TTK50S-HXJ0-K02.xlsx
  [2/2] p624837 ...C:\Users\Admin\Desktop\New folder\SICK_Products\TTK50-S\TTK50S-HXQ0-K02.xlsx
Saved: C:\Users\Admin\Desktop\New folder\SICK_Products\TTK50-S\images\TTK50S-HXQ0-K02.jpg (25.8 KB, 500x500)
__RESULT__["C:\\Users\\Admin\\Desktop\\New folder\\SICK_Products\\TTK50-S\\images\\TTK50S-HXQ0-K02.jpg"]
 -> TTK50S-HXQ0-K02.xlsx
  => Ket qua: 2 OK, 0 loi, 0 skip / 2 tong

============================================================
[59/643] Dong: EKS/EKM36-S (expected: 14 SP)
Family: EKS/EKM36-S | Code: g605856 | Method: FROM_CHECKLIST
============================================================
  Dang lay danh sach san pham tu category g605856...
  CategoryCode=14, FamilyCode=30, Parent(rec)=14, UNION=30
  Tim thay 30 san pham.
  [1/30] p456050 ...C:\Users\Admin\Desktop\New folder\SICK_Products\EKS_EKM36-S\EKS36-2KF0A0S13.xlsx
Saved: C:\Users\Admin\Desktop\New folder\SICK_Products\EKS_EKM36-S\images\EKS36-2KF0A0S13.jpg (53.0 KB, 500x500)
__RESULT__["C:\\Users\\Admin\\Desktop\\New folder\\SICK_Products\\EKS_EKM36-S\\images\\EKS36-2KF0A0S13.jpg"]
 -> EKS36-2KF0A0S13.xlsx
  [2/30] p508644 ...C:\Users\Admin\Desktop\New folder\SICK_Products\EKS_EKM36-S\EKM36-2KF0B0S03.xlsx
Saved: C:\Users\Admin\Desktop\New folder\SICK_Products\EKS_EKM36-S\images\EKM36-2KF0B0S03.jpg (51.8 KB, 500x500)
__RESULT__["C:\\Users\\Admin\\Desktop\\New folder\\SICK_Products\\EKS_EKM36-S\\images\\EKM36-2KF0B0S03.jpg"]
 -> EKM36-2KF0B0S03.xlsx
  [3/30] p477946 ...C:\Users\Admin\Desktop\New folder\SICK_Products\EKS_EKM36-S\EKS36-2KF0B020A.xlsx
Saved: C:\Users\Admin\Desktop\New folder\SICK_Products\EKS_EKM36-S\images\EKS36-2KF0B020A.jpg (53.0 KB, 500x500)
__RESULT__["C:\\Users\\Admin\\Desktop\\New folder\\SICK_Products\\EKS_EKM36-S\\images\\EKS36-2KF0B020A.jpg"]
 -> EKS36-2KF0B020A.xlsx
  [4/30] p477949 ...C:\Users\Admin\Desktop\New folder\SICK_Products\EKS_EKM36-S\EKM36-2KF0B018A.xlsx
Saved: C:\Users\Admin\Desktop\New folder\SICK_Products\EKS_EKM36-S\images\EKM36-2KF0B018A.jpg (54.9 KB, 500x500)
__RESULT__["C:\\Users\\Admin\\Desktop\\New folder\\SICK_Products\\EKS_EKM36-S\\images\\EKM36-2KF0B018A.jpg"]
 -> EKM36-2KF0B018A.xlsx
  [5/30] p552048 ...C:\Users\Admin\Desktop\New folder\SICK_Products\EKS_EKM36-S\EKS36-2KF0B0S01.xlsx
Saved: C:\Users\Admin\Desktop\New folder\SICK_Products\EKS_EKM36-S\images\EKS36-2KF0B0S01.jpg (53.0 KB, 500x500)
__RESULT__["C:\\Users\\Admin\\Desktop\\New folder\\SICK_Products\\EKS_EKM36-S\\images\\EKS36-2KF0B0S01.jpg"]
 -> EKS36-2KF0B0S01.xlsx
  [6/30] p456051 ...C:\Users\Admin\Desktop\New folder\SICK_Products\EKS_EKM36-S\EKM36-2KF0A0S12.xlsx
Saved: C:\Users\Admin\Desktop\New folder\SICK_Products\EKS_EKM36-S\images\EKM36-2KF0A0S12.jpg (54.9 KB, 500x500)
__RESULT__["C:\\Users\\Admin\\Desktop\\New folder\\SICK_Products\\EKS_EKM36-S\\images\\EKM36-2KF0A0S12.jpg"]
 -> EKM36-2KF0A0S12.xlsx
  [7/30] p652727 ...C:\Users\Admin\Desktop\New folder\SICK_Products\EKS_EKM36-S\EKM36-2KF0B0S14.xlsx
Saved: C:\Users\Admin\Desktop\New folder\SICK_Products\EKS_EKM36-S\images\EKM36-2KF0B0S14.jpg (54.9 KB, 500x500)
__RESULT__["C:\\Users\\Admin\\Desktop\\New folder\\SICK_Products\\EKS_EKM36-S\\images\\EKM36-2KF0B0S14.jpg"]
 -> EKM36-2KF0B0S14.xlsx
  [8/30] p445644 ...C:\Users\Admin\Desktop\New folder\SICK_Products\EKS_EKM36-S\EKS36-2KF0A0S07.xlsx
Saved: C:\Users\Admin\Desktop\New folder\SICK_Products\EKS_EKM36-S\images\EKS36-2KF0A0S07.jpg (53.0 KB, 500x500)
__RESULT__["C:\\Users\\Admin\\Desktop\\New folder\\SICK_Products\\EKS_EKM36-S\\images\\EKS36-2KF0A0S07.jpg"]
 -> EKS36-2KF0A0S07.xlsx
  [9/30] p677146 ...C:\Users\Admin\Desktop\New folder\SICK_Products\EKS_EKM36-S\EKM36-2KF0B0S23.xlsx
Saved: C:\Users\Admin\Desktop\New folder\SICK_Products\EKS_EKM36-S\images\EKM36-2KF0B0S23.jpg (54.9 KB, 500x500)
__RESULT__["C:\\Users\\Admin\\Desktop\\New folder\\SICK_Products\\EKS_EKM36-S\\images\\EKM36-2KF0B0S23.jpg"]
 -> EKM36-2KF0B0S23.xlsx
  [10/30] p456047 ...C:\Users\Admin\Desktop\New folder\SICK_Products\EKS_EKM36-S\EKS36-2KF0A0S12.xlsx
Saved: C:\Users\Admin\Desktop\New folder\SICK_Products\EKS_EKM36-S\images\EKS36-2KF0A0S12.jpg (53.0 KB, 500x500)
__RESULT__["C:\\Users\\Admin\\Desktop\\New folder\\SICK_Products\\EKS_EKM36-S\\images\\EKS36-2KF0A0S12.jpg"]
 -> EKS36-2KF0A0S12.xlsx
  [11/30] p478044 ...C:\Users\Admin\Desktop\New folder\SICK_Products\EKS_EKM36-S\EKM36-2KF0B020A.xlsx
Saved: C:\Users\Admin\Desktop\New folder\SICK_Products\EKS_EKM36-S\images\EKM36-2KF0B020A.jpg (54.9 KB, 500x500)
__RESULT__["C:\\Users\\Admin\\Desktop\\New folder\\SICK_Products\\EKS_EKM36-S\\images\\EKM36-2KF0B020A.jpg"]
 -> EKM36-2KF0B020A.xlsx
  [12/30] p552047 ...C:\Users\Admin\Desktop\New folder\SICK_Products\EKS_EKM36-S\EKM36-2KF0B0S01.xlsx
Saved: C:\Users\Admin\Desktop\New folder\SICK_Products\EKS_EKM36-S\images\EKM36-2KF0B0S01.jpg (51.8 KB, 500x500)
__RESULT__["C:\\Users\\Admin\\Desktop\\New folder\\SICK_Products\\EKS_EKM36-S\\images\\EKM36-2KF0B0S01.jpg"]
 -> EKM36-2KF0B0S01.xlsx
  [13/30] p477945 ...C:\Users\Admin\Desktop\New folder\SICK_Products\EKS_EKM36-S\EKS36-2KF0B018A.xlsx
Saved: C:\Users\Admin\Desktop\New folder\SICK_Products\EKS_EKM36-S\images\EKS36-2KF0B018A.jpg (53.0 KB, 500x500)
__RESULT__["C:\\Users\\Admin\\Desktop\\New folder\\SICK_Products\\EKS_EKM36-S\\images\\EKS36-2KF0B018A.jpg"]
 -> EKS36-2KF0B018A.xlsx
  [14/30] p652702 ...C:\Users\Admin\Desktop\New folder\SICK_Products\EKS_EKM36-S\EKS36-2KF0B0S14.xlsx
Saved: C:\Users\Admin\Desktop\New folder\SICK_Products\EKS_EKM36-S\images\EKS36-2KF0B0S14.jpg (53.0 KB, 500x500)
__RESULT__["C:\\Users\\Admin\\Desktop\\New folder\\SICK_Products\\EKS_EKM36-S\\images\\EKS36-2KF0B0S14.jpg"]
 -> EKS36-2KF0B0S14.xlsx
  [15/30] p276365 ...C:\Users\Admin\Desktop\New folder\SICK_Products\EKS_EKM36-S\EKM36-2KF0A020A.xlsx
Saved: C:\Users\Admin\Desktop\New folder\SICK_Products\EKS_EKM36-S\images\EKM36-2KF0A020A.jpg (63.2 KB, 500x500)
__RESULT__["C:\\Users\\Admin\\Desktop\\New folder\\SICK_Products\\EKS_EKM36-S\\images\\EKM36-2KF0A020A.jpg"]
 -> EKM36-2KF0A020A.xlsx
  [16/30] p455745 ...C:\Users\Admin\Desktop\New folder\SICK_Products\EKS_EKM36-S\EKS36-2KF0A0S09.xlsx
 -> EKS36-2KF0A0S09.xlsx
  [17/30] p456245 ...C:\Users\Admin\Desktop\New folder\SICK_Products\EKS_EKM36-S\EKM36-2KF0A0S10.xlsx
 -> EKM36-2KF0A0S10.xlsx
  [18/30] p276350 ...C:\Users\Admin\Desktop\New folder\SICK_Products\EKS_EKM36-S\EKS36-2JF0A020A.xlsx
Saved: C:\Users\Admin\Desktop\New folder\SICK_Products\EKS_EKM36-S\images\EKS36-2JF0A020A.jpg (22.1 KB, 500x500)
__RESULT__["C:\\Users\\Admin\\Desktop\\New folder\\SICK_Products\\EKS_EKM36-S\\images\\EKS36-2JF0A020A.jpg"]
 -> EKS36-2JF0A020A.xlsx
  [19/30] p276351 ...C:\Users\Admin\Desktop\New folder\SICK_Products\EKS_EKM36-S\EKS36-2KF0A020A.xlsx
Saved: C:\Users\Admin\Desktop\New folder\SICK_Products\EKS_EKM36-S\images\EKS36-2KF0A020A.jpg (22.1 KB, 500x500)
__RESULT__["C:\\Users\\Admin\\Desktop\\New folder\\SICK_Products\\EKS_EKM36-S\\images\\EKS36-2KF0A020A.jpg"]
 -> EKS36-2KF0A020A.xlsx
  [20/30] p456045 ...C:\Users\Admin\Desktop\New folder\SICK_Products\EKS_EKM36-S\EKS36-2KF0A0S10.xlsx
 -> EKS36-2KF0A0S10.xlsx
  [21/30] p510644 ...C:\Users\Admin\Desktop\New folder\SICK_Products\EKS_EKM36-S\EKS36-2KF0B0S03.xlsx
Saved: C:\Users\Admin\Desktop\New folder\SICK_Products\EKS_EKM36-S\images\EKS36-2KF0B0S03.jpg (51.8 KB, 500x500)
__RESULT__["C:\\Users\\Admin\\Desktop\\New folder\\SICK_Products\\EKS_EKM36-S\\images\\EKS36-2KF0B0S03.jpg"]
 -> EKS36-2KF0B0S03.xlsx
  [22/30] p276347 ...C:\Users\Admin\Desktop\New folder\SICK_Products\EKS_EKM36-S\EKS36-2KF0A018A.xlsx
Saved: C:\Users\Admin\Desktop\New folder\SICK_Products\EKS_EKM36-S\images\EKS36-2KF0A018A.jpg (22.1 KB, 500x500)
__RESULT__["C:\\Users\\Admin\\Desktop\\New folder\\SICK_Products\\EKS_EKM36-S\\images\\EKS36-2KF0A018A.jpg"]
 -> EKS36-2KF0A018A.xlsx
  [23/30] p276346 ...C:\Users\Admin\Desktop\New folder\SICK_Products\EKS_EKM36-S\EKS36-2JF0A018A.xlsx
Saved: C:\Users\Admin\Desktop\New folder\SICK_Products\EKS_EKM36-S\images\EKS36-2JF0A018A.jpg (22.1 KB, 500x500)
__RESULT__["C:\\Users\\Admin\\Desktop\\New folder\\SICK_Products\\EKS_EKM36-S\\images\\EKS36-2JF0A018A.jpg"]
 -> EKS36-2JF0A018A.xlsx
  [24/30] p276364 ...C:\Users\Admin\Desktop\New folder\SICK_Products\EKS_EKM36-S\EKM36-2JF0A020A.xlsx
Saved: C:\Users\Admin\Desktop\New folder\SICK_Products\EKS_EKM36-S\images\EKM36-2JF0A020A.jpg (63.2 KB, 500x500)
__RESULT__["C:\\Users\\Admin\\Desktop\\New folder\\SICK_Products\\EKS_EKM36-S\\images\\EKM36-2JF0A020A.jpg"]
 -> EKM36-2JF0A020A.xlsx
  [25/30] p276358 ...C:\Users\Admin\Desktop\New folder\SICK_Products\EKS_EKM36-S\EKM36-2JF0A018A.xlsx
Saved: C:\Users\Admin\Desktop\New folder\SICK_Products\EKS_EKM36-S\images\EKM36-2JF0A018A.jpg (63.2 KB, 500x500)
__RESULT__["C:\\Users\\Admin\\Desktop\\New folder\\SICK_Products\\EKS_EKM36-S\\images\\EKM36-2JF0A018A.jpg"]
 -> EKM36-2JF0A018A.xlsx
  [26/30] p650900 ...C:\Users\Admin\Desktop\New folder\SICK_Products\EKS_EKM36-S\EKM36-2KF0B0S06.xlsx
 -> EKM36-2KF0B0S06.xlsx
  [27/30] p276361 ...C:\Users\Admin\Desktop\New folder\SICK_Products\EKS_EKM36-S\EKM36-2KF0A018A.xlsx
Saved: C:\Users\Admin\Desktop\New folder\SICK_Products\EKS_EKM36-S\images\EKM36-2KF0A018A.jpg (63.2 KB, 500x500)
__RESULT__["C:\\Users\\Admin\\Desktop\\New folder\\SICK_Products\\EKS_EKM36-S\\images\\EKM36-2KF0A018A.jpg"]
 -> EKM36-2KF0A018A.xlsx
  [28/30] p456048 ...C:\Users\Admin\Desktop\New folder\SICK_Products\EKS_EKM36-S\EKM36-2KF0A0S13.xlsx
Saved: C:\Users\Admin\Desktop\New folder\SICK_Products\EKS_EKM36-S\images\EKM36-2KF0A0S13.jpg (22.1 KB, 500x500)
__RESULT__["C:\\Users\\Admin\\Desktop\\New folder\\SICK_Products\\EKS_EKM36-S\\images\\EKM36-2KF0A0S13.jpg"]
 -> EKM36-2KF0A0S13.xlsx
  [29/30] p456044 ...C:\Users\Admin\Desktop\New folder\SICK_Products\EKS_EKM36-S\EKM36-2KF0A0S09.xlsx
 -> EKM36-2KF0A0S09.xlsx
  [30/30] p650893 ...C:\Users\Admin\Desktop\New folder\SICK_Products\EKS_EKM36-S\EKS36-2KF0B0S06.xlsx
 -> EKS36-2KF0B0S06.xlsx
  => Ket qua: 30 OK, 0 loi, 0 skip / 30 tong

============================================================
[60/643] Dong: EDS/EDM35-S (expected: 11 SP)
Family: EDS/EDM35-S | Code: g605854 | Method: FROM_CHECKLIST
============================================================
  Dang lay danh sach san pham tu category g605854...
  CategoryCode=11, FamilyCode=12, Parent(rec)=11, UNION=12
  Tim thay 12 san pham.
  [1/12] p649877 ...C:\Users\Admin\Desktop\New folder\SICK_Products\EDS_EDM35-S\EDM35-2KF0A024A.xlsx
Saved: C:\Users\Admin\Desktop\New folder\SICK_Products\EDS_EDM35-S\images\EDM35-2KF0A024A.jpg (48.4 KB, 500x500)
__RESULT__["C:\\Users\\Admin\\Desktop\\New folder\\SICK_Products\\EDS_EDM35-S\\images\\EDM35-2KF0A024A.jpg"]
 -> EDM35-2KF0A024A.xlsx
  [2/12] p649875 ...C:\Users\Admin\Desktop\New folder\SICK_Products\EDS_EDM35-S\EDM35-2KF0A020A.xlsx
Saved: C:\Users\Admin\Desktop\New folder\SICK_Products\EDS_EDM35-S\images\EDM35-2KF0A020A.jpg (48.4 KB, 500x500)
__RESULT__["C:\\Users\\Admin\\Desktop\\New folder\\SICK_Products\\EDS_EDM35-S\\images\\EDM35-2KF0A020A.jpg"]
 -> EDM35-2KF0A020A.xlsx
  [3/12] p681657 ...C:\Users\Admin\Desktop\New folder\SICK_Products\EDS_EDM35-S\EDM35-2ZF0A024A.xlsx
Saved: C:\Users\Admin\Desktop\New folder\SICK_Products\EDS_EDM35-S\images\EDM35-2ZF0A024A.jpg (48.4 KB, 500x500)
__RESULT__["C:\\Users\\Admin\\Desktop\\New folder\\SICK_Products\\EDS_EDM35-S\\images\\EDM35-2ZF0A024A.jpg"]
 -> EDM35-2ZF0A024A.xlsx
  [4/12] p681656 ...C:\Users\Admin\Desktop\New folder\SICK_Products\EDS_EDM35-S\EDS35-2ZF0A024A.xlsx
Saved: C:\Users\Admin\Desktop\New folder\SICK_Products\EDS_EDM35-S\images\EDS35-2ZF0A024A.jpg (49.4 KB, 500x500)
__RESULT__["C:\\Users\\Admin\\Desktop\\New folder\\SICK_Products\\EDS_EDM35-S\\images\\EDS35-2ZF0A024A.jpg"]
 -> EDS35-2ZF0A024A.xlsx
  [5/12] p681661 ...C:\Users\Admin\Desktop\New folder\SICK_Products\EDS_EDM35-S\EDM35-2ZF0A0S03.xlsx
Saved: C:\Users\Admin\Desktop\New folder\SICK_Products\EDS_EDM35-S\images\EDM35-2ZF0A0S03.jpg (48.4 KB, 500x500)
__RESULT__["C:\\Users\\Admin\\Desktop\\New folder\\SICK_Products\\EDS_EDM35-S\\images\\EDM35-2ZF0A0S03.jpg"]
 -> EDM35-2ZF0A0S03.xlsx
  [6/12] p662130 ...C:\Users\Admin\Desktop\New folder\SICK_Products\EDS_EDM35-S\EDM35-2KF0A020A-40.xlsx
Saved: C:\Users\Admin\Desktop\New folder\SICK_Products\EDS_EDM35-S\images\EDM35-2KF0A020A-40.jpg (48.4 KB, 500x500)
__RESULT__["C:\\Users\\Admin\\Desktop\\New folder\\SICK_Products\\EDS_EDM35-S\\images\\EDM35-2KF0A020A-40.jpg"]
 -> EDM35-2KF0A020A-40.xlsx
  [7/12] p677718 ...C:\Users\Admin\Desktop\New folder\SICK_Products\EDS_EDM35-S\EDM35-2KF0A0S04.xlsx
Saved: C:\Users\Admin\Desktop\New folder\SICK_Products\EDS_EDM35-S\images\EDM35-2KF0A0S04.jpg (38.4 KB, 500x500)
__RESULT__["C:\\Users\\Admin\\Desktop\\New folder\\SICK_Products\\EDS_EDM35-S\\images\\EDM35-2KF0A0S04.jpg"]
 -> EDM35-2KF0A0S04.xlsx
  [8/12] p649871 ...C:\Users\Admin\Desktop\New folder\SICK_Products\EDS_EDM35-S\EDS35-2KF0A020A.xlsx
Saved: C:\Users\Admin\Desktop\New folder\SICK_Products\EDS_EDM35-S\images\EDS35-2KF0A020A.jpg (49.4 KB, 500x500)
__RESULT__["C:\\Users\\Admin\\Desktop\\New folder\\SICK_Products\\EDS_EDM35-S\\images\\EDS35-2KF0A020A.jpg"]
 -> EDS35-2KF0A020A.xlsx
  [9/12] p660592 ...C:\Users\Admin\Desktop\New folder\SICK_Products\EDS_EDM35-S\EDM35-2VF0A024A.xlsx
Saved: C:\Users\Admin\Desktop\New folder\SICK_Products\EDS_EDM35-S\images\EDM35-2VF0A024A.jpg (48.4 KB, 500x500)
__RESULT__["C:\\Users\\Admin\\Desktop\\New folder\\SICK_Products\\EDS_EDM35-S\\images\\EDM35-2VF0A024A.jpg"]
 -> EDM35-2VF0A024A.xlsx
  [10/12] p649874 ...C:\Users\Admin\Desktop\New folder\SICK_Products\EDS_EDM35-S\EDS35-2KF0A024A.xlsx
Saved: C:\Users\Admin\Desktop\New folder\SICK_Products\EDS_EDM35-S\images\EDS35-2KF0A024A.jpg (49.4 KB, 500x500)
__RESULT__["C:\\Users\\Admin\\Desktop\\New folder\\SICK_Products\\EDS_EDM35-S\\images\\EDS35-2KF0A024A.jpg"]
 -> EDS35-2KF0A024A.xlsx
  [11/12] p680547 ...C:\Users\Admin\Desktop\New folder\SICK_Products\EDS_EDM35-S\EDS35-2ZF0A0S03.xlsx
Saved: C:\Users\Admin\Desktop\New folder\SICK_Products\EDS_EDM35-S\images\EDS35-2ZF0A0S03.jpg (49.4 KB, 500x500)
__RESULT__["C:\\Users\\Admin\\Desktop\\New folder\\SICK_Products\\EDS_EDM35-S\\images\\EDS35-2ZF0A0S03.jpg"]
 -> EDS35-2ZF0A0S03.xlsx
  [12/12] p663295 ...C:\Users\Admin\Desktop\New folder\SICK_Products\EDS_EDM35-S\EDS35-2KF0A020A-40.xlsx
Saved: C:\Users\Admin\Desktop\New folder\SICK_Products\EDS_EDM35-S\images\EDS35-2KF0A020A-40.jpg (49.4 KB, 500x500)
__RESULT__["C:\\Users\\Admin\\Desktop\\New folder\\SICK_Products\\EDS_EDM35-S\\images\\EDS35-2KF0A020A-40.jpg"]
 -> EDS35-2KF0A020A-40.xlsx
  => Ket qua: 12 OK, 0 loi, 0 skip / 12 tong

============================================================
[61/643] Dong: SFS/SFM60-S (expected: 28 SP)
Family: SFS/SFM60-S | Code: g605857 | Method: FROM_CHECKLIST
============================================================
  Dang lay danh sach san pham tu category g605857...
  CategoryCode=28, FamilyCode=35, Parent(rec)=28, UNION=35
  Tim thay 35 san pham.
  [1/35] p513997 ...C:\Users\Admin\Desktop\New folder\SICK_Products\SFS_SFM60-S\SFM60S-HPKB0K02.xlsx
Saved: C:\Users\Admin\Desktop\New folder\SICK_Products\SFS_SFM60-S\images\SFM60S-HPKB0K02.jpg (44.1 KB, 500x500)
__RESULT__["C:\\Users\\Admin\\Desktop\\New folder\\SICK_Products\\SFS_SFM60-S\\images\\SFM60S-HPKB0K02.jpg"]
 -> SFM60S-HPKB0K02.xlsx
  [2/35] p513982 ...C:\Users\Admin\Desktop\New folder\SICK_Products\SFS_SFM60-S\SFM60S-HPAT0K02.xlsx
Saved: C:\Users\Admin\Desktop\New folder\SICK_Products\SFS_SFM60-S\images\SFM60S-HPAT0K02.jpg (42.9 KB, 500x500)
__RESULT__["C:\\Users\\Admin\\Desktop\\New folder\\SICK_Products\\SFS_SFM60-S\\images\\SFM60S-HPAT0K02.jpg"]
 -> SFM60S-HPAT0K02.xlsx
  [3/35] p513989 ...C:\Users\Admin\Desktop\New folder\SICK_Products\SFS_SFM60-S\SFS60S-HMKT0K02.xlsx
Saved: C:\Users\Admin\Desktop\New folder\SICK_Products\SFS_SFM60-S\images\SFS60S-HMKT0K02.jpg (44.1 KB, 500x500)
__RESULT__["C:\\Users\\Admin\\Desktop\\New folder\\SICK_Products\\SFS_SFM60-S\\images\\SFS60S-HMKT0K02.jpg"]
 -> SFS60S-HMKT0K02.xlsx
  [4/35] p514001 ...C:\Users\Admin\Desktop\New folder\SICK_Products\SFS_SFM60-S\SFM60S-HLBB0K02.xlsx
Saved: C:\Users\Admin\Desktop\New folder\SICK_Products\SFS_SFM60-S\images\SFM60S-HLBB0K02.jpg (43.8 KB, 500x500)
__RESULT__["C:\\Users\\Admin\\Desktop\\New folder\\SICK_Products\\SFS_SFM60-S\\images\\SFM60S-HLBB0K02.jpg"]
 -> SFM60S-HLBB0K02.xlsx
  [5/35] p624848 ...C:\Users\Admin\Desktop\New folder\SICK_Products\SFS_SFM60-S\SFS60S-HRZT0S01.xlsx
Saved: C:\Users\Admin\Desktop\New folder\SICK_Products\SFS_SFM60-S\images\SFS60S-HRZT0S01.jpg (44.1 KB, 500x500)
__RESULT__["C:\\Users\\Admin\\Desktop\\New folder\\SICK_Products\\SFS_SFM60-S\\images\\SFS60S-HRZT0S01.jpg"]
 -> SFS60S-HRZT0S01.xlsx
  [6/35] p513999 ...C:\Users\Admin\Desktop\New folder\SICK_Products\SFS_SFM60-S\SFM60S-HMKB0K02.xlsx
Saved: C:\Users\Admin\Desktop\New folder\SICK_Products\SFS_SFM60-S\images\SFM60S-HMKB0K02.jpg (44.1 KB, 500x500)
__RESULT__["C:\\Users\\Admin\\Desktop\\New folder\\SICK_Products\\SFS_SFM60-S\\images\\SFM60S-HMKB0K02.jpg"]
 -> SFM60S-HMKB0K02.xlsx
  [7/35] p513998 ...C:\Users\Admin\Desktop\New folder\SICK_Products\SFS_SFM60-S\SFM60S-HPAB0K02.xlsx
Saved: C:\Users\Admin\Desktop\New folder\SICK_Products\SFS_SFM60-S\images\SFM60S-HPAB0K02.jpg (42.9 KB, 500x500)
__RESULT__["C:\\Users\\Admin\\Desktop\\New folder\\SICK_Products\\SFS_SFM60-S\\images\\SFM60S-HPAB0K02.jpg"]
 -> SFM60S-HPAB0K02.xlsx
  [8/35] p513984 ...C:\Users\Admin\Desktop\New folder\SICK_Products\SFS_SFM60-S\SFS60S-HPAT0K02.xlsx
Saved: C:\Users\Admin\Desktop\New folder\SICK_Products\SFS_SFM60-S\images\SFS60S-HPAT0K02.jpg (42.9 KB, 500x500)
__RESULT__["C:\\Users\\Admin\\Desktop\\New folder\\SICK_Products\\SFS_SFM60-S\\images\\SFS60S-HPAT0K02.jpg"]
 -> SFS60S-HPAT0K02.xlsx
  [9/35] p514009 ...C:\Users\Admin\Desktop\New folder\SICK_Products\SFS_SFM60-S\SFM60S-HMBT0K02.xlsx
Saved: C:\Users\Admin\Desktop\New folder\SICK_Products\SFS_SFM60-S\images\SFM60S-HMBT0K02.jpg (43.8 KB, 500x500)
__RESULT__["C:\\Users\\Admin\\Desktop\\New folder\\SICK_Products\\SFS_SFM60-S\\images\\SFM60S-HMBT0K02.jpg"]
 -> SFM60S-HMBT0K02.xlsx
  [10/35] p513986 ...C:\Users\Admin\Desktop\New folder\SICK_Products\SFS_SFM60-S\SFS60S-HRKB0K02.xlsx
Saved: C:\Users\Admin\Desktop\New folder\SICK_Products\SFS_SFM60-S\images\SFS60S-HRKB0K02.jpg (44.1 KB, 500x500)
__RESULT__["C:\\Users\\Admin\\Desktop\\New folder\\SICK_Products\\SFS_SFM60-S\\images\\SFS60S-HRKB0K02.jpg"]
 -> SFS60S-HRKB0K02.xlsx
  [11/35] p513981 ...C:\Users\Admin\Desktop\New folder\SICK_Products\SFS_SFM60-S\SFS60S-HPKT0K02.xlsx
Saved: C:\Users\Admin\Desktop\New folder\SICK_Products\SFS_SFM60-S\images\SFS60S-HPKT0K02.jpg (44.1 KB, 500x500)
__RESULT__["C:\\Users\\Admin\\Desktop\\New folder\\SICK_Products\\SFS_SFM60-S\\images\\SFS60S-HPKT0K02.jpg"]
 -> SFS60S-HPKT0K02.xlsx
  [12/35] p514005 ...C:\Users\Admin\Desktop\New folder\SICK_Products\SFS_SFM60-S\SFM60S-HRAT0K02.xlsx
Saved: C:\Users\Admin\Desktop\New folder\SICK_Products\SFS_SFM60-S\images\SFM60S-HRAT0K02.jpg (42.9 KB, 500x500)
__RESULT__["C:\\Users\\Admin\\Desktop\\New folder\\SICK_Products\\SFS_SFM60-S\\images\\SFM60S-HRAT0K02.jpg"]
 -> SFM60S-HRAT0K02.xlsx
  [13/35] p514012 ...C:\Users\Admin\Desktop\New folder\SICK_Products\SFS_SFM60-S\SFM60S-HKAT0K02.xlsx
Saved: C:\Users\Admin\Desktop\New folder\SICK_Products\SFS_SFM60-S\images\SFM60S-HKAT0K02.jpg (42.9 KB, 500x500)
__RESULT__["C:\\Users\\Admin\\Desktop\\New folder\\SICK_Products\\SFS_SFM60-S\\images\\SFM60S-HKAT0K02.jpg"]
 -> SFM60S-HKAT0K02.xlsx
  [14/35] p514008 ...C:\Users\Admin\Desktop\New folder\SICK_Products\SFS_SFM60-S\SFM60S-HMAT0K02.xlsx
Saved: C:\Users\Admin\Desktop\New folder\SICK_Products\SFS_SFM60-S\images\SFM60S-HMAT0K02.jpg (42.9 KB, 500x500)
__RESULT__["C:\\Users\\Admin\\Desktop\\New folder\\SICK_Products\\SFS_SFM60-S\\images\\SFM60S-HMAT0K02.jpg"]
 -> SFM60S-HMAT0K02.xlsx
  [15/35] p514004 ...C:\Users\Admin\Desktop\New folder\SICK_Products\SFS_SFM60-S\SFM60S-HRKT0K02.xlsx
Saved: C:\Users\Admin\Desktop\New folder\SICK_Products\SFS_SFM60-S\images\SFM60S-HRKT0K02.jpg (44.1 KB, 500x500)
__RESULT__["C:\\Users\\Admin\\Desktop\\New folder\\SICK_Products\\SFS_SFM60-S\\images\\SFM60S-HRKT0K02.jpg"]
 -> SFM60S-HRKT0K02.xlsx
  [16/35] p513996 ...C:\Users\Admin\Desktop\New folder\SICK_Products\SFS_SFM60-S\SFM60S-HRKB0K02.xlsx
Saved: C:\Users\Admin\Desktop\New folder\SICK_Products\SFS_SFM60-S\images\SFM60S-HRKB0K02.jpg (44.1 KB, 500x500)
__RESULT__["C:\\Users\\Admin\\Desktop\\New folder\\SICK_Products\\SFS_SFM60-S\\images\\SFM60S-HRKB0K02.jpg"]
 -> SFM60S-HRKB0K02.xlsx
  [17/35] p513988 ...C:\Users\Admin\Desktop\New folder\SICK_Products\SFS_SFM60-S\SFS60S-HRAT0K02.xlsx
Saved: C:\Users\Admin\Desktop\New folder\SICK_Products\SFS_SFM60-S\images\SFS60S-HRAT0K02.jpg (42.9 KB, 500x500)
__RESULT__["C:\\Users\\Admin\\Desktop\\New folder\\SICK_Products\\SFS_SFM60-S\\images\\SFS60S-HRAT0K02.jpg"]
 -> SFS60S-HRAT0K02.xlsx
  [18/35] p513983 ...C:\Users\Admin\Desktop\New folder\SICK_Products\SFS_SFM60-S\SFM60S-HPKT0K02.xlsx
Saved: C:\Users\Admin\Desktop\New folder\SICK_Products\SFS_SFM60-S\images\SFM60S-HPKT0K02.jpg (44.1 KB, 500x500)
__RESULT__["C:\\Users\\Admin\\Desktop\\New folder\\SICK_Products\\SFS_SFM60-S\\images\\SFM60S-HPKT0K02.jpg"]
 -> SFM60S-HPKT0K02.xlsx
  [19/35] p514006 ...C:\Users\Admin\Desktop\New folder\SICK_Products\SFS_SFM60-S\SFM60S-HPBT0K02.xlsx
Saved: C:\Users\Admin\Desktop\New folder\SICK_Products\SFS_SFM60-S\images\SFM60S-HPBT0K02.jpg (43.8 KB, 500x500)
__RESULT__["C:\\Users\\Admin\\Desktop\\New folder\\SICK_Products\\SFS_SFM60-S\\images\\SFM60S-HPBT0K02.jpg"]
 -> SFM60S-HPBT0K02.xlsx
  [20/35] p514002 ...C:\Users\Admin\Desktop\New folder\SICK_Products\SFS_SFM60-S\SFM60S-HKAB0K02.xlsx
Saved: C:\Users\Admin\Desktop\New folder\SICK_Products\SFS_SFM60-S\images\SFM60S-HKAB0K02.jpg (42.9 KB, 500x500)
__RESULT__["C:\\Users\\Admin\\Desktop\\New folder\\SICK_Products\\SFS_SFM60-S\\images\\SFM60S-HKAB0K02.jpg"]
 -> SFM60S-HKAB0K02.xlsx
  [21/35] p514011 ...C:\Users\Admin\Desktop\New folder\SICK_Products\SFS_SFM60-S\SFM60S-HLAT0K02.xlsx
Saved: C:\Users\Admin\Desktop\New folder\SICK_Products\SFS_SFM60-S\images\SFM60S-HLAT0K02.jpg (42.9 KB, 500x500)
__RESULT__["C:\\Users\\Admin\\Desktop\\New folder\\SICK_Products\\SFS_SFM60-S\\images\\SFM60S-HLAT0K02.jpg"]
 -> SFM60S-HLAT0K02.xlsx
  [22/35] p514007 ...C:\Users\Admin\Desktop\New folder\SICK_Products\SFS_SFM60-S\SFM60S-HMKT0K02.xlsx
Saved: C:\Users\Admin\Desktop\New folder\SICK_Products\SFS_SFM60-S\images\SFM60S-HMKT0K02.jpg (44.1 KB, 500x500)
__RESULT__["C:\\Users\\Admin\\Desktop\\New folder\\SICK_Products\\SFS_SFM60-S\\images\\SFM60S-HMKT0K02.jpg"]
 -> SFM60S-HMKT0K02.xlsx
  [23/35] p513985 ...C:\Users\Admin\Desktop\New folder\SICK_Products\SFS_SFM60-S\SFM60S-HPBB0K02.xlsx
Saved: C:\Users\Admin\Desktop\New folder\SICK_Products\SFS_SFM60-S\images\SFM60S-HPBB0K02.jpg (43.8 KB, 500x500)
__RESULT__["C:\\Users\\Admin\\Desktop\\New folder\\SICK_Products\\SFS_SFM60-S\\images\\SFM60S-HPBB0K02.jpg"]
 -> SFM60S-HPBB0K02.xlsx
  [24/35] p514000 ...C:\Users\Admin\Desktop\New folder\SICK_Products\SFS_SFM60-S\SFM60S-HMAB0K02.xlsx
Saved: C:\Users\Admin\Desktop\New folder\SICK_Products\SFS_SFM60-S\images\SFM60S-HMAB0K02.jpg (42.9 KB, 500x500)
__RESULT__["C:\\Users\\Admin\\Desktop\\New folder\\SICK_Products\\SFS_SFM60-S\\images\\SFM60S-HMAB0K02.jpg"]
 -> SFM60S-HMAB0K02.xlsx
  [25/35] p513990 ...C:\Users\Admin\Desktop\New folder\SICK_Products\SFS_SFM60-S\SFS60S-HMAT0K02.xlsx
Saved: C:\Users\Admin\Desktop\New folder\SICK_Products\SFS_SFM60-S\images\SFS60S-HMAT0K02.jpg (42.9 KB, 500x500)
__RESULT__["C:\\Users\\Admin\\Desktop\\New folder\\SICK_Products\\SFS_SFM60-S\\images\\SFS60S-HMAT0K02.jpg"]
 -> SFS60S-HMAT0K02.xlsx
  [26/35] p513987 ...C:\Users\Admin\Desktop\New folder\SICK_Products\SFS_SFM60-S\SFS60S-HRKT0K02.xlsx
Saved: C:\Users\Admin\Desktop\New folder\SICK_Products\SFS_SFM60-S\images\SFS60S-HRKT0K02.jpg (44.1 KB, 500x500)
__RESULT__["C:\\Users\\Admin\\Desktop\\New folder\\SICK_Products\\SFS_SFM60-S\\images\\SFS60S-HRKT0K02.jpg"]
 -> SFS60S-HRKT0K02.xlsx
  [27/35] p514010 ...C:\Users\Admin\Desktop\New folder\SICK_Products\SFS_SFM60-S\SFM60S-HLKT0K02.xlsx
Saved: C:\Users\Admin\Desktop\New folder\SICK_Products\SFS_SFM60-S\images\SFM60S-HLKT0K02.jpg (44.1 KB, 500x500)
__RESULT__["C:\\Users\\Admin\\Desktop\\New folder\\SICK_Products\\SFS_SFM60-S\\images\\SFM60S-HLKT0K02.jpg"]
 -> SFM60S-HLKT0K02.xlsx
  [28/35] p513991 ...C:\Users\Admin\Desktop\New folder\SICK_Products\SFS_SFM60-S\SFS60S-HMBT0K02.xlsx
Saved: C:\Users\Admin\Desktop\New folder\SICK_Products\SFS_SFM60-S\images\SFS60S-HMBT0K02.jpg (43.8 KB, 500x500)
__RESULT__["C:\\Users\\Admin\\Desktop\\New folder\\SICK_Products\\SFS_SFM60-S\\images\\SFS60S-HMBT0K02.jpg"]
 -> SFS60S-HMBT0K02.xlsx
  [29/35] p513993 ...C:\Users\Admin\Desktop\New folder\SICK_Products\SFS_SFM60-S\SFS60S-HLAT0K02.xlsx
Saved: C:\Users\Admin\Desktop\New folder\SICK_Products\SFS_SFM60-S\images\SFS60S-HLAT0K02.jpg (42.9 KB, 500x500)
__RESULT__["C:\\Users\\Admin\\Desktop\\New folder\\SICK_Products\\SFS_SFM60-S\\images\\SFS60S-HLAT0K02.jpg"]
 -> SFS60S-HLAT0K02.xlsx
  [30/35] p513992 ...C:\Users\Admin\Desktop\New folder\SICK_Products\SFS_SFM60-S\SFS60S-HLKT0K02.xlsx
Saved: C:\Users\Admin\Desktop\New folder\SICK_Products\SFS_SFM60-S\images\SFS60S-HLKT0K02.jpg (44.1 KB, 500x500)
__RESULT__["C:\\Users\\Admin\\Desktop\\New folder\\SICK_Products\\SFS_SFM60-S\\images\\SFS60S-HLKT0K02.jpg"]
 -> SFS60S-HLKT0K02.xlsx
  [31/35] p513995 ...C:\Users\Admin\Desktop\New folder\SICK_Products\SFS_SFM60-S\SFS60S-HNAT0K02.xlsx
Saved: C:\Users\Admin\Desktop\New folder\SICK_Products\SFS_SFM60-S\images\SFS60S-HNAT0K02.jpg (42.9 KB, 500x500)
__RESULT__["C:\\Users\\Admin\\Desktop\\New folder\\SICK_Products\\SFS_SFM60-S\\images\\SFS60S-HNAT0K02.jpg"]
 -> SFS60S-HNAT0K02.xlsx
  [32/35] p514014 ...C:\Users\Admin\Desktop\New folder\SICK_Products\SFS_SFM60-S\SFM60S-HNAT0K02.xlsx
Saved: C:\Users\Admin\Desktop\New folder\SICK_Products\SFS_SFM60-S\images\SFM60S-HNAT0K02.jpg (42.9 KB, 500x500)
__RESULT__["C:\\Users\\Admin\\Desktop\\New folder\\SICK_Products\\SFS_SFM60-S\\images\\SFM60S-HNAT0K02.jpg"]
 -> SFM60S-HNAT0K02.xlsx
  [33/35] p514013 ...C:\Users\Admin\Desktop\New folder\SICK_Products\SFS_SFM60-S\SFM60S-HNKT0K02.xlsx
Saved: C:\Users\Admin\Desktop\New folder\SICK_Products\SFS_SFM60-S\images\SFM60S-HNKT0K02.jpg (44.1 KB, 500x500)
__RESULT__["C:\\Users\\Admin\\Desktop\\New folder\\SICK_Products\\SFS_SFM60-S\\images\\SFM60S-HNKT0K02.jpg"]
 -> SFM60S-HNKT0K02.xlsx
  [34/35] p514003 ...C:\Users\Admin\Desktop\New folder\SICK_Products\SFS_SFM60-S\SFM60S-H1BB0K02.xlsx
Saved: C:\Users\Admin\Desktop\New folder\SICK_Products\SFS_SFM60-S\images\SFM60S-H1BB0K02.jpg (43.8 KB, 500x500)
__RESULT__["C:\\Users\\Admin\\Desktop\\New folder\\SICK_Products\\SFS_SFM60-S\\images\\SFM60S-H1BB0K02.jpg"]
 -> SFM60S-H1BB0K02.xlsx
  [35/35] p513994 ...C:\Users\Admin\Desktop\New folder\SICK_Products\SFS_SFM60-S\SFS60S-HNKT0K02.xlsx
Saved: C:\Users\Admin\Desktop\New folder\SICK_Products\SFS_SFM60-S\images\SFS60S-HNKT0K02.jpg (44.1 KB, 500x500)
__RESULT__["C:\\Users\\Admin\\Desktop\\New folder\\SICK_Products\\SFS_SFM60-S\\images\\SFS60S-HNKT0K02.jpg"]
 -> SFS60S-HNKT0K02.xlsx
  => Ket qua: 35 OK, 0 loi, 0 skip / 35 tong

============================================================
[62/643] Dong: EES/EEM37-S (expected: 8 SP)
Family: EES/EEM37-S | Code: g605855 | Method: FROM_CHECKLIST
============================================================
  Dang lay danh sach san pham tu category g605855...
  Tim thay 8 san pham.
  [1/8] p618450 ...C:\Users\Admin\Desktop\New folder\SICK_Products\EES_EEM37-S\EEM37-2KF0B015A.xlsx
Saved: C:\Users\Admin\Desktop\New folder\SICK_Products\EES_EEM37-S\images\EEM37-2KF0B015A.jpg (61.2 KB, 500x500)
__RESULT__["C:\\Users\\Admin\\Desktop\\New folder\\SICK_Products\\EES_EEM37-S\\images\\EEM37-2KF0B015A.jpg"]
 -> EEM37-2KF0B015A.xlsx
  [2/8] p618446 ...C:\Users\Admin\Desktop\New folder\SICK_Products\EES_EEM37-S\EES37-2KF0B015A.xlsx
Saved: C:\Users\Admin\Desktop\New folder\SICK_Products\EES_EEM37-S\images\EES37-2KF0B015A.jpg (61.2 KB, 500x500)
__RESULT__["C:\\Users\\Admin\\Desktop\\New folder\\SICK_Products\\EES_EEM37-S\\images\\EES37-2KF0B015A.jpg"]
 -> EES37-2KF0B015A.xlsx
  [3/8] p618451 ...C:\Users\Admin\Desktop\New folder\SICK_Products\EES_EEM37-S\EEM37-2KF0B017A.xlsx
Saved: C:\Users\Admin\Desktop\New folder\SICK_Products\EES_EEM37-S\images\EEM37-2KF0B017A.jpg (61.2 KB, 500x500)
__RESULT__["C:\\Users\\Admin\\Desktop\\New folder\\SICK_Products\\EES_EEM37-S\\images\\EEM37-2KF0B017A.jpg"]
 -> EEM37-2KF0B017A.xlsx
  [4/8] p486165 ...C:\Users\Admin\Desktop\New folder\SICK_Products\EES_EEM37-S\EES37-2KF0A015A.xlsx
Saved: C:\Users\Admin\Desktop\New folder\SICK_Products\EES_EEM37-S\images\EES37-2KF0A015A.jpg (61.2 KB, 500x500)
__RESULT__["C:\\Users\\Admin\\Desktop\\New folder\\SICK_Products\\EES_EEM37-S\\images\\EES37-2KF0A015A.jpg"]
 -> EES37-2KF0A015A.xlsx
  [5/8] p486169 ...C:\Users\Admin\Desktop\New folder\SICK_Products\EES_EEM37-S\EEM37-2KF0A015A.xlsx
Saved: C:\Users\Admin\Desktop\New folder\SICK_Products\EES_EEM37-S\images\EEM37-2KF0A015A.jpg (61.2 KB, 500x500)
__RESULT__["C:\\Users\\Admin\\Desktop\\New folder\\SICK_Products\\EES_EEM37-S\\images\\EEM37-2KF0A015A.jpg"]
 -> EEM37-2KF0A015A.xlsx
  [6/8] p486166 ...C:\Users\Admin\Desktop\New folder\SICK_Products\EES_EEM37-S\EES37-2KF0A017A.xlsx
Saved: C:\Users\Admin\Desktop\New folder\SICK_Products\EES_EEM37-S\images\EES37-2KF0A017A.jpg (61.2 KB, 500x500)
__RESULT__["C:\\Users\\Admin\\Desktop\\New folder\\SICK_Products\\EES_EEM37-S\\images\\EES37-2KF0A017A.jpg"]
 -> EES37-2KF0A017A.xlsx
  [7/8] p486170 ...C:\Users\Admin\Desktop\New folder\SICK_Products\EES_EEM37-S\EEM37-2KF0A017A.xlsx
Saved: C:\Users\Admin\Desktop\New folder\SICK_Products\EES_EEM37-S\images\EEM37-2KF0A017A.jpg (61.2 KB, 500x500)
__RESULT__["C:\\Users\\Admin\\Desktop\\New folder\\SICK_Products\\EES_EEM37-S\\images\\EEM37-2KF0A017A.jpg"]
 -> EEM37-2KF0A017A.xlsx
  [8/8] p618447 ...C:\Users\Admin\Desktop\New folder\SICK_Products\EES_EEM37-S\EES37-2KF0B017A.xlsx
Saved: C:\Users\Admin\Desktop\New folder\SICK_Products\EES_EEM37-S\images\EES37-2KF0B017A.jpg (61.2 KB, 500x500)
__RESULT__["C:\\Users\\Admin\\Desktop\\New folder\\SICK_Products\\EES_EEM37-S\\images\\EES37-2KF0B017A.jpg"]
 -> EES37-2KF0B017A.xlsx
  => Ket qua: 8 OK, 0 loi, 0 skip / 8 tong

============================================================
[63/643] Dong: SKS/SKM36-S (expected: 4 SP)
Family: SKS/SKM36-S | Code: g605858 | Method: FROM_CHECKLIST
============================================================
  Dang lay danh sach san pham tu category g605858...
  CategoryCode=4, FamilyCode=6, Parent(rec)=4, UNION=6
  Tim thay 6 san pham.
  [1/6] p254958 ...C:\Users\Admin\Desktop\New folder\SICK_Products\SKS_SKM36-S\SKM36S-HFA0-K02.xlsx
Saved: C:\Users\Admin\Desktop\New folder\SICK_Products\SKS_SKM36-S\images\SKM36S-HFA0-K02.jpg (45.6 KB, 500x500)
__RESULT__["C:\\Users\\Admin\\Desktop\\New folder\\SICK_Products\\SKS_SKM36-S\\images\\SKM36S-HFA0-K02.jpg"]
 -> SKM36S-HFA0-K02.xlsx
  [2/6] p254954 ...C:\Users\Admin\Desktop\New folder\SICK_Products\SKS_SKM36-S\SKS36S-HVA0-K02.xlsx
Saved: C:\Users\Admin\Desktop\New folder\SICK_Products\SKS_SKM36-S\images\SKS36S-HVA0-K02.jpg (43.1 KB, 500x500)
__RESULT__["C:\\Users\\Admin\\Desktop\\New folder\\SICK_Products\\SKS_SKM36-S\\images\\SKS36S-HVA0-K02.jpg"]
 -> SKS36S-HVA0-K02.xlsx
  [3/6] p254953 ...C:\Users\Admin\Desktop\New folder\SICK_Products\SKS_SKM36-S\SKS36S-HFA0-K02.xlsx
Saved: C:\Users\Admin\Desktop\New folder\SICK_Products\SKS_SKM36-S\images\SKS36S-HFA0-K02.jpg (45.6 KB, 500x500)
__RESULT__["C:\\Users\\Admin\\Desktop\\New folder\\SICK_Products\\SKS_SKM36-S\\images\\SKS36S-HFA0-K02.jpg"]
 -> SKS36S-HFA0-K02.xlsx
  [4/6] p254959 ...C:\Users\Admin\Desktop\New folder\SICK_Products\SKS_SKM36-S\SKM36S-HVA0-K02.xlsx
Saved: C:\Users\Admin\Desktop\New folder\SICK_Products\SKS_SKM36-S\images\SKM36S-HVA0-K02.jpg (43.1 KB, 500x500)
__RESULT__["C:\\Users\\Admin\\Desktop\\New folder\\SICK_Products\\SKS_SKM36-S\\images\\SKM36S-HVA0-K02.jpg"]
 -> SKM36S-HVA0-K02.xlsx
  [5/6] p676113 ...C:\Users\Admin\Desktop\New folder\SICK_Products\SKS_SKM36-S\SKS36S-HFA0-K02-40.xlsx
Saved: C:\Users\Admin\Desktop\New folder\SICK_Products\SKS_SKM36-S\images\SKS36S-HFA0-K02-40.jpg (45.6 KB, 500x500)
__RESULT__["C:\\Users\\Admin\\Desktop\\New folder\\SICK_Products\\SKS_SKM36-S\\images\\SKS36S-HFA0-K02-40.jpg"]
 -> SKS36S-HFA0-K02-40.xlsx
  [6/6] p676114 ...C:\Users\Admin\Desktop\New folder\SICK_Products\SKS_SKM36-S\SKM36S-HFA0-K02-40.xlsx
Saved: C:\Users\Admin\Desktop\New folder\SICK_Products\SKS_SKM36-S\images\SKM36S-HFA0-K02-40.jpg (45.6 KB, 500x500)
__RESULT__["C:\\Users\\Admin\\Desktop\\New folder\\SICK_Products\\SKS_SKM36-S\\images\\SKM36S-HFA0-K02-40.jpg"]
 -> SKM36S-HFA0-K02-40.xlsx
  => Ket qua: 6 OK, 0 loi, 0 skip / 6 tong

============================================================
[64/643] Dong: SRS/SRM50-S (expected: 13 SP)
Family: SRS/SRM50-S | Code: g605859 | Method: FROM_CHECKLIST
============================================================
  Dang lay danh sach san pham tu category g605859...
  CategoryCode=13, FamilyCode=25, Parent(rec)=13, UNION=25
  Tim thay 25 san pham.
  [1/25] p255240 ...C:\Users\Admin\Desktop\New folder\SICK_Products\SRS_SRM50-S\SRS50S-HFV0-K22.xlsx
Saved: C:\Users\Admin\Desktop\New folder\SICK_Products\SRS_SRM50-S\images\SRS50S-HFV0-K22.jpg (22.1 KB, 500x500)
__RESULT__["C:\\Users\\Admin\\Desktop\\New folder\\SICK_Products\\SRS_SRM50-S\\images\\SRS50S-HFV0-K22.jpg"]
 -> SRS50S-HFV0-K22.xlsx
  [2/25] p255235 ...C:\Users\Admin\Desktop\New folder\SICK_Products\SRS_SRM50-S\SRS50S-HFA0-K21.xlsx
Saved: C:\Users\Admin\Desktop\New folder\SICK_Products\SRS_SRM50-S\images\SRS50S-HFA0-K21.jpg (49.4 KB, 500x500)
__RESULT__["C:\\Users\\Admin\\Desktop\\New folder\\SICK_Products\\SRS_SRM50-S\\images\\SRS50S-HFA0-K21.jpg"]
 -> SRS50S-HFA0-K21.xlsx
  [3/25] p255244 ...C:\Users\Admin\Desktop\New folder\SICK_Products\SRS_SRM50-S\SRS50S-HGA0-K22.xlsx
Saved: C:\Users\Admin\Desktop\New folder\SICK_Products\SRS_SRM50-S\images\SRS50S-HGA0-K22.jpg (57.9 KB, 500x500)
__RESULT__["C:\\Users\\Admin\\Desktop\\New folder\\SICK_Products\\SRS_SRM50-S\\images\\SRS50S-HGA0-K22.jpg"]
 -> SRS50S-HGA0-K22.xlsx
  [4/25] p255282 ...C:\Users\Admin\Desktop\New folder\SICK_Products\SRS_SRM50-S\SRM50S-HGA0-K21.xlsx
Saved: C:\Users\Admin\Desktop\New folder\SICK_Products\SRS_SRM50-S\images\SRM50S-HGA0-K21.jpg (57.9 KB, 500x500)
__RESULT__["C:\\Users\\Admin\\Desktop\\New folder\\SICK_Products\\SRS_SRM50-S\\images\\SRM50S-HGA0-K21.jpg"]
 -> SRM50S-HGA0-K21.xlsx
  [5/25] p255275 ...C:\Users\Admin\Desktop\New folder\SICK_Products\SRS_SRM50-S\SRM50S-HFA0-K22.xlsx
Saved: C:\Users\Admin\Desktop\New folder\SICK_Products\SRS_SRM50-S\images\SRM50S-HFA0-K22.jpg (49.4 KB, 500x500)
__RESULT__["C:\\Users\\Admin\\Desktop\\New folder\\SICK_Products\\SRS_SRM50-S\\images\\SRM50S-HFA0-K22.jpg"]
 -> SRM50S-HFA0-K22.xlsx
  [6/25] p255243 ...C:\Users\Admin\Desktop\New folder\SICK_Products\SRS_SRM50-S\SRS50S-HGA0-K21.xlsx
Saved: C:\Users\Admin\Desktop\New folder\SICK_Products\SRS_SRM50-S\images\SRS50S-HGA0-K21.jpg (57.9 KB, 500x500)
__RESULT__["C:\\Users\\Admin\\Desktop\\New folder\\SICK_Products\\SRS_SRM50-S\\images\\SRS50S-HGA0-K21.jpg"]
 -> SRS50S-HGA0-K21.xlsx
  [7/25] p255274 ...C:\Users\Admin\Desktop\New folder\SICK_Products\SRS_SRM50-S\SRM50S-HFA0-K21.xlsx
Saved: C:\Users\Admin\Desktop\New folder\SICK_Products\SRS_SRM50-S\images\SRM50S-HFA0-K21.jpg (49.4 KB, 500x500)
__RESULT__["C:\\Users\\Admin\\Desktop\\New folder\\SICK_Products\\SRS_SRM50-S\\images\\SRM50S-HFA0-K21.jpg"]
 -> SRM50S-HFA0-K21.xlsx
  [8/25] p255279 ...C:\Users\Admin\Desktop\New folder\SICK_Products\SRS_SRM50-S\SRM50S-HFV0-K22.xlsx
Saved: C:\Users\Admin\Desktop\New folder\SICK_Products\SRS_SRM50-S\images\SRM50S-HFV0-K22.jpg (42.6 KB, 500x500)
__RESULT__["C:\\Users\\Admin\\Desktop\\New folder\\SICK_Products\\SRS_SRM50-S\\images\\SRM50S-HFV0-K22.jpg"]
 -> SRM50S-HFV0-K22.xlsx
  [9/25] p255239 ...C:\Users\Admin\Desktop\New folder\SICK_Products\SRS_SRM50-S\SRS50S-HFV0-K21.xlsx
Saved: C:\Users\Admin\Desktop\New folder\SICK_Products\SRS_SRM50-S\images\SRS50S-HFV0-K21.jpg (22.1 KB, 500x500)
__RESULT__["C:\\Users\\Admin\\Desktop\\New folder\\SICK_Products\\SRS_SRM50-S\\images\\SRS50S-HFV0-K21.jpg"]
 -> SRS50S-HFV0-K21.xlsx
  [10/25] p255286 ...C:\Users\Admin\Desktop\New folder\SICK_Products\SRS_SRM50-S\SRM50S-HGV0-K21.xlsx
Saved: C:\Users\Admin\Desktop\New folder\SICK_Products\SRS_SRM50-S\images\SRM50S-HGV0-K21.jpg (36.7 KB, 500x500)
__RESULT__["C:\\Users\\Admin\\Desktop\\New folder\\SICK_Products\\SRS_SRM50-S\\images\\SRM50S-HGV0-K21.jpg"]
 -> SRM50S-HGV0-K21.xlsx
  [11/25] p255283 ...C:\Users\Admin\Desktop\New folder\SICK_Products\SRS_SRM50-S\SRM50S-HGA0-K22.xlsx
Saved: C:\Users\Admin\Desktop\New folder\SICK_Products\SRS_SRM50-S\images\SRM50S-HGA0-K22.jpg (57.9 KB, 500x500)
__RESULT__["C:\\Users\\Admin\\Desktop\\New folder\\SICK_Products\\SRS_SRM50-S\\images\\SRM50S-HGA0-K22.jpg"]
 -> SRM50S-HGA0-K22.xlsx
  [12/25] p255278 ...C:\Users\Admin\Desktop\New folder\SICK_Products\SRS_SRM50-S\SRM50S-HFV0-K21.xlsx
Saved: C:\Users\Admin\Desktop\New folder\SICK_Products\SRS_SRM50-S\images\SRM50S-HFV0-K21.jpg (42.6 KB, 500x500)
__RESULT__["C:\\Users\\Admin\\Desktop\\New folder\\SICK_Products\\SRS_SRM50-S\\images\\SRM50S-HFV0-K21.jpg"]
 -> SRM50S-HFV0-K21.xlsx
  [13/25] p255236 ...C:\Users\Admin\Desktop\New folder\SICK_Products\SRS_SRM50-S\SRS50S-HFA0-K22.xlsx
Saved: C:\Users\Admin\Desktop\New folder\SICK_Products\SRS_SRM50-S\images\SRS50S-HFA0-K22.jpg (49.4 KB, 500x500)
__RESULT__["C:\\Users\\Admin\\Desktop\\New folder\\SICK_Products\\SRS_SRM50-S\\images\\SRS50S-HFA0-K22.jpg"]
 -> SRS50S-HFA0-K22.xlsx
  [14/25] p255251 ...C:\Users\Admin\Desktop\New folder\SICK_Products\SRS_SRM50-S\SRS50S-HEA0-K21.xlsx
Saved: C:\Users\Admin\Desktop\New folder\SICK_Products\SRS_SRM50-S\images\SRS50S-HEA0-K21.jpg (50.9 KB, 500x500)
__RESULT__["C:\\Users\\Admin\\Desktop\\New folder\\SICK_Products\\SRS_SRM50-S\\images\\SRS50S-HEA0-K21.jpg"]
 -> SRS50S-HEA0-K21.xlsx
  [15/25] p255247 ...C:\Users\Admin\Desktop\New folder\SICK_Products\SRS_SRM50-S\SRS50S-HGV0-K21.xlsx
Saved: C:\Users\Admin\Desktop\New folder\SICK_Products\SRS_SRM50-S\images\SRS50S-HGV0-K21.jpg (36.7 KB, 500x500)
__RESULT__["C:\\Users\\Admin\\Desktop\\New folder\\SICK_Products\\SRS_SRM50-S\\images\\SRS50S-HGV0-K21.jpg"]
 -> SRS50S-HGV0-K21.xlsx
  [16/25] p255295 ...C:\Users\Admin\Desktop\New folder\SICK_Products\SRS_SRM50-S\SRM50S-HEV0-K22.xlsx
Saved: C:\Users\Admin\Desktop\New folder\SICK_Products\SRS_SRM50-S\images\SRM50S-HEV0-K22.jpg (22.1 KB, 500x500)
__RESULT__["C:\\Users\\Admin\\Desktop\\New folder\\SICK_Products\\SRS_SRM50-S\\images\\SRM50S-HEV0-K22.jpg"]
 -> SRM50S-HEV0-K22.xlsx
  [17/25] p255256 ...C:\Users\Admin\Desktop\New folder\SICK_Products\SRS_SRM50-S\SRS50S-HEV0-K22.xlsx
Saved: C:\Users\Admin\Desktop\New folder\SICK_Products\SRS_SRM50-S\images\SRS50S-HEV0-K22.jpg (29.3 KB, 500x500)
__RESULT__["C:\\Users\\Admin\\Desktop\\New folder\\SICK_Products\\SRS_SRM50-S\\images\\SRS50S-HEV0-K22.jpg"]
 -> SRS50S-HEV0-K22.xlsx
  [18/25] p255287 ...C:\Users\Admin\Desktop\New folder\SICK_Products\SRS_SRM50-S\SRM50S-HGV0-K22.xlsx
Saved: C:\Users\Admin\Desktop\New folder\SICK_Products\SRS_SRM50-S\images\SRM50S-HGV0-K22.jpg (36.7 KB, 500x500)
__RESULT__["C:\\Users\\Admin\\Desktop\\New folder\\SICK_Products\\SRS_SRM50-S\\images\\SRM50S-HGV0-K22.jpg"]
 -> SRM50S-HGV0-K22.xlsx
  [19/25] p255252 ...C:\Users\Admin\Desktop\New folder\SICK_Products\SRS_SRM50-S\SRS50S-HEA0-K22.xlsx
Saved: C:\Users\Admin\Desktop\New folder\SICK_Products\SRS_SRM50-S\images\SRS50S-HEA0-K22.jpg (50.9 KB, 500x500)
__RESULT__["C:\\Users\\Admin\\Desktop\\New folder\\SICK_Products\\SRS_SRM50-S\\images\\SRS50S-HEA0-K22.jpg"]
 -> SRS50S-HEA0-K22.xlsx
  [20/25] p649824 ...C:\Users\Admin\Desktop\New folder\SICK_Products\SRS_SRM50-S\SRM50S-FFA0-S21.xlsx
Saved: C:\Users\Admin\Desktop\New folder\SICK_Products\SRS_SRM50-S\images\SRM50S-FFA0-S21.jpg (22.1 KB, 500x500)
__RESULT__["C:\\Users\\Admin\\Desktop\\New folder\\SICK_Products\\SRS_SRM50-S\\images\\SRM50S-FFA0-S21.jpg"]
 -> SRM50S-FFA0-S21.xlsx
  [21/25] p255294 ...C:\Users\Admin\Desktop\New folder\SICK_Products\SRS_SRM50-S\SRM50S-HEV0-K21.xlsx
Saved: C:\Users\Admin\Desktop\New folder\SICK_Products\SRS_SRM50-S\images\SRM50S-HEV0-K21.jpg (22.1 KB, 500x500)
__RESULT__["C:\\Users\\Admin\\Desktop\\New folder\\SICK_Products\\SRS_SRM50-S\\images\\SRM50S-HEV0-K21.jpg"]
 -> SRM50S-HEV0-K21.xlsx
  [22/25] p255290 ...C:\Users\Admin\Desktop\New folder\SICK_Products\SRS_SRM50-S\SRM50S-HEA0-K21.xlsx
Saved: C:\Users\Admin\Desktop\New folder\SICK_Products\SRS_SRM50-S\images\SRM50S-HEA0-K21.jpg (22.1 KB, 500x500)
__RESULT__["C:\\Users\\Admin\\Desktop\\New folder\\SICK_Products\\SRS_SRM50-S\\images\\SRM50S-HEA0-K21.jpg"]
 -> SRM50S-HEA0-K21.xlsx
  [23/25] p255248 ...C:\Users\Admin\Desktop\New folder\SICK_Products\SRS_SRM50-S\SRS50S-HGV0-K22.xlsx
Saved: C:\Users\Admin\Desktop\New folder\SICK_Products\SRS_SRM50-S\images\SRS50S-HGV0-K22.jpg (36.7 KB, 500x500)
__RESULT__["C:\\Users\\Admin\\Desktop\\New folder\\SICK_Products\\SRS_SRM50-S\\images\\SRS50S-HGV0-K22.jpg"]
 -> SRS50S-HGV0-K22.xlsx
  [24/25] p255291 ...C:\Users\Admin\Desktop\New folder\SICK_Products\SRS_SRM50-S\SRM50S-HEA0-K22.xlsx
Saved: C:\Users\Admin\Desktop\New folder\SICK_Products\SRS_SRM50-S\images\SRM50S-HEA0-K22.jpg (22.1 KB, 500x500)
__RESULT__["C:\\Users\\Admin\\Desktop\\New folder\\SICK_Products\\SRS_SRM50-S\\images\\SRM50S-HEA0-K22.jpg"]
 -> SRM50S-HEA0-K22.xlsx
  [25/25] p255255 ...C:\Users\Admin\Desktop\New folder\SICK_Products\SRS_SRM50-S\SRS50S-HEV0-K21.xlsx
Saved: C:\Users\Admin\Desktop\New folder\SICK_Products\SRS_SRM50-S\images\SRS50S-HEV0-K21.jpg (29.3 KB, 500x500)
__RESULT__["C:\\Users\\Admin\\Desktop\\New folder\\SICK_Products\\SRS_SRM50-S\\images\\SRS50S-HEV0-K21.jpg"]
 -> SRS50S-HEV0-K21.xlsx
  => Ket qua: 25 OK, 0 loi, 0 skip / 25 tong

============================================================
[65/643] Dong: Standstill Monitor (expected: 6 SP)
Family: Standstill Monitor | Code: g254556 | Method: FROM_CHECKLIST
============================================================
  Dang lay danh sach san pham tu category g254556...
  Tim thay 6 san pham.
  [1/6] p291459 ...C:\Users\Admin\Desktop\New folder\SICK_Products\Standstill_Monitor\MOC3ZA-KAZ34A6.xlsx
Saved: C:\Users\Admin\Desktop\New folder\SICK_Products\Standstill_Monitor\images\MOC3ZA-KAZ34A6.jpg (49.7 KB, 500x500)
__RESULT__["C:\\Users\\Admin\\Desktop\\New folder\\SICK_Products\\Standstill_Monitor\\images\\MOC3ZA-KAZ34A6.jpg"]
 -> MOC3ZA-KAZ34A6.xlsx
  [2/6] p291456 ...C:\Users\Admin\Desktop\New folder\SICK_Products\Standstill_Monitor\MOC3ZA-KAZ33A6.xlsx
Saved: C:\Users\Admin\Desktop\New folder\SICK_Products\Standstill_Monitor\images\MOC3ZA-KAZ33A6.jpg (49.7 KB, 500x500)
__RESULT__["C:\\Users\\Admin\\Desktop\\New folder\\SICK_Products\\Standstill_Monitor\\images\\MOC3ZA-KAZ33A6.jpg"]
 -> MOC3ZA-KAZ33A6.xlsx
  [3/6] p291457 ...C:\Users\Admin\Desktop\New folder\SICK_Products\Standstill_Monitor\MOC3ZA-KAZ34D3.xlsx
Saved: C:\Users\Admin\Desktop\New folder\SICK_Products\Standstill_Monitor\images\MOC3ZA-KAZ34D3.jpg (49.7 KB, 500x500)
__RESULT__["C:\\Users\\Admin\\Desktop\\New folder\\SICK_Products\\Standstill_Monitor\\images\\MOC3ZA-KAZ34D3.jpg"]
 -> MOC3ZA-KAZ34D3.xlsx
  [4/6] p291455 ...C:\Users\Admin\Desktop\New folder\SICK_Products\Standstill_Monitor\MOC3ZA-KAZ33A3.xlsx
Saved: C:\Users\Admin\Desktop\New folder\SICK_Products\Standstill_Monitor\images\MOC3ZA-KAZ33A3.jpg (49.7 KB, 500x500)
__RESULT__["C:\\Users\\Admin\\Desktop\\New folder\\SICK_Products\\Standstill_Monitor\\images\\MOC3ZA-KAZ33A3.jpg"]
 -> MOC3ZA-KAZ33A3.xlsx
  [5/6] p291454 ...C:\Users\Admin\Desktop\New folder\SICK_Products\Standstill_Monitor\MOC3ZA-KAZ33D3.xlsx
Saved: C:\Users\Admin\Desktop\New folder\SICK_Products\Standstill_Monitor\images\MOC3ZA-KAZ33D3.jpg (49.7 KB, 500x500)
__RESULT__["C:\\Users\\Admin\\Desktop\\New folder\\SICK_Products\\Standstill_Monitor\\images\\MOC3ZA-KAZ33D3.jpg"]
 -> MOC3ZA-KAZ33D3.xlsx
  [6/6] p291458 ...C:\Users\Admin\Desktop\New folder\SICK_Products\Standstill_Monitor\MOC3ZA-KAZ34A3.xlsx
Saved: C:\Users\Admin\Desktop\New folder\SICK_Products\Standstill_Monitor\images\MOC3ZA-KAZ34A3.jpg (49.7 KB, 500x500)
__RESULT__["C:\\Users\\Admin\\Desktop\\New folder\\SICK_Products\\Standstill_Monitor\\images\\MOC3ZA-KAZ34A3.jpg"]
 -> MOC3ZA-KAZ34A3.xlsx
  => Ket qua: 6 OK, 0 loi, 0 skip / 6 tong

============================================================
[66/643] Dong: Speed Monitor (expected: 4 SP)
Family: Speed Monitor | Code: g202352 | Method: FROM_CHECKLIST
============================================================
  Dang lay danh sach san pham tu category g202352...
  Tim thay 4 san pham.
  [1/4] p246450 ...C:\Users\Admin\Desktop\New folder\SICK_Products\Speed_Monitor\MOC3SA-AAB44D31.xlsx
Saved: C:\Users\Admin\Desktop\New folder\SICK_Products\Speed_Monitor\images\MOC3SA-AAB44D31.jpg (32.8 KB, 500x500)
__RESULT__["C:\\Users\\Admin\\Desktop\\New folder\\SICK_Products\\Speed_Monitor\\images\\MOC3SA-AAB44D31.jpg"]
 -> MOC3SA-AAB44D31.xlsx
  [2/4] p246449 ...C:\Users\Admin\Desktop\New folder\SICK_Products\Speed_Monitor\MOC3SA-AAB43D31.xlsx
Saved: C:\Users\Admin\Desktop\New folder\SICK_Products\Speed_Monitor\images\MOC3SA-AAB43D31.jpg (34.6 KB, 500x500)
__RESULT__["C:\\Users\\Admin\\Desktop\\New folder\\SICK_Products\\Speed_Monitor\\images\\MOC3SA-AAB43D31.jpg"]
 -> MOC3SA-AAB43D31.xlsx
  [3/4] p246451 ...C:\Users\Admin\Desktop\New folder\SICK_Products\Speed_Monitor\MOC3SA-BAB43D31.xlsx
Saved: C:\Users\Admin\Desktop\New folder\SICK_Products\Speed_Monitor\images\MOC3SA-BAB43D31.jpg (34.6 KB, 500x500)
__RESULT__["C:\\Users\\Admin\\Desktop\\New folder\\SICK_Products\\Speed_Monitor\\images\\MOC3SA-BAB43D31.jpg"]
 -> MOC3SA-BAB43D31.xlsx
  [4/4] p246452 ...C:\Users\Admin\Desktop\New folder\SICK_Products\Speed_Monitor\MOC3SA-BAB44D31.xlsx
Saved: C:\Users\Admin\Desktop\New folder\SICK_Products\Speed_Monitor\images\MOC3SA-BAB44D31.jpg (32.8 KB, 500x500)
__RESULT__["C:\\Users\\Admin\\Desktop\\New folder\\SICK_Products\\Speed_Monitor\\images\\MOC3SA-BAB44D31.jpg"]
 -> MOC3SA-BAB44D31.xlsx
  => Ket qua: 4 OK, 0 loi, 0 skip / 4 tong

============================================================
[67/643] Dong: Flexi Soft Drive Monitor (expected: 3 SP)
Family: Flexi Soft Drive Monitor | Code: g555813 | Method: FROM_CHECKLIST
============================================================
  Dang lay danh sach san pham tu category g555813...
  Tim thay 3 san pham.
  [1/3] p315800 ...C:\Users\Admin\Desktop\New folder\SICK_Products\Flexi_Soft_Drive_Monitor\FX3-MOC000000.xlsx
Saved: C:\Users\Admin\Desktop\New folder\SICK_Products\Flexi_Soft_Drive_Monitor\images\FX3-MOC000000.jpg (28.0 KB, 500x500)
__RESULT__["C:\\Users\\Admin\\Desktop\\New folder\\SICK_Products\\Flexi_Soft_Drive_Monitor\\images\\FX3-MOC000000.jpg"]
 -> FX3-MOC000000.xlsx
  [2/3] p542844 ...C:\Users\Admin\Desktop\New folder\SICK_Products\Flexi_Soft_Drive_Monitor\FX3-MOC100000.xlsx
Saved: C:\Users\Admin\Desktop\New folder\SICK_Products\Flexi_Soft_Drive_Monitor\images\FX3-MOC100000.jpg (27.7 KB, 500x500)
__RESULT__["C:\\Users\\Admin\\Desktop\\New folder\\SICK_Products\\Flexi_Soft_Drive_Monitor\\images\\FX3-MOC100000.jpg"]
 -> FX3-MOC100000.xlsx
  [3/3] p662582 ...C:\Users\Admin\Desktop\New folder\SICK_Products\Flexi_Soft_Drive_Monitor\FX3-MOC100010.xlsx
Saved: C:\Users\Admin\Desktop\New folder\SICK_Products\Flexi_Soft_Drive_Monitor\images\FX3-MOC100010.jpg (27.7 KB, 500x500)
__RESULT__["C:\\Users\\Admin\\Desktop\\New folder\\SICK_Products\\Flexi_Soft_Drive_Monitor\\images\\FX3-MOC100010.jpg"]
 -> FX3-MOC100010.xlsx
  => Ket qua: 3 OK, 0 loi, 0 skip / 3 tong

============================================================
[68/643] Dong: AFS/AFM60S Pro (expected: 944 SP)
Family: AFS/AFM60S Pro | Code: g430251 | Method: FROM_CHECKLIST
============================================================
  Dang lay danh sach san pham tu category g430251...
  Tim thay 944 san pham.
  [1/944] p548856 ...C:\Users\Admin\Desktop\New folder\SICK_Products\AFS_AFM60S_Pro\AFM60S-S1SC262144.xlsx
Saved: C:\Users\Admin\Desktop\New folder\SICK_Products\AFS_AFM60S_Pro\images\AFM60S-S1SC262144.jpg (48.4 KB, 500x500)
__RESULT__["C:\\Users\\Admin\\Desktop\\New folder\\SICK_Products\\AFS_AFM60S_Pro\\images\\AFM60S-S1SC262144.jpg"]
 -> AFM60S-S1SC262144.xlsx
  [2/944] p549134 ...C:\Users\Admin\Desktop\New folder\SICK_Products\AFS_AFM60S_Pro\AFS60S-SFKM262144.xlsx
Saved: C:\Users\Admin\Desktop\New folder\SICK_Products\AFS_AFM60S_Pro\images\AFS60S-SFKM262144.jpg (33.3 KB, 500x500)
__RESULT__["C:\\Users\\Admin\\Desktop\\New folder\\SICK_Products\\AFS_AFM60S_Pro\\images\\AFS60S-SFKM262144.jpg"]
 -> AFS60S-SFKM262144.xlsx
  [3/944] p548917 ...C:\Users\Admin\Desktop\New folder\SICK_Products\AFS_AFM60S_Pro\AFM60S-SFSM262144.xlsx
Saved: C:\Users\Admin\Desktop\New folder\SICK_Products\AFS_AFM60S_Pro\images\AFM60S-SFSM262144.jpg (33.3 KB, 500x500)
__RESULT__["C:\\Users\\Admin\\Desktop\\New folder\\SICK_Products\\AFS_AFM60S_Pro\\images\\AFM60S-SFSM262144.jpg"]
 -> AFM60S-SFSM262144.xlsx
  [4/944] p548792 ...C:\Users\Admin\Desktop\New folder\SICK_Products\AFS_AFM60S_Pro\AFS60S-TCSM262144.xlsx
Saved: C:\Users\Admin\Desktop\New folder\SICK_Products\AFS_AFM60S_Pro\images\AFS60S-TCSM262144.jpg (37.0 KB, 500x500)
__RESULT__["C:\\Users\\Admin\\Desktop\\New folder\\SICK_Products\\AFS_AFM60S_Pro\\images\\AFS60S-TCSM262144.jpg"]
 -> AFS60S-TCSM262144.xlsx
  [5/944] p548772 ...C:\Users\Admin\Desktop\New folder\SICK_Products\AFS_AFM60S_Pro\AFM60S-TASK262144.xlsx
Saved: C:\Users\Admin\Desktop\New folder\SICK_Products\AFS_AFM60S_Pro\images\AFM60S-TASK262144.jpg (37.0 KB, 500x500)
__RESULT__["C:\\Users\\Admin\\Desktop\\New folder\\SICK_Products\\AFS_AFM60S_Pro\\images\\AFM60S-TASK262144.jpg"]
 -> AFM60S-TASK262144.xlsx
  [6/944] p549186 ...C:\Users\Admin\Desktop\New folder\SICK_Products\AFS_AFM60S_Pro\AFS60S-SEKJ262144.xlsx
Saved: C:\Users\Admin\Desktop\New folder\SICK_Products\AFS_AFM60S_Pro\images\AFS60S-SEKJ262144.jpg (30.4 KB, 500x500)
__RESULT__["C:\\Users\\Admin\\Desktop\\New folder\\SICK_Products\\AFS_AFM60S_Pro\\images\\AFS60S-SEKJ262144.jpg"]
 -> AFS60S-SEKJ262144.xlsx
  [7/944] p689059 ...C:\Users\Admin\Desktop\New folder\SICK_Products\AFS_AFM60S_Pro\AFM60S-TEKK004096.xlsx
Saved: C:\Users\Admin\Desktop\New folder\SICK_Products\AFS_AFM60S_Pro\images\AFM60S-TEKK004096.jpg (37.0 KB, 500x500)
__RESULT__["C:\\Users\\Admin\\Desktop\\New folder\\SICK_Products\\AFS_AFM60S_Pro\\images\\AFM60S-TEKK004096.jpg"]
 -> AFM60S-TEKK004096.xlsx
  [8/944] p548704 ...C:\Users\Admin\Desktop\New folder\SICK_Products\AFS_AFM60S_Pro\AFS60S-TBKL262144.xlsx
Saved: C:\Users\Admin\Desktop\New folder\SICK_Products\AFS_AFM60S_Pro\images\AFS60S-TBKL262144.jpg (37.0 KB, 500x500)
__RESULT__["C:\\Users\\Admin\\Desktop\\New folder\\SICK_Products\\AFS_AFM60S_Pro\\images\\AFS60S-TBKL262144.jpg"]
 -> AFS60S-TBKL262144.xlsx
  [9/944] p549130 ...C:\Users\Admin\Desktop\New folder\SICK_Products\AFS_AFM60S_Pro\AFS60S-S1KN262144.xlsx
Saved: C:\Users\Admin\Desktop\New folder\SICK_Products\AFS_AFM60S_Pro\images\AFS60S-S1KN262144.jpg (33.3 KB, 500x500)
__RESULT__["C:\\Users\\Admin\\Desktop\\New folder\\SICK_Products\\AFS_AFM60S_Pro\\images\\AFS60S-S1KN262144.jpg"]
 -> AFS60S-S1KN262144.xlsx
  [10/944] p548469 ...C:\Users\Admin\Desktop\New folder\SICK_Products\AFS_AFM60S_Pro\AFS60S-BCKM262144.xlsx
Saved: C:\Users\Admin\Desktop\New folder\SICK_Products\AFS_AFM60S_Pro\images\AFS60S-BCKM262144.jpg (37.0 KB, 500x500)
__RESULT__["C:\\Users\\Admin\\Desktop\\New folder\\SICK_Products\\AFS_AFM60S_Pro\\images\\AFS60S-BCKM262144.jpg"]
 -> AFS60S-BCKM262144.xlsx
  [11/944] p548979 ...C:\Users\Admin\Desktop\New folder\SICK_Products\AFS_AFM60S_Pro\AFS60S-SJSM262144.xlsx
Saved: C:\Users\Admin\Desktop\New folder\SICK_Products\AFS_AFM60S_Pro\images\AFS60S-SJSM262144.jpg (30.4 KB, 500x500)
__RESULT__["C:\\Users\\Admin\\Desktop\\New folder\\SICK_Products\\AFS_AFM60S_Pro\\images\\AFS60S-SJSM262144.jpg"]
 -> AFS60S-SJSM262144.xlsx
  [12/944] p548955 ...C:\Users\Admin\Desktop\New folder\SICK_Products\AFS_AFM60S_Pro\AFS60S-SHSM262144.xlsx
Saved: C:\Users\Admin\Desktop\New folder\SICK_Products\AFS_AFM60S_Pro\images\AFS60S-SHSM262144.jpg (32.3 KB, 500x500)
__RESULT__["C:\\Users\\Admin\\Desktop\\New folder\\SICK_Products\\AFS_AFM60S_Pro\\images\\AFS60S-SHSM262144.jpg"]
 -> AFS60S-SHSM262144.xlsx
  [13/944] p549179 ...C:\Users\Admin\Desktop\New folder\SICK_Products\AFS_AFM60S_Pro\AFS60S-SHKM262144.xlsx
Saved: C:\Users\Admin\Desktop\New folder\SICK_Products\AFS_AFM60S_Pro\images\AFS60S-SHKM262144.jpg (32.3 KB, 500x500)
__RESULT__["C:\\Users\\Admin\\Desktop\\New folder\\SICK_Products\\AFS_AFM60S_Pro\\images\\AFS60S-SHKM262144.jpg"]
 -> AFS60S-SHKM262144.xlsx
  [14/944] p549117 ...C:\Users\Admin\Desktop\New folder\SICK_Products\AFS_AFM60S_Pro\AFM60S-SGKB262144.xlsx
Saved: C:\Users\Admin\Desktop\New folder\SICK_Products\AFS_AFM60S_Pro\images\AFM60S-SGKB262144.jpg (58.9 KB, 500x500)
__RESULT__["C:\\Users\\Admin\\Desktop\\New folder\\SICK_Products\\AFS_AFM60S_Pro\\images\\AFM60S-SGKB262144.jpg"]
 -> AFM60S-SGKB262144.xlsx
  [15/944] p549256 ...C:\Users\Admin\Desktop\New folder\SICK_Products\AFS_AFM60S_Pro\AFS60S-SHKI262144.xlsx
Saved: C:\Users\Admin\Desktop\New folder\SICK_Products\AFS_AFM60S_Pro\images\AFS60S-SHKI262144.jpg (41.9 KB, 500x500)
__RESULT__["C:\\Users\\Admin\\Desktop\\New folder\\SICK_Products\\AFS_AFM60S_Pro\\images\\AFS60S-SHKI262144.jpg"]
 -> AFS60S-SHKI262144.xlsx
  [16/944] p549043 ...C:\Users\Admin\Desktop\New folder\SICK_Products\AFS_AFM60S_Pro\AFS60S-SESR262144.xlsx
Saved: C:\Users\Admin\Desktop\New folder\SICK_Products\AFS_AFM60S_Pro\images\AFS60S-SESR262144.jpg (52.3 KB, 500x500)
__RESULT__["C:\\Users\\Admin\\Desktop\\New folder\\SICK_Products\\AFS_AFM60S_Pro\\images\\AFS60S-SESR262144.jpg"]
 -> AFS60S-SESR262144.xlsx
  [17/944] p549268 ...C:\Users\Admin\Desktop\New folder\SICK_Products\AFS_AFM60S_Pro\AFS60S-SEKS262144.xlsx
Saved: C:\Users\Admin\Desktop\New folder\SICK_Products\AFS_AFM60S_Pro\images\AFS60S-SEKS262144.jpg (52.3 KB, 500x500)
__RESULT__["C:\\Users\\Admin\\Desktop\\New folder\\SICK_Products\\AFS_AFM60S_Pro\\images\\AFS60S-SEKS262144.jpg"]
 -> AFS60S-SEKS262144.xlsx
  [18/944] p549034 ...C:\Users\Admin\Desktop\New folder\SICK_Products\AFS_AFM60S_Pro\AFS60S-SHSS262144.xlsx
Saved: C:\Users\Admin\Desktop\New folder\SICK_Products\AFS_AFM60S_Pro\images\AFS60S-SHSS262144.jpg (41.9 KB, 500x500)
__RESULT__["C:\\Users\\Admin\\Desktop\\New folder\\SICK_Products\\AFS_AFM60S_Pro\\images\\AFS60S-SHSS262144.jpg"]
 -> AFS60S-SHSS262144.xlsx
  [19/944] p548900 ...C:\Users\Admin\Desktop\New folder\SICK_Products\AFS_AFM60S_Pro\AFS60S-SJSB262144.xlsx
Saved: C:\Users\Admin\Desktop\New folder\SICK_Products\AFS_AFM60S_Pro\images\AFS60S-SJSB262144.jpg (52.3 KB, 500x500)
__RESULT__["C:\\Users\\Admin\\Desktop\\New folder\\SICK_Products\\AFS_AFM60S_Pro\\images\\AFS60S-SJSB262144.jpg"]
 -> AFS60S-SJSB262144.xlsx
  [20/944] p549104 ...C:\Users\Admin\Desktop\New folder\SICK_Products\AFS_AFM60S_Pro\AFS60S-SHKD262144.xlsx
Saved: C:\Users\Admin\Desktop\New folder\SICK_Products\AFS_AFM60S_Pro\images\AFS60S-SHKD262144.jpg (41.9 KB, 500x500)
__RESULT__["C:\\Users\\Admin\\Desktop\\New folder\\SICK_Products\\AFS_AFM60S_Pro\\images\\AFS60S-SHKD262144.jpg"]
 -> AFS60S-SHKD262144.xlsx
  [21/944] p548458 ...C:\Users\Admin\Desktop\New folder\SICK_Products\AFS_AFM60S_Pro\AFM60S-BFKJ262144.xlsx
Saved: C:\Users\Admin\Desktop\New folder\SICK_Products\AFS_AFM60S_Pro\images\AFM60S-BFKJ262144.jpg (37.0 KB, 500x500)
__RESULT__["C:\\Users\\Admin\\Desktop\\New folder\\SICK_Products\\AFS_AFM60S_Pro\\images\\AFM60S-BFKJ262144.jpg"]
 -> AFM60S-BFKJ262144.xlsx
  [22/944] p548657 ...C:\Users\Admin\Desktop\New folder\SICK_Products\AFS_AFM60S_Pro\AFS60S-TGSC262144.xlsx
Saved: C:\Users\Admin\Desktop\New folder\SICK_Products\AFS_AFM60S_Pro\images\AFS60S-TGSC262144.jpg (46.0 KB, 500x500)
__RESULT__["C:\\Users\\Admin\\Desktop\\New folder\\SICK_Products\\AFS_AFM60S_Pro\\images\\AFS60S-TGSC262144.jpg"]
 -> AFS60S-TGSC262144.xlsx
  [23/944] p548749 ...C:\Users\Admin\Desktop\New folder\SICK_Products\AFS_AFM60S_Pro\AFM60S-TEKN262144.xlsx
Saved: C:\Users\Admin\Desktop\New folder\SICK_Products\AFS_AFM60S_Pro\images\AFM60S-TEKN262144.jpg (37.0 KB, 500x500)
__RESULT__["C:\\Users\\Admin\\Desktop\\New folder\\SICK_Products\\AFS_AFM60S_Pro\\images\\AFM60S-TEKN262144.jpg"]
 -> AFM60S-TEKN262144.xlsx
  [24/944] p548444 ...C:\Users\Admin\Desktop\New folder\SICK_Products\AFS_AFM60S_Pro\AFS60S-BHKJ262144.xlsx
Saved: C:\Users\Admin\Desktop\New folder\SICK_Products\AFS_AFM60S_Pro\images\AFS60S-BHKJ262144.jpg (37.0 KB, 500x500)
__RESULT__["C:\\Users\\Admin\\Desktop\\New folder\\SICK_Products\\AFS_AFM60S_Pro\\images\\AFS60S-BHKJ262144.jpg"]
 -> AFS60S-BHKJ262144.xlsx
  [25/944] p548461 ...C:\Users\Admin\Desktop\New folder\SICK_Products\AFS_AFM60S_Pro\AFM60S-BGKK262144.xlsx
Saved: C:\Users\Admin\Desktop\New folder\SICK_Products\AFS_AFM60S_Pro\images\AFM60S-BGKK262144.jpg (37.0 KB, 500x500)
__RESULT__["C:\\Users\\Admin\\Desktop\\New folder\\SICK_Products\\AFS_AFM60S_Pro\\images\\AFM60S-BGKK262144.jpg"]
 -> AFM60S-BGKK262144.xlsx
  [26/944] p549100 ...C:\Users\Admin\Desktop\New folder\SICK_Products\AFS_AFM60S_Pro\AFM60S-SDKD262144.xlsx
Saved: C:\Users\Admin\Desktop\New folder\SICK_Products\AFS_AFM60S_Pro\images\AFM60S-SDKD262144.jpg (58.9 KB, 500x500)
__RESULT__["C:\\Users\\Admin\\Desktop\\New folder\\SICK_Products\\AFS_AFM60S_Pro\\images\\AFM60S-SDKD262144.jpg"]
 -> AFM60S-SDKD262144.xlsx
  [27/944] p548500 ...C:\Users\Admin\Desktop\New folder\SICK_Products\AFS_AFM60S_Pro\AFS60S-BCKN262144.xlsx
Saved: C:\Users\Admin\Desktop\New folder\SICK_Products\AFS_AFM60S_Pro\images\AFS60S-BCKN262144.jpg (37.0 KB, 500x500)
__RESULT__["C:\\Users\\Admin\\Desktop\\New folder\\SICK_Products\\AFS_AFM60S_Pro\\images\\AFS60S-BCKN262144.jpg"]
 -> AFS60S-BCKN262144.xlsx
  [28/944] p548551 ...C:\Users\Admin\Desktop\New folder\SICK_Products\AFS_AFM60S_Pro\AFS60S-BBSL262144.xlsx
Saved: C:\Users\Admin\Desktop\New folder\SICK_Products\AFS_AFM60S_Pro\images\AFS60S-BBSL262144.jpg (37.0 KB, 500x500)
__RESULT__["C:\\Users\\Admin\\Desktop\\New folder\\SICK_Products\\AFS_AFM60S_Pro\\images\\AFS60S-BBSL262144.jpg"]
 -> AFS60S-BBSL262144.xlsx
  [29/944] p549214 ...C:\Users\Admin\Desktop\New folder\SICK_Products\AFS_AFM60S_Pro\AFS60S-SFKT262144.xlsx
Saved: C:\Users\Admin\Desktop\New folder\SICK_Products\AFS_AFM60S_Pro\images\AFS60S-SFKT262144.jpg (45.3 KB, 500x500)
__RESULT__["C:\\Users\\Admin\\Desktop\\New folder\\SICK_Products\\AFS_AFM60S_Pro\\images\\AFS60S-SFKT262144.jpg"]
 -> AFS60S-SFKT262144.xlsx
  [30/944] p548736 ...C:\Users\Admin\Desktop\New folder\SICK_Products\AFS_AFM60S_Pro\AFS60S-TAKN262144.xlsx
Saved: C:\Users\Admin\Desktop\New folder\SICK_Products\AFS_AFM60S_Pro\images\AFS60S-TAKN262144.jpg (37.0 KB, 500x500)
__RESULT__["C:\\Users\\Admin\\Desktop\\New folder\\SICK_Products\\AFS_AFM60S_Pro\\images\\AFS60S-TAKN262144.jpg"]
 -> AFS60S-TAKN262144.xlsx
  [31/944] p548965 ...C:\Users\Admin\Desktop\New folder\SICK_Products\AFS_AFM60S_Pro\AFS60S-SESM262144.xlsx
Saved: C:\Users\Admin\Desktop\New folder\SICK_Products\AFS_AFM60S_Pro\images\AFS60S-SESM262144.jpg (30.4 KB, 500x500)
__RESULT__["C:\\Users\\Admin\\Desktop\\New folder\\SICK_Products\\AFS_AFM60S_Pro\\images\\AFS60S-SESM262144.jpg"]
 -> AFS60S-SESM262144.xlsx
  [32/944] p548466 ...C:\Users\Admin\Desktop\New folder\SICK_Products\AFS_AFM60S_Pro\AFS60S-BBKL262144.xlsx
Saved: C:\Users\Admin\Desktop\New folder\SICK_Products\AFS_AFM60S_Pro\images\AFS60S-BBKL262144.jpg (37.0 KB, 500x500)
__RESULT__["C:\\Users\\Admin\\Desktop\\New folder\\SICK_Products\\AFS_AFM60S_Pro\\images\\AFS60S-BBKL262144.jpg"]
 -> AFS60S-BBKL262144.xlsx
  [33/944] p548611 ...C:\Users\Admin\Desktop\New folder\SICK_Products\AFS_AFM60S_Pro\AFM60S-TCKA262144.xlsx
Saved: C:\Users\Admin\Desktop\New folder\SICK_Products\AFS_AFM60S_Pro\images\AFM60S-TCKA262144.jpg (45.6 KB, 500x500)
__RESULT__["C:\\Users\\Admin\\Desktop\\New folder\\SICK_Products\\AFS_AFM60S_Pro\\images\\AFM60S-TCKA262144.jpg"]
 -> AFM60S-TCKA262144.xlsx
  [34/944] p548766 ...C:\Users\Admin\Desktop\New folder\SICK_Products\AFS_AFM60S_Pro\AFS60S-TGSK262144.xlsx
Saved: C:\Users\Admin\Desktop\New folder\SICK_Products\AFS_AFM60S_Pro\images\AFS60S-TGSK262144.jpg (37.0 KB, 500x500)
__RESULT__["C:\\Users\\Admin\\Desktop\\New folder\\SICK_Products\\AFS_AFM60S_Pro\\images\\AFS60S-TGSK262144.jpg"]
 -> AFS60S-TGSK262144.xlsx
  [35/944] p685738 ...C:\Users\Admin\Desktop\New folder\SICK_Products\AFS_AFM60S_Pro\AFM60S-SEKA004096.xlsx
Saved: C:\Users\Admin\Desktop\New folder\SICK_Products\AFS_AFM60S_Pro\images\AFM60S-SEKA004096.jpg (41.1 KB, 500x500)
__RESULT__["C:\\Users\\Admin\\Desktop\\New folder\\SICK_Products\\AFS_AFM60S_Pro\\images\\AFM60S-SEKA004096.jpg"]
 -> AFM60S-SEKA004096.xlsx
  [36/944] p549033 ...C:\Users\Admin\Desktop\New folder\SICK_Products\AFS_AFM60S_Pro\AFS60S-SHSR262144.xlsx
Saved: C:\Users\Admin\Desktop\New folder\SICK_Products\AFS_AFM60S_Pro\images\AFS60S-SHSR262144.jpg (41.9 KB, 500x500)
__RESULT__["C:\\Users\\Admin\\Desktop\\New folder\\SICK_Products\\AFS_AFM60S_Pro\\images\\AFS60S-SHSR262144.jpg"]
 -> AFS60S-SHSR262144.xlsx
  [37/944] p548859 ...C:\Users\Admin\Desktop\New folder\SICK_Products\AFS_AFM60S_Pro\AFS60S-SGSC262144.xlsx
Saved: C:\Users\Admin\Desktop\New folder\SICK_Products\AFS_AFM60S_Pro\images\AFS60S-SGSC262144.jpg (50.5 KB, 500x500)
__RESULT__["C:\\Users\\Admin\\Desktop\\New folder\\SICK_Products\\AFS_AFM60S_Pro\\images\\AFS60S-SGSC262144.jpg"]
 -> AFS60S-SGSC262144.xlsx
  [38/944] p548375 ...C:\Users\Admin\Desktop\New folder\SICK_Products\AFS_AFM60S_Pro\AFM60S-BEKA262144.xlsx
Saved: C:\Users\Admin\Desktop\New folder\SICK_Products\AFS_AFM60S_Pro\images\AFM60S-BEKA262144.jpg (45.6 KB, 500x500)
__RESULT__["C:\\Users\\Admin\\Desktop\\New folder\\SICK_Products\\AFS_AFM60S_Pro\\images\\AFM60S-BEKA262144.jpg"]
 -> AFM60S-BEKA262144.xlsx
  [39/944] p549112 ...C:\Users\Admin\Desktop\New folder\SICK_Products\AFS_AFM60S_Pro\AFM60S-S1KB262144.xlsx
Saved: C:\Users\Admin\Desktop\New folder\SICK_Products\AFS_AFM60S_Pro\images\AFM60S-S1KB262144.jpg (45.3 KB, 500x500)
__RESULT__["C:\\Users\\Admin\\Desktop\\New folder\\SICK_Products\\AFS_AFM60S_Pro\\images\\AFM60S-S1KB262144.jpg"]
 -> AFM60S-S1KB262144.xlsx
  [40/944] p549149 ...C:\Users\Admin\Desktop\New folder\SICK_Products\AFS_AFM60S_Pro\AFS60S-SDKM262144.xlsx
Saved: C:\Users\Admin\Desktop\New folder\SICK_Products\AFS_AFM60S_Pro\images\AFS60S-SDKM262144.jpg (33.4 KB, 500x500)
__RESULT__["C:\\Users\\Admin\\Desktop\\New folder\\SICK_Products\\AFS_AFM60S_Pro\\images\\AFS60S-SDKM262144.jpg"]
 -> AFS60S-SDKM262144.xlsx
  [41/944] p548904 ...C:\Users\Admin\Desktop\New folder\SICK_Products\AFS_AFM60S_Pro\AFS60S-S1SL262144.xlsx
Saved: C:\Users\Admin\Desktop\New folder\SICK_Products\AFS_AFM60S_Pro\images\AFS60S-S1SL262144.jpg (33.3 KB, 500x500)
__RESULT__["C:\\Users\\Admin\\Desktop\\New folder\\SICK_Products\\AFS_AFM60S_Pro\\images\\AFS60S-S1SL262144.jpg"]
 -> AFS60S-S1SL262144.xlsx
  [42/944] p549143 ...C:\Users\Admin\Desktop\New folder\SICK_Products\AFS_AFM60S_Pro\AFM60S-SFKL262144.xlsx
Saved: C:\Users\Admin\Desktop\New folder\SICK_Products\AFS_AFM60S_Pro\images\AFM60S-SFKL262144.jpg (33.3 KB, 500x500)
__RESULT__["C:\\Users\\Admin\\Desktop\\New folder\\SICK_Products\\AFS_AFM60S_Pro\\images\\AFM60S-SFKL262144.jpg"]
 -> AFM60S-SFKL262144.xlsx
  [43/944] p548769 ...C:\Users\Admin\Desktop\New folder\SICK_Products\AFS_AFM60S_Pro\AFS60S-TJSJ262144.xlsx
Saved: C:\Users\Admin\Desktop\New folder\SICK_Products\AFS_AFM60S_Pro\images\AFS60S-TJSJ262144.jpg (37.0 KB, 500x500)
__RESULT__["C:\\Users\\Admin\\Desktop\\New folder\\SICK_Products\\AFS_AFM60S_Pro\\images\\AFS60S-TJSJ262144.jpg"]
 -> AFS60S-TJSJ262144.xlsx
  [44/944] p548524 ...C:\Users\Admin\Desktop\New folder\SICK_Products\AFS_AFM60S_Pro\AFS60S-BESK262144.xlsx
Saved: C:\Users\Admin\Desktop\New folder\SICK_Products\AFS_AFM60S_Pro\images\AFS60S-BESK262144.jpg (37.0 KB, 500x500)
__RESULT__["C:\\Users\\Admin\\Desktop\\New folder\\SICK_Products\\AFS_AFM60S_Pro\\images\\AFS60S-BESK262144.jpg"]
 -> AFS60S-BESK262144.xlsx
  [45/944] p548929 ...C:\Users\Admin\Desktop\New folder\SICK_Products\AFS_AFM60S_Pro\AFS60S-SGSM262144.xlsx
Saved: C:\Users\Admin\Desktop\New folder\SICK_Products\AFS_AFM60S_Pro\images\AFS60S-SGSM262144.jpg (33.4 KB, 500x500)
__RESULT__["C:\\Users\\Admin\\Desktop\\New folder\\SICK_Products\\AFS_AFM60S_Pro\\images\\AFS60S-SGSM262144.jpg"]
 -> AFS60S-SGSM262144.xlsx
  [46/944] p548582 ...C:\Users\Admin\Desktop\New folder\SICK_Products\AFS_AFM60S_Pro\AFM60S-BHSM262144.xlsx
Saved: C:\Users\Admin\Desktop\New folder\SICK_Products\AFS_AFM60S_Pro\images\AFM60S-BHSM262144.jpg (37.0 KB, 500x500)
__RESULT__["C:\\Users\\Admin\\Desktop\\New folder\\SICK_Products\\AFS_AFM60S_Pro\\images\\AFM60S-BHSM262144.jpg"]
 -> AFM60S-BHSM262144.xlsx
  [47/944] p549248 ...C:\Users\Admin\Desktop\New folder\SICK_Products\AFS_AFM60S_Pro\AFS60S-S4KS262144.xlsx
Saved: C:\Users\Admin\Desktop\New folder\SICK_Products\AFS_AFM60S_Pro\images\AFS60S-S4KS262144.jpg (41.9 KB, 500x500)
__RESULT__["C:\\Users\\Admin\\Desktop\\New folder\\SICK_Products\\AFS_AFM60S_Pro\\images\\AFS60S-S4KS262144.jpg"]
 -> AFS60S-S4KS262144.xlsx
  [48/944] p548501 ...C:\Users\Admin\Desktop\New folder\SICK_Products\AFS_AFM60S_Pro\AFS60S-BDKN262144.xlsx
Saved: C:\Users\Admin\Desktop\New folder\SICK_Products\AFS_AFM60S_Pro\images\AFS60S-BDKN262144.jpg (37.0 KB, 500x500)
__RESULT__["C:\\Users\\Admin\\Desktop\\New folder\\SICK_Products\\AFS_AFM60S_Pro\\images\\AFS60S-BDKN262144.jpg"]
 -> AFS60S-BDKN262144.xlsx
  [49/944] p548618 ...C:\Users\Admin\Desktop\New folder\SICK_Products\AFS_AFM60S_Pro\AFS60S-TBSA262144.xlsx
Saved: C:\Users\Admin\Desktop\New folder\SICK_Products\AFS_AFM60S_Pro\images\AFS60S-TBSA262144.jpg (45.6 KB, 500x500)
__RESULT__["C:\\Users\\Admin\\Desktop\\New folder\\SICK_Products\\AFS_AFM60S_Pro\\images\\AFS60S-TBSA262144.jpg"]
 -> AFS60S-TBSA262144.xlsx
  [50/944] p548902 ...C:\Users\Admin\Desktop\New folder\SICK_Products\AFS_AFM60S_Pro\AFS60S-S1SJ262144.xlsx
Saved: C:\Users\Admin\Desktop\New folder\SICK_Products\AFS_AFM60S_Pro\images\AFS60S-S1SJ262144.jpg (33.3 KB, 500x500)
__RESULT__["C:\\Users\\Admin\\Desktop\\New folder\\SICK_Products\\AFS_AFM60S_Pro\\images\\AFS60S-S1SJ262144.jpg"]
 -> AFS60S-S1SJ262144.xlsx
  [51/944] p548606 ...C:\Users\Admin\Desktop\New folder\SICK_Products\AFS_AFM60S_Pro\AFS60S-TGKA262144.xlsx
Saved: C:\Users\Admin\Desktop\New folder\SICK_Products\AFS_AFM60S_Pro\images\AFS60S-TGKA262144.jpg (45.6 KB, 500x500)
__RESULT__["C:\\Users\\Admin\\Desktop\\New folder\\SICK_Products\\AFS_AFM60S_Pro\\images\\AFS60S-TGKA262144.jpg"]
 -> AFS60S-TGKA262144.xlsx
  [52/944] p548479 ...C:\Users\Admin\Desktop\New folder\SICK_Products\AFS_AFM60S_Pro\AFS60S-BHKM262144.xlsx
Saved: C:\Users\Admin\Desktop\New folder\SICK_Products\AFS_AFM60S_Pro\images\AFS60S-BHKM262144.jpg (37.0 KB, 500x500)
__RESULT__["C:\\Users\\Admin\\Desktop\\New folder\\SICK_Products\\AFS_AFM60S_Pro\\images\\AFS60S-BHKM262144.jpg"]
 -> AFS60S-BHKM262144.xlsx
  [53/944] p549138 ...C:\Users\Admin\Desktop\New folder\SICK_Products\AFS_AFM60S_Pro\AFM60S-S1KL262144.xlsx
Saved: C:\Users\Admin\Desktop\New folder\SICK_Products\AFS_AFM60S_Pro\images\AFM60S-S1KL262144.jpg (33.3 KB, 500x500)
__RESULT__["C:\\Users\\Admin\\Desktop\\New folder\\SICK_Products\\AFS_AFM60S_Pro\\images\\AFM60S-S1KL262144.jpg"]
 -> AFM60S-S1KL262144.xlsx
  [54/944] p549129 ...C:\Users\Admin\Desktop\New folder\SICK_Products\AFS_AFM60S_Pro\AFS60S-S1KM262144.xlsx
Saved: C:\Users\Admin\Desktop\New folder\SICK_Products\AFS_AFM60S_Pro\images\AFS60S-S1KM262144.jpg (33.3 KB, 500x500)
__RESULT__["C:\\Users\\Admin\\Desktop\\New folder\\SICK_Products\\AFS_AFM60S_Pro\\images\\AFS60S-S1KM262144.jpg"]
 -> AFS60S-S1KM262144.xlsx
  [55/944] p548998 ...C:\Users\Admin\Desktop\New folder\SICK_Products\AFS_AFM60S_Pro\AFM60S-SFSR262144.xlsx
Saved: C:\Users\Admin\Desktop\New folder\SICK_Products\AFS_AFM60S_Pro\images\AFM60S-SFSR262144.jpg (45.3 KB, 500x500)
__RESULT__["C:\\Users\\Admin\\Desktop\\New folder\\SICK_Products\\AFS_AFM60S_Pro\\images\\AFM60S-SFSR262144.jpg"]
 -> AFM60S-SFSR262144.xlsx
  [56/944] p548709 ...C:\Users\Admin\Desktop\New folder\SICK_Products\AFS_AFM60S_Pro\AFS60S-TDKM262144.xlsx
Saved: C:\Users\Admin\Desktop\New folder\SICK_Products\AFS_AFM60S_Pro\images\AFS60S-TDKM262144.jpg (37.0 KB, 500x500)
__RESULT__["C:\\Users\\Admin\\Desktop\\New folder\\SICK_Products\\AFS_AFM60S_Pro\\images\\AFS60S-TDKM262144.jpg"]
 -> AFS60S-TDKM262144.xlsx
  [57/944] p548480 ...C:\Users\Admin\Desktop\New folder\SICK_Products\AFS_AFM60S_Pro\AFS60S-BJKL262144.xlsx
Saved: C:\Users\Admin\Desktop\New folder\SICK_Products\AFS_AFM60S_Pro\images\AFS60S-BJKL262144.jpg (37.0 KB, 500x500)
__RESULT__["C:\\Users\\Admin\\Desktop\\New folder\\SICK_Products\\AFS_AFM60S_Pro\\images\\AFS60S-BJKL262144.jpg"]
 -> AFS60S-BJKL262144.xlsx
  [58/944] p548671 ...C:\Users\Admin\Desktop\New folder\SICK_Products\AFS_AFM60S_Pro\AFS60S-TBKK262144.xlsx
Saved: C:\Users\Admin\Desktop\New folder\SICK_Products\AFS_AFM60S_Pro\images\AFS60S-TBKK262144.jpg (37.0 KB, 500x500)
__RESULT__["C:\\Users\\Admin\\Desktop\\New folder\\SICK_Products\\AFS_AFM60S_Pro\\images\\AFS60S-TBKK262144.jpg"]
 -> AFS60S-TBKK262144.xlsx
  [59/944] p548666 ...C:\Users\Admin\Desktop\New folder\SICK_Products\AFS_AFM60S_Pro\AFM60S-TGSC262144.xlsx
Saved: C:\Users\Admin\Desktop\New folder\SICK_Products\AFS_AFM60S_Pro\images\AFM60S-TGSC262144.jpg (46.0 KB, 500x500)
__RESULT__["C:\\Users\\Admin\\Desktop\\New folder\\SICK_Products\\AFS_AFM60S_Pro\\images\\AFM60S-TGSC262144.jpg"]
 -> AFM60S-TGSC262144.xlsx
  [60/944] p548806 ...C:\Users\Admin\Desktop\New folder\SICK_Products\AFS_AFM60S_Pro\AFM60S-TASM262144.xlsx
Saved: C:\Users\Admin\Desktop\New folder\SICK_Products\AFS_AFM60S_Pro\images\AFM60S-TASM262144.jpg (37.0 KB, 500x500)
__RESULT__["C:\\Users\\Admin\\Desktop\\New folder\\SICK_Products\\AFS_AFM60S_Pro\\images\\AFM60S-TASM262144.jpg"]
 -> AFM60S-TASM262144.xlsx
  [61/944] p548502 ...C:\Users\Admin\Desktop\New folder\SICK_Products\AFS_AFM60S_Pro\AFS60S-BEKN262144.xlsx
Saved: C:\Users\Admin\Desktop\New folder\SICK_Products\AFS_AFM60S_Pro\images\AFS60S-BEKN262144.jpg (37.0 KB, 500x500)
__RESULT__["C:\\Users\\Admin\\Desktop\\New folder\\SICK_Products\\AFS_AFM60S_Pro\\images\\AFS60S-BEKN262144.jpg"]
 -> AFS60S-BEKN262144.xlsx
  [62/944] p549089 ...C:\Users\Admin\Desktop\New folder\SICK_Products\AFS_AFM60S_Pro\AFM60S-SHKC262144.xlsx
Saved: C:\Users\Admin\Desktop\New folder\SICK_Products\AFS_AFM60S_Pro\images\AFM60S-SHKC262144.jpg (45.6 KB, 500x500)
__RESULT__["C:\\Users\\Admin\\Desktop\\New folder\\SICK_Products\\AFS_AFM60S_Pro\\images\\AFM60S-SHKC262144.jpg"]
 -> AFM60S-SHKC262144.xlsx
  [63/944] p548581 ...C:\Users\Admin\Desktop\New folder\SICK_Products\AFS_AFM60S_Pro\AFM60S-BHSL262144.xlsx
Saved: C:\Users\Admin\Desktop\New folder\SICK_Products\AFS_AFM60S_Pro\images\AFM60S-BHSL262144.jpg (37.0 KB, 500x500)
__RESULT__["C:\\Users\\Admin\\Desktop\\New folder\\SICK_Products\\AFS_AFM60S_Pro\\images\\AFM60S-BHSL262144.jpg"]
 -> AFM60S-BHSL262144.xlsx
  [64/944] p549001 ...C:\Users\Admin\Desktop\New folder\SICK_Products\AFS_AFM60S_Pro\AFM60S-SFSU262144.xlsx
Saved: C:\Users\Admin\Desktop\New folder\SICK_Products\AFS_AFM60S_Pro\images\AFM60S-SFSU262144.jpg (45.3 KB, 500x500)
__RESULT__["C:\\Users\\Admin\\Desktop\\New folder\\SICK_Products\\AFS_AFM60S_Pro\\images\\AFM60S-SFSU262144.jpg"]
 -> AFM60S-SFSU262144.xlsx
  [65/944] p548681 ...C:\Users\Admin\Desktop\New folder\SICK_Products\AFS_AFM60S_Pro\AFS60S-TGKK262144.xlsx
Saved: C:\Users\Admin\Desktop\New folder\SICK_Products\AFS_AFM60S_Pro\images\AFS60S-TGKK262144.jpg (37.0 KB, 500x500)
__RESULT__["C:\\Users\\Admin\\Desktop\\New folder\\SICK_Products\\AFS_AFM60S_Pro\\images\\AFS60S-TGKK262144.jpg"]
 -> AFS60S-TGKK262144.xlsx
  [66/944] p549083 ...C:\Users\Admin\Desktop\New folder\SICK_Products\AFS_AFM60S_Pro\AFS60S-SGKC262144.xlsx
Saved: C:\Users\Admin\Desktop\New folder\SICK_Products\AFS_AFM60S_Pro\images\AFS60S-SGKC262144.jpg (50.5 KB, 500x500)
__RESULT__["C:\\Users\\Admin\\Desktop\\New folder\\SICK_Products\\AFS_AFM60S_Pro\\images\\AFS60S-SGKC262144.jpg"]
 -> AFS60S-SGKC262144.xlsx
  [67/944] p549052 ...C:\Users\Admin\Desktop\New folder\SICK_Products\AFS_AFM60S_Pro\AFS60S-SJSI262144.xlsx
Saved: C:\Users\Admin\Desktop\New folder\SICK_Products\AFS_AFM60S_Pro\images\AFS60S-SJSI262144.jpg (52.3 KB, 500x500)
__RESULT__["C:\\Users\\Admin\\Desktop\\New folder\\SICK_Products\\AFS_AFM60S_Pro\\images\\AFS60S-SJSI262144.jpg"]
 -> AFS60S-SJSI262144.xlsx
  [68/944] p548926 ...C:\Users\Admin\Desktop\New folder\SICK_Products\AFS_AFM60S_Pro\AFS60S-SGSJ262144.xlsx
Saved: C:\Users\Admin\Desktop\New folder\SICK_Products\AFS_AFM60S_Pro\images\AFS60S-SGSJ262144.jpg (33.4 KB, 500x500)
__RESULT__["C:\\Users\\Admin\\Desktop\\New folder\\SICK_Products\\AFS_AFM60S_Pro\\images\\AFS60S-SGSJ262144.jpg"]
 -> AFS60S-SGSJ262144.xlsx
  [69/944] p548421 ...C:\Users\Admin\Desktop\New folder\SICK_Products\AFS_AFM60S_Pro\AFS60S-BJKC262144.xlsx
Saved: C:\Users\Admin\Desktop\New folder\SICK_Products\AFS_AFM60S_Pro\images\AFS60S-BJKC262144.jpg (46.0 KB, 500x500)
__RESULT__["C:\\Users\\Admin\\Desktop\\New folder\\SICK_Products\\AFS_AFM60S_Pro\\images\\AFS60S-BJKC262144.jpg"]
 -> AFS60S-BJKC262144.xlsx
  [70/944] p548990 ...C:\Users\Admin\Desktop\New folder\SICK_Products\AFS_AFM60S_Pro\AFS60S-SFST262144.xlsx
Saved: C:\Users\Admin\Desktop\New folder\SICK_Products\AFS_AFM60S_Pro\images\AFS60S-SFST262144.jpg (45.3 KB, 500x500)
__RESULT__["C:\\Users\\Admin\\Desktop\\New folder\\SICK_Products\\AFS_AFM60S_Pro\\images\\AFS60S-SFST262144.jpg"]
 -> AFS60S-SFST262144.xlsx
  [71/944] p548763 ...C:\Users\Admin\Desktop\New folder\SICK_Products\AFS_AFM60S_Pro\AFS60S-TFSJ262144.xlsx
Saved: C:\Users\Admin\Desktop\New folder\SICK_Products\AFS_AFM60S_Pro\images\AFS60S-TFSJ262144.jpg (37.0 KB, 500x500)
__RESULT__["C:\\Users\\Admin\\Desktop\\New folder\\SICK_Products\\AFS_AFM60S_Pro\\images\\AFS60S-TFSJ262144.jpg"]
 -> AFS60S-TFSJ262144.xlsx
  [72/944] p548818 ...C:\Users\Admin\Desktop\New folder\SICK_Products\AFS_AFM60S_Pro\AFM60S-TGSM262144.xlsx
Saved: C:\Users\Admin\Desktop\New folder\SICK_Products\AFS_AFM60S_Pro\images\AFM60S-TGSM262144.jpg (37.0 KB, 500x500)
__RESULT__["C:\\Users\\Admin\\Desktop\\New folder\\SICK_Products\\AFS_AFM60S_Pro\\images\\AFM60S-TGSM262144.jpg"]
 -> AFM60S-TGSM262144.xlsx
  [73/944] p548468 ...C:\Users\Admin\Desktop\New folder\SICK_Products\AFS_AFM60S_Pro\AFS60S-BCKL262144.xlsx
Saved: C:\Users\Admin\Desktop\New folder\SICK_Products\AFS_AFM60S_Pro\images\AFS60S-BCKL262144.jpg (37.0 KB, 500x500)
__RESULT__["C:\\Users\\Admin\\Desktop\\New folder\\SICK_Products\\AFS_AFM60S_Pro\\images\\AFS60S-BCKL262144.jpg"]
 -> AFS60S-BCKL262144.xlsx
  [74/944] p660067 ...C:\Users\Admin\Desktop\New folder\SICK_Products\AFS_AFM60S_Pro\AFM60S-TEKC004096.xlsx
Saved: C:\Users\Admin\Desktop\New folder\SICK_Products\AFS_AFM60S_Pro\images\AFM60S-TEKC004096.jpg (46.0 KB, 500x500)
__RESULT__["C:\\Users\\Admin\\Desktop\\New folder\\SICK_Products\\AFS_AFM60S_Pro\\images\\AFM60S-TEKC004096.jpg"]
 -> AFM60S-TEKC004096.xlsx
  [75/944] p549126 ...C:\Users\Admin\Desktop\New folder\SICK_Products\AFS_AFM60S_Pro\AFS60S-S1KJ262144.xlsx
Saved: C:\Users\Admin\Desktop\New folder\SICK_Products\AFS_AFM60S_Pro\images\AFS60S-S1KJ262144.jpg (33.3 KB, 500x500)
__RESULT__["C:\\Users\\Admin\\Desktop\\New folder\\SICK_Products\\AFS_AFM60S_Pro\\images\\AFS60S-S1KJ262144.jpg"]
 -> AFS60S-S1KJ262144.xlsx
  [76/944] p548923 ...C:\Users\Admin\Desktop\New folder\SICK_Products\AFS_AFM60S_Pro\AFS60S-SDSK262144.xlsx
Saved: C:\Users\Admin\Desktop\New folder\SICK_Products\AFS_AFM60S_Pro\images\AFS60S-SDSK262144.jpg (33.4 KB, 500x500)
__RESULT__["C:\\Users\\Admin\\Desktop\\New folder\\SICK_Products\\AFS_AFM60S_Pro\\images\\AFS60S-SDSK262144.jpg"]
 -> AFS60S-SDSK262144.xlsx
  [77/944] p548741 ...C:\Users\Admin\Desktop\New folder\SICK_Products\AFS_AFM60S_Pro\AFS60S-TFKN262144.xlsx
Saved: C:\Users\Admin\Desktop\New folder\SICK_Products\AFS_AFM60S_Pro\images\AFS60S-TFKN262144.jpg (37.0 KB, 500x500)
__RESULT__["C:\\Users\\Admin\\Desktop\\New folder\\SICK_Products\\AFS_AFM60S_Pro\\images\\AFS60S-TFKN262144.jpg"]
 -> AFS60S-TFKN262144.xlsx
  [78/944] p548866 ...C:\Users\Admin\Desktop\New folder\SICK_Products\AFS_AFM60S_Pro\AFS60S-SESC262144.xlsx
Saved: C:\Users\Admin\Desktop\New folder\SICK_Products\AFS_AFM60S_Pro\images\AFS60S-SESC262144.jpg (47.1 KB, 500x500)
__RESULT__["C:\\Users\\Admin\\Desktop\\New folder\\SICK_Products\\AFS_AFM60S_Pro\\images\\AFS60S-SESC262144.jpg"]
 -> AFS60S-SESC262144.xlsx
  [79/944] p548653 ...C:\Users\Admin\Desktop\New folder\SICK_Products\AFS_AFM60S_Pro\AFS60S-TCSC262144.xlsx
Saved: C:\Users\Admin\Desktop\New folder\SICK_Products\AFS_AFM60S_Pro\images\AFS60S-TCSC262144.jpg (46.0 KB, 500x500)
__RESULT__["C:\\Users\\Admin\\Desktop\\New folder\\SICK_Products\\AFS_AFM60S_Pro\\images\\AFS60S-TCSC262144.jpg"]
 -> AFS60S-TCSC262144.xlsx
  [80/944] p549244 ...C:\Users\Admin\Desktop\New folder\SICK_Products\AFS_AFM60S_Pro\AFM60S-SGKT262144.xlsx
Saved: C:\Users\Admin\Desktop\New folder\SICK_Products\AFS_AFM60S_Pro\images\AFM60S-SGKT262144.jpg (58.9 KB, 500x500)
__RESULT__["C:\\Users\\Admin\\Desktop\\New folder\\SICK_Products\\AFS_AFM60S_Pro\\images\\AFM60S-SGKT262144.jpg"]
 -> AFM60S-SGKT262144.xlsx
  [81/944] p549091 ...C:\Users\Admin\Desktop\New folder\SICK_Products\AFS_AFM60S_Pro\AFM60S-SEKC262144.xlsx
Saved: C:\Users\Admin\Desktop\New folder\SICK_Products\AFS_AFM60S_Pro\images\AFM60S-SEKC262144.jpg (47.1 KB, 500x500)
__RESULT__["C:\\Users\\Admin\\Desktop\\New folder\\SICK_Products\\AFS_AFM60S_Pro\\images\\AFM60S-SEKC262144.jpg"]
 -> AFM60S-SEKC262144.xlsx
  [82/944] p548667 ...C:\Users\Admin\Desktop\New folder\SICK_Products\AFS_AFM60S_Pro\AFM60S-THSC262144.xlsx
Saved: C:\Users\Admin\Desktop\New folder\SICK_Products\AFS_AFM60S_Pro\images\AFM60S-THSC262144.jpg (46.0 KB, 500x500)
__RESULT__["C:\\Users\\Admin\\Desktop\\New folder\\SICK_Products\\AFS_AFM60S_Pro\\images\\AFM60S-THSC262144.jpg"]
 -> AFM60S-THSC262144.xlsx
  [83/944] p548628 ...C:\Users\Admin\Desktop\New folder\SICK_Products\AFS_AFM60S_Pro\AFM60S-TCSA262144.xlsx
Saved: C:\Users\Admin\Desktop\New folder\SICK_Products\AFS_AFM60S_Pro\images\AFM60S-TCSA262144.jpg (45.6 KB, 500x500)
__RESULT__["C:\\Users\\Admin\\Desktop\\New folder\\SICK_Products\\AFS_AFM60S_Pro\\images\\AFM60S-TCSA262144.jpg"]
 -> AFM60S-TCSA262144.xlsx
  [84/944] p548427 ...C:\Users\Admin\Desktop\New folder\SICK_Products\AFS_AFM60S_Pro\AFS60S-BFKC262144.xlsx
Saved: C:\Users\Admin\Desktop\New folder\SICK_Products\AFS_AFM60S_Pro\images\AFS60S-BFKC262144.jpg (46.0 KB, 500x500)
__RESULT__["C:\\Users\\Admin\\Desktop\\New folder\\SICK_Products\\AFS_AFM60S_Pro\\images\\AFS60S-BFKC262144.jpg"]
 -> AFS60S-BFKC262144.xlsx
  [85/944] p548434 ...C:\Users\Admin\Desktop\New folder\SICK_Products\AFS_AFM60S_Pro\AFS60S-BCKJ262144.xlsx
Saved: C:\Users\Admin\Desktop\New folder\SICK_Products\AFS_AFM60S_Pro\images\AFS60S-BCKJ262144.jpg (37.0 KB, 500x500)
__RESULT__["C:\\Users\\Admin\\Desktop\\New folder\\SICK_Products\\AFS_AFM60S_Pro\\images\\AFS60S-BCKJ262144.jpg"]
 -> AFS60S-BCKJ262144.xlsx
  [86/944] p548829 ...C:\Users\Admin\Desktop\New folder\SICK_Products\AFS_AFM60S_Pro\AFS60S-TJSN262144.xlsx
Saved: C:\Users\Admin\Desktop\New folder\SICK_Products\AFS_AFM60S_Pro\images\AFS60S-TJSN262144.jpg (37.0 KB, 500x500)
__RESULT__["C:\\Users\\Admin\\Desktop\\New folder\\SICK_Products\\AFS_AFM60S_Pro\\images\\AFS60S-TJSN262144.jpg"]
 -> AFS60S-TJSN262144.xlsx
  [87/944] p549029 ...C:\Users\Admin\Desktop\New folder\SICK_Products\AFS_AFM60S_Pro\AFM60S-S4SS262144.xlsx
Saved: C:\Users\Admin\Desktop\New folder\SICK_Products\AFS_AFM60S_Pro\images\AFM60S-S4SS262144.jpg (41.9 KB, 500x500)
__RESULT__["C:\\Users\\Admin\\Desktop\\New folder\\SICK_Products\\AFS_AFM60S_Pro\\images\\AFM60S-S4SS262144.jpg"]
 -> AFM60S-S4SS262144.xlsx
  [88/944] p548409 ...C:\Users\Admin\Desktop\New folder\SICK_Products\AFS_AFM60S_Pro\AFM60S-BESC262144.xlsx
Saved: C:\Users\Admin\Desktop\New folder\SICK_Products\AFS_AFM60S_Pro\images\AFM60S-BESC262144.jpg (46.0 KB, 500x500)
__RESULT__["C:\\Users\\Admin\\Desktop\\New folder\\SICK_Products\\AFS_AFM60S_Pro\\images\\AFM60S-BESC262144.jpg"]
 -> AFM60S-BESC262144.xlsx
  [89/944] p548935 ...C:\Users\Admin\Desktop\New folder\SICK_Products\AFS_AFM60S_Pro\AFM60S-SGSK262144.xlsx
Saved: C:\Users\Admin\Desktop\New folder\SICK_Products\AFS_AFM60S_Pro\images\AFM60S-SGSK262144.jpg (33.4 KB, 500x500)
__RESULT__["C:\\Users\\Admin\\Desktop\\New folder\\SICK_Products\\AFS_AFM60S_Pro\\images\\AFM60S-SGSK262144.jpg"]
 -> AFM60S-SGSK262144.xlsx
  [90/944] p549015 ...C:\Users\Admin\Desktop\New folder\SICK_Products\AFS_AFM60S_Pro\AFM60S-SDST262144.xlsx
Saved: C:\Users\Admin\Desktop\New folder\SICK_Products\AFS_AFM60S_Pro\images\AFM60S-SDST262144.jpg (58.9 KB, 500x500)
__RESULT__["C:\\Users\\Admin\\Desktop\\New folder\\SICK_Products\\AFS_AFM60S_Pro\\images\\AFM60S-SDST262144.jpg"]
 -> AFM60S-SDST262144.xlsx
  [91/944] p548803 ...C:\Users\Admin\Desktop\New folder\SICK_Products\AFS_AFM60S_Pro\AFS60S-TJSL262144.xlsx
Saved: C:\Users\Admin\Desktop\New folder\SICK_Products\AFS_AFM60S_Pro\images\AFS60S-TJSL262144.jpg (37.0 KB, 500x500)
__RESULT__["C:\\Users\\Admin\\Desktop\\New folder\\SICK_Products\\AFS_AFM60S_Pro\\images\\AFS60S-TJSL262144.jpg"]
 -> AFS60S-TJSL262144.xlsx
  [92/944] p548770 ...C:\Users\Admin\Desktop\New folder\SICK_Products\AFS_AFM60S_Pro\AFS60S-TJSK262144.xlsx
Saved: C:\Users\Admin\Desktop\New folder\SICK_Products\AFS_AFM60S_Pro\images\AFS60S-TJSK262144.jpg (37.0 KB, 500x500)
__RESULT__["C:\\Users\\Admin\\Desktop\\New folder\\SICK_Products\\AFS_AFM60S_Pro\\images\\AFS60S-TJSK262144.jpg"]
 -> AFS60S-TJSK262144.xlsx
  [93/944] p548778 ...C:\Users\Admin\Desktop\New folder\SICK_Products\AFS_AFM60S_Pro\AFM60S-TDSK262144.xlsx
Saved: C:\Users\Admin\Desktop\New folder\SICK_Products\AFS_AFM60S_Pro\images\AFM60S-TDSK262144.jpg (37.0 KB, 500x500)
__RESULT__["C:\\Users\\Admin\\Desktop\\New folder\\SICK_Products\\AFS_AFM60S_Pro\\images\\AFM60S-TDSK262144.jpg"]
 -> AFM60S-TDSK262144.xlsx
  [94/944] p548782 ...C:\Users\Admin\Desktop\New folder\SICK_Products\AFS_AFM60S_Pro\AFM60S-TFSK262144.xlsx
Saved: C:\Users\Admin\Desktop\New folder\SICK_Products\AFS_AFM60S_Pro\images\AFM60S-TFSK262144.jpg (37.0 KB, 500x500)
__RESULT__["C:\\Users\\Admin\\Desktop\\New folder\\SICK_Products\\AFS_AFM60S_Pro\\images\\AFM60S-TFSK262144.jpg"]
 -> AFM60S-TFSK262144.xlsx
  [95/944] p548470 ...C:\Users\Admin\Desktop\New folder\SICK_Products\AFS_AFM60S_Pro\AFS60S-BDKL262144.xlsx
Saved: C:\Users\Admin\Desktop\New folder\SICK_Products\AFS_AFM60S_Pro\images\AFS60S-BDKL262144.jpg (37.0 KB, 500x500)
__RESULT__["C:\\Users\\Admin\\Desktop\\New folder\\SICK_Products\\AFS_AFM60S_Pro\\images\\AFS60S-BDKL262144.jpg"]
 -> AFS60S-BDKL262144.xlsx
  [96/944] p548506 ...C:\Users\Admin\Desktop\New folder\SICK_Products\AFS_AFM60S_Pro\AFS60S-BJKN262144.xlsx
Saved: C:\Users\Admin\Desktop\New folder\SICK_Products\AFS_AFM60S_Pro\images\AFS60S-BJKN262144.jpg (37.0 KB, 500x500)
__RESULT__["C:\\Users\\Admin\\Desktop\\New folder\\SICK_Products\\AFS_AFM60S_Pro\\images\\AFS60S-BJKN262144.jpg"]
 -> AFS60S-BJKN262144.xlsx
  [97/944] p548380 ...C:\Users\Admin\Desktop\New folder\SICK_Products\AFS_AFM60S_Pro\AFS60S-BBSA262144.xlsx
Saved: C:\Users\Admin\Desktop\New folder\SICK_Products\AFS_AFM60S_Pro\images\AFS60S-BBSA262144.jpg (45.6 KB, 500x500)
__RESULT__["C:\\Users\\Admin\\Desktop\\New folder\\SICK_Products\\AFS_AFM60S_Pro\\images\\AFS60S-BBSA262144.jpg"]
 -> AFS60S-BBSA262144.xlsx
  [98/944] p549250 ...C:\Users\Admin\Desktop\New folder\SICK_Products\AFS_AFM60S_Pro\AFS60S-S4KU262144.xlsx
Saved: C:\Users\Admin\Desktop\New folder\SICK_Products\AFS_AFM60S_Pro\images\AFS60S-S4KU262144.jpg (41.9 KB, 500x500)
__RESULT__["C:\\Users\\Admin\\Desktop\\New folder\\SICK_Products\\AFS_AFM60S_Pro\\images\\AFS60S-S4KU262144.jpg"]
 -> AFS60S-S4KU262144.xlsx
  [99/944] p548796 ...C:\Users\Admin\Desktop\New folder\SICK_Products\AFS_AFM60S_Pro\AFS60S-TESM262144.xlsx
Saved: C:\Users\Admin\Desktop\New folder\SICK_Products\AFS_AFM60S_Pro\images\AFS60S-TESM262144.jpg (37.0 KB, 500x500)
__RESULT__["C:\\Users\\Admin\\Desktop\\New folder\\SICK_Products\\AFS_AFM60S_Pro\\images\\AFS60S-TESM262144.jpg"]
 -> AFS60S-TESM262144.xlsx
  [100/944] p549031 ...C:\Users\Admin\Desktop\New folder\SICK_Products\AFS_AFM60S_Pro\AFM60S-S4SU262144.xlsx
Saved: C:\Users\Admin\Desktop\New folder\SICK_Products\AFS_AFM60S_Pro\images\AFM60S-S4SU262144.jpg (41.9 KB, 500x500)
__RESULT__["C:\\Users\\Admin\\Desktop\\New folder\\SICK_Products\\AFS_AFM60S_Pro\\images\\AFM60S-S4SU262144.jpg"]
 -> AFM60S-S4SU262144.xlsx
  [101/944] p549011 ...C:\Users\Admin\Desktop\New folder\SICK_Products\AFS_AFM60S_Pro\AFS60S-SGSU262144.xlsx
Saved: C:\Users\Admin\Desktop\New folder\SICK_Products\AFS_AFM60S_Pro\images\AFS60S-SGSU262144.jpg (58.9 KB, 500x500)
__RESULT__["C:\\Users\\Admin\\Desktop\\New folder\\SICK_Products\\AFS_AFM60S_Pro\\images\\AFS60S-SGSU262144.jpg"]
 -> AFS60S-SGSU262144.xlsx
  [102/944] p548879 ...C:\Users\Admin\Desktop\New folder\SICK_Products\AFS_AFM60S_Pro\AFM60S-S4SD262144.xlsx
Saved: C:\Users\Admin\Desktop\New folder\SICK_Products\AFS_AFM60S_Pro\images\AFM60S-S4SD262144.jpg (41.9 KB, 500x500)
__RESULT__["C:\\Users\\Admin\\Desktop\\New folder\\SICK_Products\\AFS_AFM60S_Pro\\images\\AFM60S-S4SD262144.jpg"]
 -> AFM60S-S4SD262144.xlsx
  [103/944] p548483 ...C:\Users\Admin\Desktop\New folder\SICK_Products\AFS_AFM60S_Pro\AFM60S-BAKM262144.xlsx
Saved: C:\Users\Admin\Desktop\New folder\SICK_Products\AFS_AFM60S_Pro\images\AFM60S-BAKM262144.jpg (37.0 KB, 500x500)
__RESULT__["C:\\Users\\Admin\\Desktop\\New folder\\SICK_Products\\AFS_AFM60S_Pro\\images\\AFM60S-BAKM262144.jpg"]
 -> AFM60S-BAKM262144.xlsx
  [104/944] p548572 ...C:\Users\Admin\Desktop\New folder\SICK_Products\AFS_AFM60S_Pro\AFM60S-BCSM262144.xlsx
Saved: C:\Users\Admin\Desktop\New folder\SICK_Products\AFS_AFM60S_Pro\images\AFM60S-BCSM262144.jpg (37.0 KB, 500x500)
__RESULT__["C:\\Users\\Admin\\Desktop\\New folder\\SICK_Products\\AFS_AFM60S_Pro\\images\\AFM60S-BCSM262144.jpg"]
 -> AFM60S-BCSM262144.xlsx
  [105/944] p548832 ...C:\Users\Admin\Desktop\New folder\SICK_Products\AFS_AFM60S_Pro\AFM60S-TCSN262144.xlsx
Saved: C:\Users\Admin\Desktop\New folder\SICK_Products\AFS_AFM60S_Pro\images\AFM60S-TCSN262144.jpg (37.0 KB, 500x500)
__RESULT__["C:\\Users\\Admin\\Desktop\\New folder\\SICK_Products\\AFS_AFM60S_Pro\\images\\AFM60S-TCSN262144.jpg"]
 -> AFM60S-TCSN262144.xlsx
  [106/944] p548752 ...C:\Users\Admin\Desktop\New folder\SICK_Products\AFS_AFM60S_Pro\AFM60S-THKN262144.xlsx
Saved: C:\Users\Admin\Desktop\New folder\SICK_Products\AFS_AFM60S_Pro\images\AFM60S-THKN262144.jpg (37.0 KB, 500x500)
__RESULT__["C:\\Users\\Admin\\Desktop\\New folder\\SICK_Products\\AFS_AFM60S_Pro\\images\\AFM60S-THKN262144.jpg"]
 -> AFM60S-THKN262144.xlsx
  [107/944] p548748 ...C:\Users\Admin\Desktop\New folder\SICK_Products\AFS_AFM60S_Pro\AFM60S-TDKN262144.xlsx
Saved: C:\Users\Admin\Desktop\New folder\SICK_Products\AFS_AFM60S_Pro\images\AFM60S-TDKN262144.jpg (37.0 KB, 500x500)
__RESULT__["C:\\Users\\Admin\\Desktop\\New folder\\SICK_Products\\AFS_AFM60S_Pro\\images\\AFM60S-TDKN262144.jpg"]
 -> AFM60S-TDKN262144.xlsx
  [108/944] p548664 ...C:\Users\Admin\Desktop\New folder\SICK_Products\AFS_AFM60S_Pro\AFM60S-TESC262144.xlsx
Saved: C:\Users\Admin\Desktop\New folder\SICK_Products\AFS_AFM60S_Pro\images\AFM60S-TESC262144.jpg (46.0 KB, 500x500)
__RESULT__["C:\\Users\\Admin\\Desktop\\New folder\\SICK_Products\\AFS_AFM60S_Pro\\images\\AFM60S-TESC262144.jpg"]
 -> AFM60S-TESC262144.xlsx
  [109/944] p548986 ...C:\Users\Admin\Desktop\New folder\SICK_Products\AFS_AFM60S_Pro\AFS60S-S1SU262144.xlsx
Saved: C:\Users\Admin\Desktop\New folder\SICK_Products\AFS_AFM60S_Pro\images\AFS60S-S1SU262144.jpg (45.3 KB, 500x500)
__RESULT__["C:\\Users\\Admin\\Desktop\\New folder\\SICK_Products\\AFS_AFM60S_Pro\\images\\AFS60S-S1SU262144.jpg"]
 -> AFS60S-S1SU262144.xlsx
  [110/944] p549249 ...C:\Users\Admin\Desktop\New folder\SICK_Products\AFS_AFM60S_Pro\AFS60S-S4KT262144.xlsx
